target,mission,label,published_period,published_depth_ppm,published_duration_hr,mag
TIC 283722336,tess,transit,3.0929386,254.2319025,0.8776502,4.6278
TIC 136916387,tess,transit,11.5778362,217.3994918,3.8772499,5.0494
TIC 261136679,tess,transit,6.2678139,321.0,2.789,5.1054
TIC 332064670,tess,transit,0.7365463,384.6733121,1.5732208,5.2058
TIC 459978312,tess,false_positive,23.28798,120.0,3.462,5.28906
TIC 297967252,tess,false_positive,9.6837908,4965.2496516,1.6988586,5.5324
TIC 458856474,tess,false_positive,6.081043,15384.1717123,4.818249,5.666
TIC 188768068,tess,transit,2.1779407,110.0,2.098,5.8961
TIC 178155732,tess,transit,3.58529,180.0,2.495,5.9053
TIC 130181866,tess,transit,7.107934,501.6058242,3.440833,6.2683
TIC 198384408,tess,false_positive,9.1238101,283.324087,5.1188391,6.3196
TIC 397058826,tess,transit,6.8291029,815.4832965,9.8781473,6.33044
TIC 354006740,tess,false_positive,1.76406,870.0,3.086,6.4018
TIC 407966340,tess,transit,7.0491608,300.5227138,3.5024531,6.4386
TIC 87216634,tess,transit,12.9256051,790.0,1.691,6.5715
TIC 21832928,tess,transit,16.3413889,372.0970618,5.3764481,6.6813
TIC 397362481,tess,transit,6.2031608,210.8404349,1.5987379,6.7213
TIC 412961700,tess,false_positive,2.5183846,616.0227482,2.1596206,6.725
TIC 441420236,tess,transit,8.4536777,2872.2887525,3.5738006,6.755
TIC 224600500,tess,false_positive,0.6763235,30.1617977,4.916459,6.76754
TIC 317548889,tess,transit,6.8659582,334.0145589,3.455761,6.7799
TIC 374908020,tess,false_positive,36.22214,7170.0,5.107,6.841
TIC 256364928,tess,transit,2.2185748,25854.2144559,1.8233621,6.8481
TIC 233059608,tess,false_positive,1.4415044,547.3172736,0.9274524,6.895
TIC 82308728,tess,transit,9.4893231,940.0,2.757,6.9859
TIC 279741379,tess,transit,7.7897886,169.0703497,2.3434341,6.9934
TIC 20182165,tess,false_positive,9.7815625,20040.0,3.736,7.0166
TIC 200723869,tess,transit,18.3877081,1191.0283192,6.405153,7.0286
TIC 364107753,tess,false_positive,3.9043855,255.0,3.525,7.0514
TIC 394137592,tess,transit,11.535076,2389.90616,8.555958,7.1062
TIC 420814525,tess,transit,3.5247546,17803.0,2.958,7.1274
TIC 259863352,tess,false_positive,21.701669,211.6567325,8.2676424,7.1278
TIC 436873727,tess,transit,22.0933922,2633.6009111,5.4095076,7.1323
TIC 141663464,tess,false_positive,1.76447,2640.0,2.749,7.185
TIC 207084429,tess,false_positive,4.89577,360.0,2.478,7.1995
TIC 269450900,tess,false_positive,2.32439,2704.18,4.453,7.3163
TIC 55092869,tess,transit,4.7359232,2338.8745559,7.0819612,7.3212
TIC 441462736,tess,transit,14.2811731,762.9376583,8.571366,7.3566
TIC 22221375,tess,transit,3.9846589,445.0,2.146,7.3635
TIC 19451711,tess,false_positive,0.3969687,110.7179018,1.5006666,7.3645
TIC 290348383,tess,transit,6.441006,914.0,1.812,7.3661
TIC 403224672,tess,transit,1.0082361,228.0,1.41,7.384
KIC 5217733,kepler,variable,161.2529031,94008.0,24.3711,7.391
TIC 91987762,tess,transit,45.5221456,3028.5453279,4.3839392,7.4098
TIC 271478281,tess,transit,15.3419095,683.0,2.736,7.4259
TIC 138017750,tess,false_positive,2.4727425,2929.0,2.341,7.42812
TIC 263003176,tess,transit,14.3391387,363.2368496,4.2356531,7.4371
TIC 286923464,tess,transit,6.1349783,3860.0,5.661,7.4556
TIC 392681545,tess,transit,7.4903271,225.5988767,5.800713,7.4961
TIC 69679391,tess,transit,3.4741012,15748.0,3.317,7.55216
TIC 270238522,tess,false_positive,1.36991,1170.0,4.156,7.5586
TIC 451599528,tess,false_positive,341.2791676,8583.5584652,7.0132492,7.5622
TIC 16740101,tess,transit,1.4810903,6788.5145388,4.1588291,7.58204
TIC 264678534,tess,transit,16.2016817,885.0,2.792,7.5825
TIC 97700520,tess,false_positive,5.4255548,14939.6342222,3.9637474,7.6095
TIC 437011608,tess,transit,4.2403543,842.0,2.353,7.6253
TIC 255930614,tess,transit,2.8758831,3152.0,3.14,7.6262
TIC 302773669,tess,transit,21.216464,6499.0,3.045,7.6353
TIC 4897275,tess,transit,16.7100422,615.2873631,5.4004652,7.6474
TIC 47617038,tess,false_positive,3.3513304,400.0,2.739,7.6581
TIC 21535395,tess,transit,2.8009915,204.8553325,1.4985399,7.6586
TIC 359271092,tess,transit,7.5768334,289.0,2.073,7.66874
TIC 96246348,tess,false_positive,1.4095184,2841.5103258,0.9484999,7.678
TIC 143350972,tess,false_positive,1.0817,341.533,1.588,7.6818
TIC 69747919,tess,transit,9.9783319,179.2248456,4.2281711,7.7275
TIC 331484419,tess,false_positive,6.25656,875.0,3.509,7.74689
TIC 100990000,tess,transit,9.5730787,288.090893,3.3490357,7.757
TIC 464646604,tess,transit,7.7121208,728.4849109,2.4343481,7.7582
TIC 467651916,tess,transit,3.9813082,464.0,3.1,7.7746
TIC 202426247,tess,transit,1.0662082,151.0,1.142,7.7885
TIC 441546821,tess,transit,,6318.0730583,12.9674227,7.7897
TIC 75878355,tess,transit,95.8531625,5975.0,5.024,7.7945
TIC 375506058,tess,transit,2.650232,6449.0,2.03,7.79824
TIC 294090620,tess,false_positive,8.044239,4937.505363,5.3289306,7.81307
TIC 414870287,tess,false_positive,4.95898,230.232,1.831,7.8165
TIC 304142124,tess,transit,55.087,2509.0,5.709,7.8436
TIC 410214986,tess,transit,8.1382222,3852.0299874,3.2797025,7.8541
TIC 290131778,tess,transit,3.3088922,4736.0,6.114,7.87598
TIC 129979528,tess,transit,1.2198382,12160.1096043,2.8341804,7.87611
TIC 307809773,tess,transit,2.7694936,712.0,1.031,7.89863
KIC 4150611,kepler,eclipse,94.212787,55654.0,14.48,7.899
TIC 447283466,tess,false_positive,1.01606,240.0,2.843,7.9059
TIC 158241252,tess,transit,1.8498567,195.4102498,2.518276,7.9147
TIC 349827430,tess,transit,5.5514888,9493.0,4.335,7.9179
TIC 453211454,tess,transit,21.4003129,960.7539877,5.3847459,7.9259
TIC 305943739,tess,false_positive,5.3073459,200.0,3.714,7.948
TIC 391949880,tess,transit,4.9404714,455.0,1.954,7.9849
TIC 23434737,tess,transit,25.5195307,558.3758637,6.6877451,7.9995
TIC 34068865,tess,transit,0.3219233,204.0,0.199,8.031941
TIC 237184773,tess,false_positive,6.5011911,4501.3454064,5.5463587,8.0348
TIC 199376584,tess,transit,18.712253,6066.0,6.475,8.0417
TIC 371443216,tess,transit,2.8240691,8970.0,3.808,8.0552
TIC 418604868,tess,transit,15.6146058,467.1437307,5.8168055,8.0581
TIC 198457103,tess,false_positive,0.4721054,45.2185132,1.6995515,8.07023
TIC 354619337,tess,transit,2.1425095,7961.0,5.163,8.08821
TIC 320004517,tess,transit,17.4713078,1199.7541483,4.4284819,8.0888
TIC 385624852,tess,false_positive,8.30792,8350.0,3.228,8.0981
TIC 298073824,tess,false_positive,1.2273079,66.4147779,4.8114753,8.1033
TIC 286132427,tess,false_positive,0.493379,194.341058,1.5,8.1075
TIC 70513361,tess,transit,11.1452784,566.2736451,1.3947705,8.1345
TIC 333657795,tess,transit,0.9260632,221.0,1.035,8.1359
TIC 376866659,tess,transit,3.2527618,5247.3433342,4.4705283,8.14481
TIC 367366318,tess,transit,2.7347651,9209.0,3.205,8.14847
KIC 8738244,kepler,variable,0.683082998,143.3,4.409,8.163
TIC 31374837,tess,transit,0.4900589,291.0399722,1.0123328,8.1705
TIC 295354126,tess,false_positive,2.2778177,880.0,3.212,8.177301
TIC 207141131,tess,transit,4.1374403,1008.4447279,1.587497,8.1796
TIC 326919774,tess,false_positive,7.57193,420.0,2.656,8.19
TIC 54085154,tess,false_positive,1.0014437,416.0,1.28,8.2046
TIC 357416482,tess,false_positive,5.49826,12929.0,2.04,8.2057
TIC 459952217,tess,false_positive,73.580982,347.4450365,2.1441598,8.22109
TIC 97735908,tess,transit,4.1137862,5739.0,5.235,8.22398
KIC 3632418,kepler,transit,2.785821236,68.9,3.5599,8.224
TIC 131979339,tess,false_positive,22.6384642,4982.0,4.988,8.2268
TIC 219751469,tess,false_positive,6.98301,270.0,3.472,8.2285
TIC 259701242,tess,false_positive,2.4854887,190.9708134,2.5647259,8.235
TIC 325172035,tess,false_positive,2.8970202,3080.9239308,4.1502336,8.2376
TIC 459942762,tess,false_positive,0.58644,443.281,1.441,8.2482
TIC 271900960,tess,false_positive,13.45913,2579.32,3.428,8.2606
TIC 120269103,tess,false_positive,20.4276727,2988.5020776,5.1878327,8.26522
TIC 256886630,tess,false_positive,2.03905,430.0,2.26,8.26618
TIC 39903405,tess,transit,5.633477,5651.0,4.132,8.27468
TIC 49899799,tess,false_positive,7.0114,8970.0,4.8,8.28222
TIC 219857012,tess,transit,21.2690422,350.0,5.893,8.2865
TIC 37575651,tess,false_positive,9.5971977,600.5813487,2.9439152,8.2866
TIC 54464870,tess,false_positive,3.6944323,312.0,4.915,8.29254
TIC 269701147,tess,transit,28.580474,1081.396943,4.5139977,8.2929
TIC 283621618,tess,transit,3.1856488,4750.0,1.304,8.2942
TIC 318753380,tess,transit,15.6692322,1393.3814802,4.562853,8.2969
TIC 352413427,tess,transit,5.2544884,567.0,2.898,8.297
TIC 120896927,tess,transit,17.1796673,561.3005312,2.1061533,8.3157
TIC 183979262,tess,false_positive,3.4307565,9664.2985634,3.1443388,8.3291
TIC 408618999,tess,transit,7.0731057,439.0,3.819,8.3302
TIC 23113034,tess,false_positive,1.7134571,355.0,1.433,8.3482
TIC 307958020,tess,transit,271.938639,483.1688883,11.1292466,8.3498
TIC 372913430,tess,false_positive,6.7391601,3040.0,2.537,8.3502
KIC 3644542,kepler,eclipse,119.67980316,299046.0,32.1928,8.351
TIC 288391628,tess,false_positive,10.9278415,2743.0,2.468,8.36544
TIC 8967242,tess,transit,7.093853,284.2381135,2.5107626,8.3662
TIC 27491137,tess,transit,10.3563596,923.942127,3.4814933,8.3745
TIC 310483807,tess,false_positive,2.55555,397.9246747,1.566,8.3854
TIC 327017634,tess,false_positive,,878.134108,2.726775,8.386
TIC 293954617,tess,transit,7.4341456,701.0,2.424,8.3879
TIC 349488688,tess,transit,11.6207544,486.0090375,5.6290584,8.40302
TIC 138819293,tess,transit,2.6438856,6404.7051471,0.9689289,8.40346
TIC 367607434,tess,false_positive,8.2916,470.0,3.361,8.40348
TIC 21755546,tess,false_positive,0.660179,473.0939303,1.6349369,8.40386
TIC 26433869,tess,false_positive,1.0357235,480.0,1.366,8.4107
TIC 430677414,tess,false_positive,0.46741,1592.12,1.25,8.41718
TIC 327663613,tess,false_positive,1.41144,414.379,2.509,8.4215
TIC 387834907,tess,false_positive,12.64001,9458.38,6.893,8.4239
TIC 366989877,tess,transit,15.5077855,513.0,4.565,8.4362
TIC 329864959,tess,false_positive,4.52318,25109.1,5.099,8.437
TIC 139853601,tess,false_positive,0.6808702,1507.8006889,2.4634563,8.45086
TIC 39699648,tess,transit,6.5273884,415.430891,3.1190657,8.4594
TIC 366443426,tess,transit,15.5718552,380.0,4.931,8.4642
TIC 127315102,tess,false_positive,10.8458712,3120.0,3.379,8.4672
TIC 232540264,tess,transit,15.9234883,493.0,4.021,8.4724
TIC 120602501,tess,false_positive,14.8626982,8264.2193919,3.3250502,8.48216
TIC 309402106,tess,false_positive,216.24584,5045.1950681,1.0703729,8.488401
TIC 37749396,tess,transit,13.4758478,708.9461601,2.0643913,8.4991
TIC 350995812,tess,false_positive,2.97164,7350.0,1.534,8.5011
TIC 28230919,tess,transit,4.8878037,4279.0,2.184,8.5077
TIC 164173105,tess,transit,3.0726434,10471.4949697,2.2602485,8.51017
TIC 167009792,tess,false_positive,1.133052,104.3043949,1.3601919,8.5122
TIC 141663460,tess,false_positive,1.76442,8800.0,2.749,8.522
TIC 33153766,tess,false_positive,0.68831,3983.64,1.365,8.5234
TIC 9989136,tess,transit,6.1841688,1052.3509168,2.5898497,8.5446
TIC 88992642,tess,transit,10.2611329,1900.0,7.369,8.55942
TIC 83092282,tess,transit,6.4025295,3814.9508945,3.9233956,8.5615
TIC 56815340,tess,transit,9.5802888,354.2093066,3.1392827,8.56338
TIC 100504381,tess,false_positive,5.46278,2982.0,1.274,8.565
TIC 298663873,tess,transit,260.1740061,4747.959592,24.0527095,8.56854
TIC 306263608,tess,transit,20.7724316,1415.0,5.508,8.5725
TIC 350618622,tess,transit,52.9787392,6568.9620749,5.1293743,8.5822
TIC 339636032,tess,false_positive,6.8787507,359.0,2.599,8.5885
TIC 101011575,tess,transit,18.8792871,1199.0,3.262,8.5925
TIC 293708935,tess,false_positive,2.6855915,488.2401788,2.0491187,8.5941
TIC 308034948,tess,false_positive,0.831542,248.969585,1.985538,8.6014
TIC 404518509,tess,transit,25.1290153,465.0,4.271,8.6022
TIC 151759246,tess,transit,2.6282606,731.2082684,1.2408211,8.6133
TIC 368435330,tess,transit,3.6451549,780.0,2.055,8.6259
TIC 341444900,tess,false_positive,9.0330414,227.0,5.965,8.629
TIC 160268701,tess,false_positive,11.2071839,3276.0,4.366,8.63287
TIC 373424049,tess,false_positive,0.961917,363.5801833,2.378514,8.6333
TIC 17416749,tess,false_positive,2.34483,370.0,1.417,8.63532
TIC 275501623,tess,false_positive,1.67346,390.0,2.54,8.63701
TIC 284450803,tess,false_positive,3.3686634,3288.0,3.012,8.64028
TIC 70887357,tess,false_positive,723.8345008,3119.2983693,7.382946,8.64807
TIC 440887364,tess,transit,8.5954792,1140.0,2.47,8.6486
TIC 260647166,tess,transit,3.79589,317.5272928,2.4602856,8.6522
TIC 437856897,tess,transit,7.2455997,1106.0,2.734,8.6554
TIC 275111900,tess,false_positive,8.0428575,18730.0,9.504,8.6746
TIC 154867950,tess,false_positive,0.6664948,260.0,1.38,8.68013
TIC 335630746,tess,transit,4.6336155,7660.0,3.557,8.69009
TIC 198356533,tess,transit,18.840891,331.0,5.765,8.69378
TIC 293853437,tess,transit,8.7179665,2420.0,6.143,8.69437
TIC 431148743,tess,false_positive,2.6277641,490.0,2.997,8.706101
TIC 144441148,tess,false_positive,5.8182239,1069.5709916,1.1943658,8.70842
TIC 449197831,tess,transit,3.7369689,310.4978088,1.9917422,8.71008
TIC 459903429,tess,false_positive,8.13664,840.0,2.084,8.71289
TIC 90544017,tess,false_positive,3.2235985,680.0,2.159,8.7157
TIC 239372503,tess,false_positive,0.8560277,247.0,1.587,8.716291
KIC 6278762,kepler,transit,7.74347801,77.8,2.7878,8.717
TIC 360630575,tess,transit,9.188506,460.0,2.492,8.7215
TIC 239332587,tess,transit,0.9263237,952.0,0.81,8.72762
TIC 440100539,tess,false_positive,12.6017,800.0,4.835,8.7282
TIC 47384844,tess,false_positive,3.09574,380.0,4.475,8.72924
TIC 260043723,tess,false_positive,3.1385856,505.3163401,3.4594079,8.735
TIC 29191624,tess,transit,14.6503935,330.0,2.08,8.737001
TIC 413248763,tess,transit,3.9306027,1048.0,1.196,8.74094
TIC 160074939,tess,false_positive,13.340145,589.893526,4.611198,8.7435
TIC 350020859,tess,transit,11.8141726,1504.894167,5.5649352,8.74761
TIC 427761355,tess,transit,1.902606,8984.9897271,2.3653693,8.75127
TIC 425997655,tess,transit,3.9766833,142.0,1.859,8.7513
TIC 335483600,tess,false_positive,3.354053,6389.1712796,1.8984151,8.7514
TIC 460984940,tess,transit,2.7970316,481.0,2.185,8.7537
TIC 383390264,tess,transit,10.1826983,667.4752458,2.8275109,8.7581
TIC 33692729,tess,transit,13.6308024,1179.1033339,4.3426564,8.7615
TIC 144440290,tess,false_positive,,5530.0,0.68,8.7635
KIC 10963065,kepler,transit,2.465024332,30.7,1.262,8.769
KIC 11709006,kepler,variable,0.719741,32.2,2.628,8.777
TIC 386435344,tess,false_positive,19.3721051,3219.5594645,3.0859149,8.77728
TIC 461271719,tess,false_positive,7.6246239,1256.0632059,2.0328127,8.7823
TIC 91576611,tess,false_positive,4.43651,1520.0,3.365,8.7823
TIC 97158538,tess,false_positive,2.5950747,665.2502774,0.7921274,8.783341
TIC 391903064,tess,transit,4.6658022,513.7476343,2.92252,8.7843
TIC 365683032,tess,false_positive,1.4287976,1768.0,2.93,8.78822
KIC 7022603,kepler,blend,21.12752693,51.8,2.253,8.789
TIC 7624182,tess,false_positive,1.1096992,620.0,2.097,8.7929
TIC 250484865,tess,false_positive,0.76189,190.0,1.904,8.7973
TIC 384549882,tess,false_positive,0.30412,1330.0,0.748,8.802
TIC 377191482,tess,false_positive,2.9551881,230.0,1.361,8.8052
TIC 287080092,tess,transit,37.4685042,429.0,7.685,8.80616
TIC 131419878,tess,false_positive,3.16043,203.33,1.922,8.8154
TIC 390651552,tess,transit,1.467119,1550.632368,1.0069313,8.8223
TIC 364186197,tess,transit,4.4247042,2447.0,1.318,8.82374
TIC 100100827,tess,transit,0.9414525,11445.0,2.05,8.8287
TIC 14336130,tess,transit,8.082354,559.0,3.284,8.82897
TIC 106402532,tess,transit,4.8847937,478.0,2.51,8.8411
TIC 98796344,tess,transit,5.358776,2708.4393715,1.3697764,8.84294
TIC 159510109,tess,false_positive,16.9487087,156467.5479643,4.2887767,8.8523
TIC 248853232,tess,transit,3.8681492,17259.9935362,2.1610195,8.8628
TIC 408310006,tess,transit,5.4435354,3219.0,3.5,8.86849
TIC 4646810,tess,transit,10.9245478,653.537141,1.8716477,8.8723
TIC 112395568,tess,false_positive,5.742625,1105.760867,2.860293,8.8849
TIC 320525204,tess,false_positive,13.7431084,5688.0,2.285,8.88797
TIC 1400770435,tess,false_positive,13.7432169,5046.0,2.73,8.88797
TIC 55315929,tess,transit,0.7195712,159.6403985,1.7575219,8.89098
TIC 287256467,tess,transit,18.2616878,971.0,3.434,8.8975
TIC 200807066,tess,false_positive,26.2588239,251.0105068,4.4279477,8.9043
TIC 149845414,tess,transit,7.9940367,404.6194381,4.271047,8.90594
TIC 110428269,tess,false_positive,0.64971,620.0,2.076,8.90601
TIC 445805961,tess,transit,24.2833782,2844.0,5.132,8.9134
TIC 259099556,tess,false_positive,1.6290926,411.7525108,4.6315189,8.92071
TIC 78154865,tess,false_positive,0.493826,310.570859,1.162615,8.9225
TIC 166836920,tess,transit,5.7525804,5301.7998237,5.2325983,8.93
TIC 460140752,tess,false_positive,12.0077462,2921.0,2.818,8.9301
TIC 142276270,tess,transit,26.3208756,800.0,4.414,8.9361
TIC 440801822,tess,false_positive,2.0483755,483.0,2.767,8.9362
TIC 29781292,tess,transit,22.8909897,226.3518918,2.3187085,8.9387
TIC 249067445,tess,false_positive,0.8317937,200.0,1.875,8.95699
TIC 343442463,tess,false_positive,0.78381,426.099,1.443,8.95861
TIC 172110606,tess,false_positive,2.0197299,426.0,2.563,8.96147
TIC 357501308,tess,transit,7.4355709,1310.6803156,2.3450321,8.962
TIC 444415148,tess,false_positive,1.83641,470.0,2.222,8.9676
TIC 75427473,tess,false_positive,1.4713984,236.0,3.028,8.96861
TIC 257774438,tess,transit,15.3886607,407.1050545,4.3300643,8.97055
TIC 142387023,tess,transit,22.8085719,977.0,3.847,8.9754
TIC 119292328,tess,transit,7.1887332,285.257999,2.9505752,8.9767
TIC 393818343,tess,transit,16.2499357,13412.0,4.003,8.9797
TIC 341815767,tess,false_positive,3.09374,150.0,2.451,8.98018
TIC 317597583,tess,transit,12.0557353,807.0,1.959,8.9943
TIC 255760319,tess,false_positive,7.21048,250.094,2.671,8.9944
TIC 121490076,tess,transit,14.2456603,1084.0,3.403,8.9988
TIC 417931607,tess,transit,16.5379864,608.0,2.796,8.9989
TIC 311121985,tess,false_positive,1.3561596,482.0,2.504,9.00007
KIC 3230227,kepler,eclipse,7.047106212,69626.0,3.16223,9.002
TIC 387079085,tess,false_positive,1.1923,3730.0,3.119,9.0039
TIC 120826158,tess,transit,5.1830043,670.0,2.783,9.00568
TIC 252479260,tess,transit,3.2122302,14429.0,2.653,9.007
TIC 381976956,tess,false_positive,22.338916,605.5453887,3.4122327,9.0099
TIC 142090065,tess,false_positive,2.8269356,950.9544382,1.1692366,9.01249
TIC 142937186,tess,transit,1.30613,560.0,0.634,9.0138
TIC 320417762,tess,false_positive,1.03604,250.0,1.855,9.0188
TIC 229455001,tess,transit,22.3417286,472.0,2.582,9.01932
TIC 317060587,tess,transit,9.139804,358.4157801,3.0912936,9.0197
TIC 6893917,tess,transit,3.0801795,8926.432346,3.4870958,9.02097
TIC 363260203,tess,false_positive,1.2025238,390.0,1.991,9.0211
TIC 293435336,tess,transit,1.8098811,13033.5612701,3.7636624,9.02706
TIC 204650483,tess,transit,9.956296,1024.0,10.474,9.02765
TIC 154872375,tess,transit,8.0277326,5705.0,4.284,9.02855
TIC 164458714,tess,transit,17.8335899,289.0,3.642,9.03131
TIC 184952758,tess,false_positive,4.109953,434.0,4.641,9.0349
TIC 395171208,tess,transit,4.7201912,6710.0,4.416,9.03527
TIC 122220263,tess,false_positive,18.6922101,11126.0,7.765,9.03609
TIC 180695581,tess,transit,0.54937,370.0,0.883,9.0363
TIC 63898957,tess,transit,13.0393586,625.5995687,4.9218325,9.03971
TIC 130924120,tess,transit,17.4682298,926.0,3.491,9.0498
TIC 389352124,tess,transit,4.954648,7357.0,3.639,9.0532
TIC 179034327,tess,transit,17.9635083,1266.94519,4.4297958,9.0567
TIC 300810086,tess,false_positive,0.6680063,569.3164896,0.9885108,9.0567
TIC 233684293,tess,false_positive,48.4808217,110.0,8.081,9.05769
TIC 439610306,tess,false_positive,1.79988,180.0,3.518,9.0607
TIC 164652245,tess,transit,79.5839995,585.7148869,4.3996752,9.0638
TIC 301289516,tess,transit,1.2089755,668.0,1.286,9.0684
TIC 158025009,tess,transit,1.0697621,376.0,1.356,9.0739
TIC 118301361,tess,false_positive,3.46608,1620.0,4.403,9.08054
TIC 387664866,tess,false_positive,2.65646,773.369,2.475,9.08409
TIC 102283403,tess,false_positive,3.52985,560.0,1.907,9.08959
TIC 377024332,tess,false_positive,15.1771428,538.0,4.556,9.089871
TIC 300038935,tess,transit,29.0496801,297.0644469,7.3129572,9.0963
TIC 71431780,tess,transit,13.7270395,901.0,4.007,9.09942
TIC 176831592,tess,false_positive,2.53405,4070.0,1.944,9.1013
TIC 249862365,tess,false_positive,0.98999,420.0,2.05,9.10226
TIC 183985250,tess,transit,0.7920645,1561.7798964,0.3656119,9.1031
TIC 116483514,tess,transit,1.4520486,393.0,1.339,9.1043
TIC 150030205,tess,transit,39.361947,552.0,4.535,9.1059
TIC 311183180,tess,false_positive,13.24981,27250.0,3.299,9.1073
TIC 260304296,tess,false_positive,1.0251822,7065.3522073,1.6880109,9.109901
TIC 74482749,tess,false_positive,1.2622658,3711.7152579,1.7829162,9.1103
TIC 73723286,tess,false_positive,14.066109,16514.0482965,3.4744355,9.1116
TIC 229384040,tess,false_positive,1.2980202,250.0,3.007,9.11269
TIC 69997672,tess,false_positive,1.80709,450.0,3.297,9.11458
TIC 192372961,tess,false_positive,2.06313,600.0,2.157,9.1222
TIC 149539158,tess,false_positive,2.2338786,318.9211436,3.0400001,9.1251
TIC 344926234,tess,false_positive,0.49359,246.702105,1.545897,9.1299
TIC 244089109,tess,transit,2.1376682,8819.0,1.879,9.13055
TIC 169904935,tess,false_positive,4.5505945,3731.0,2.654,9.1309
TIC 314338017,tess,false_positive,10.9554897,370.0,6.772,9.1325
TIC 238597883,tess,false_positive,3.5730141,755.0,3.37,9.1355
TIC 136971594,tess,false_positive,1.25562,290.0,2.304,9.1384
TIC 97568467,tess,transit,10.655694,2103.6578759,7.8236322,9.14112
TIC 188989177,tess,false_positive,1.17409,3680.0,1.701,9.1414
TIC 237222864,tess,transit,10.288886,854.0,1.391,9.1416
TIC 183532609,tess,transit,8.1587261,15337.0,4.288,9.1468
TIC 137284119,tess,false_positive,2.5778717,1010.0,3.472,9.14819
TIC 167754523,tess,false_positive,6.7992776,210.0,1.58,9.1536
TIC 366484980,tess,transit,13.7748361,309.0,4.454,9.15722
TIC 325680697,tess,false_positive,1.82488,2950.0,1.757,9.15779
TIC 356235833,tess,false_positive,1.2680452,538.0,1.027,9.1597
KIC 2970804,kepler,eclipse,0.686994057,2797.1,3.5252,9.16
TIC 71582156,tess,transit,5.4911302,448.451647,1.9062098,9.16067
KIC 5200084,kepler,variable,2.9039446,13.1,10.542,9.162
TIC 95010343,tess,false_positive,6.880459,445.0,2.037,9.16636
TIC 42755801,tess,false_positive,4.3433389,1100.0,4.514,9.1672
TIC 380887434,tess,transit,0.3994445,330.8173737,0.8028796,9.16764
TIC 116608612,tess,false_positive,3.4557863,6423.0,2.164,9.17041
KIC 10748390,kepler,transit,4.887803076,4315.8,2.36255,9.174
KIC 9641031,kepler,eclipse,1.089077111,304072.0,3.8834,9.177
TIC 266980320,tess,transit,6.0344634,1750.6457632,2.052901,9.179
TIC 354469661,tess,transit,4.7947749,6864.0,4.799,9.17925
TIC 172518755,tess,transit,3.2087149,1960.0,1.639,9.1824
TIC 350348197,tess,transit,6.7535728,1740.0,2.173,9.18458
TIC 166527623,tess,transit,6.9593972,4826.8656037,4.8553269,9.1871
TIC 186812530,tess,transit,3.6773543,3949.0,1.441,9.19813
TIC 316916655,tess,false_positive,2.87436,2490.41,1.901,9.19901
TIC 267263253,tess,transit,4.1269046,10831.0,4.405,9.2205
TIC 41173048,tess,false_positive,6.40938,280.0,2.356,9.2225
TIC 429304876,tess,transit,6.8392388,1213.0,4.176,9.2231
TIC 457138169,tess,false_positive,1.0924536,874.580104,1.2245785,9.22437
TIC 267489265,tess,false_positive,1.5502952,411.0,2.938,9.2293
TIC 234994474,tess,transit,1.4015183,593.7540922,1.1583061,9.22978
KIC 7090801,kepler,variable,548.08441,560.0,17.66,9.233
TIC 156115721,tess,false_positive,2.5047918,2270.5402194,4.3797563,9.2386
TIC 129539786,tess,false_positive,2.0881134,730.0,2.307,9.24102
KIC 4565985,kepler,eclipse,17.51191534,728.8,5.678,9.242
TIC 187278212,tess,transit,,744.3594775,1.6479258,9.2493
TIC 155114483,tess,false_positive,5.2651271,3450.0,2.463,9.25068
TIC 184679932,tess,false_positive,2.1721416,17864.5520776,2.7480823,9.25319
TIC 212253390,tess,transit,3.0926858,272.6778328,2.2149195,9.2551
TIC 34077285,tess,transit,2.5735943,739.6008283,2.4810064,9.2563
KIC 9246715,kepler,eclipse,342.55315723,192887.0,73.8068,9.266
TIC 26547036,tess,transit,1134.6723963,11679.2159464,8.6844623,9.26693
TIC 404505029,tess,transit,9.5739531,3170.0,4.172,9.26733
TIC 261258875,tess,false_positive,2.5852,290.0,1.963,9.2691
TIC 94986319,tess,transit,16.067522,2929.6501469,2.6182382,9.2711
TIC 331034236,tess,false_positive,3.4272549,569.4677099,5.9083927,9.27116
TIC 280206394,tess,transit,11.2365977,9414.0,2.292,9.271401
KIC 11013201,kepler,transit,13.118962443,372.2,4.3045,9.275
KIC 3858884,kepler,variable,25.95193721,399167.0,15.9897,9.277
TIC 418987806,tess,false_positive,0.88654,870.0,1.679,9.27904
TIC 277103955,tess,false_positive,1.3090665,209.0,2.844,9.2927
TIC 207468071,tess,transit,20.3807824,2371.5221505,6.6590149,9.29416
TIC 124709665,tess,false_positive,1.8675574,1500.0,1.408,9.299501
TIC 106997505,tess,false_positive,2.74323,383.41,3.167,9.3003
TIC 237108272,tess,false_positive,22.7873,410.0,5.334,9.303001
TIC 382437043,tess,false_positive,14.64319,242.7923919,2.5483426,9.3109
TIC 68577662,tess,transit,11.1684037,9660.0,5.354,9.31437
TIC 56231866,tess,false_positive,2.7218347,560.0,1.663,9.3185
TIC 167098530,tess,false_positive,0.890967,1100.0,1.784,9.3213
TIC 194736418,tess,transit,5.826731,1068.0,4.571,9.3229
TIC 347430350,tess,transit,2.2438471,10310.0,2.574,9.32423
TIC 224225541,tess,transit,4.9377227,844.8199092,2.1294254,9.3258
TIC 274170255,tess,false_positive,1.41072,500.0,2.623,9.32845
TIC 16102323,tess,false_positive,3.2077145,9640.0,2.708,9.329701
TIC 143526444,tess,false_positive,15.3050693,770.0,3.872,9.3309
TIC 399870368,tess,transit,2.7443216,10071.0,3.42,9.3371
TIC 202428245,tess,false_positive,32.1400505,883.0,2.809,9.3373
TIC 262781201,tess,false_positive,1.3154261,285.0,2.121,9.34567
TIC 85293053,tess,transit,8.0542207,706.8165307,3.0287161,9.3523
TIC 102840239,tess,transit,11.1972769,1301.0,3.061,9.36
TIC 62483237,tess,transit,11.0708575,1149.7328034,2.1937617,9.3636
KIC 8866102,kepler,transit,17.83367834,326.9,4.5112,9.364
TIC 260708537,tess,transit,1.7446984,160.4642656,1.0880845,9.36854
TIC 422618449,tess,transit,9.100412,1085.0,2.181,9.3742
TIC 31553893,tess,false_positive,11.1296441,951.6169809,7.0473822,9.3781
TIC 412014494,tess,false_positive,11.4756978,8341.0,0.808,9.3871
TIC 27039476,tess,transit,2.2251639,284.0,1.545,9.3928
TIC 339672028,tess,transit,10.3311621,4577.0,5.626,9.3935
TIC 388076005,tess,false_positive,1.7126115,340.0,3.128,9.39435
TIC 192790476,tess,transit,19.1047019,1906.0596245,3.2516728,9.3951
TIC 367102581,tess,false_positive,2.9798592,580.0,2.737,9.39575
KIC 6946985,kepler,variable,440.584562,65.9,10.534,9.397
TIC 287474726,tess,false_positive,3.7442007,803.2627817,3.5004762,9.3994
TIC 134200185,tess,transit,0.5481573,226.8573536,0.9424668,9.4022
TIC 137151335,tess,transit,4.7267257,283.0,3.014,9.4087
TIC 97735297,tess,false_positive,1.8354365,310.0,1.633,9.4098
TIC 307210830,tess,transit,7.4507305,1542.0,0.475,9.41242
TIC 343708863,tess,false_positive,5.9685742,340.0,2.059,9.4128
TIC 426077080,tess,false_positive,9.30992,2220.0,3.464,9.4142
TIC 297153209,tess,false_positive,10.7004569,2409.0,1.281,9.41809
TIC 272828463,tess,false_positive,1.577609,1055.0,1.646,9.42218
TIC 67666096,tess,transit,2.7033942,10340.0,2.927,9.43351
KIC 9955598,kepler,transit,68.958447,123.3,3.128,9.439
TIC 8400842,tess,transit,3.1915257,8587.0,2.756,9.441
TIC 431156009,tess,false_positive,2.958148,980.0,3.769,9.44275
TIC 164767175,tess,transit,19.6050966,590.7656874,4.1605138,9.45661
TIC 313675203,tess,false_positive,2.5025812,807.0,2.771,9.462
TIC 73228647,tess,transit,2.5404679,572.0,2.154,9.4628
TIC 280830734,tess,false_positive,1.1619448,242.6397342,0.6293027,9.4668
TIC 441739020,tess,transit,40.7501028,6026.0,4.873,9.4682
TIC 73104318,tess,false_positive,7.45494,2280.0,3.465,9.46925
TIC 271168962,tess,transit,5.3220505,6562.7794806,3.8815964,9.47199
TIC 123482865,tess,transit,6.5562078,2970.0,2.314,9.4727
TIC 299799658,tess,transit,4.1150527,538.9646334,1.0584261,9.478
TIC 176220787,tess,transit,5.2153618,5205.8347338,5.5895721,9.4834
TIC 302659412,tess,false_positive,14.5187891,429.0,2.897,9.4845
TIC 285674856,tess,false_positive,1.74626,1110.0,3.88,9.4883
TIC 262530407,tess,transit,2.8531016,1547.1068927,1.263753,9.49275
TIC 146434840,tess,false_positive,17.95473,5962.04,3.139,9.49344
TIC 144065872,tess,transit,2.1846669,11535.5475157,2.6989102,9.4995
TIC 65412605,tess,transit,4.4010465,6903.0,4.757,9.50712
TIC 417676622,tess,transit,5.3987355,352.0,3.127,9.50898
TIC 133505138,tess,false_positive,2.4360845,350.0,2.495,9.5115
TIC 369864738,tess,false_positive,2.7817956,637.6922029,2.2489868,9.5162
TIC 86280613,tess,false_positive,9.573548,2788.0,2.036,9.5173
TIC 242536549,tess,false_positive,0.6923563,810.0,0.803,9.5187
TIC 258804746,tess,transit,0.224195,540.0,0.292,9.5209
TIC 357457104,tess,false_positive,1.748054,670.0,2.122,9.521
TIC 150271680,tess,false_positive,2.593694,526.784827,3.054429,9.5215
TIC 37084932,tess,false_positive,6.58454,5500.94,3.395,9.5254
TIC 438295981,tess,false_positive,3.96643,828.371,2.025,9.52621
TIC 268334473,tess,transit,16.7368995,989.0,4.561,9.52636
TIC 377064495,tess,transit,25.7122157,1151.454738,5.9710228,9.5273
TIC 178819686,tess,transit,5.6057748,701.1882316,3.0213897,9.5275
TIC 407394748,tess,false_positive,0.7522775,1301.0,1.073,9.5287
TIC 180987952,tess,false_positive,1.38917,787.5039579,1.5031546,9.5287
TIC 428679607,tess,transit,2.6800536,456.0,1.758,9.52906
KIC 11913071,kepler,eclipse,3.747835042,188923.0,5.28519,9.532
TIC 48476907,tess,false_positive,4.7192734,1557.0,1.301,9.5359
TIC 233390838,tess,false_positive,6.4474918,9270.0,2.643,9.53591
TIC 304042899,tess,false_positive,12.4458741,7049.3777392,11.5424587,9.5369
TIC 452808876,tess,transit,2.70582,7500.0,4.968,9.538961
TIC 241174783,tess,false_positive,4.0802864,516.622925,1.4789165,9.54224
TIC 403256331,tess,false_positive,3.77188,450.0,2.923,9.5425
TIC 101721385,tess,transit,4.627664,6190.0,2.306,9.54417
TIC 406855039,tess,false_positive,2.7180835,329.1728205,6.1842922,9.54581
TIC 38603673,tess,false_positive,4.4291257,561.4845395,0.910131,9.5473
TIC 362709886,tess,false_positive,4.7259317,6309.6615331,2.7740362,9.550201
TIC 42123111,tess,false_positive,4.03349,1530.0,2.684,9.5526
KIC 10031808,kepler,eclipse,8.589644815,269518.0,9.49469,9.557
TIC 313506357,tess,false_positive,1.532703,1250.0,2.698,9.5621
TIC 27064468,tess,transit,5.4589863,1230.0,3.39,9.56225
TIC 27677846,tess,false_positive,5.6309047,1683.0,3.877,9.5668
TIC 288631580,tess,transit,5.8775548,412.2881337,2.9027641,9.56906
TIC 464296022,tess,false_positive,12.1246519,7279.0,4.612,9.5706
TIC 90448944,tess,false_positive,1.4415577,507.0,2.349,9.5719
TIC 89510024,tess,false_positive,2.3664127,300.0,2.591,9.577
KIC 2696703,kepler,eclipse,6.09406648,3027.0,2.085,9.58
TIC 8260536,tess,transit,10.590923,10290.0,4.105,9.58055
TIC 376353509,tess,transit,7.3315684,893.0,1.287,9.5831
TIC 383723559,tess,false_positive,2.6667526,190.0,2.594,9.58671
TIC 383531859,tess,false_positive,17.0614756,2730.0,3.384,9.5918
TIC 48188920,tess,false_positive,0.73774,524.852,0.636,9.5937
TIC 379931600,tess,false_positive,2.9258727,6720.0,4.075,9.5967
TIC 455962313,tess,false_positive,2.25505,658.0,3.034,9.599
TIC 366563452,tess,false_positive,1.5873866,110.0,1.51,9.5998
TIC 332154944,tess,false_positive,0.99837,2730.0,1.632,9.60027
TIC 165297570,tess,transit,2.9895092,12117.7788754,3.3503883,9.6022
TIC 50365310,tess,false_positive,2.1713484,656.8860989,2.0172196,9.604
TIC 147576037,tess,false_positive,13.0727479,4080.0,3.044,9.6043
TIC 42883782,tess,transit,6.3346129,330.0,3.341,9.6069
TIC 159781361,tess,transit,15.3468182,665.0,6.425,9.6087
TIC 174328045,tess,transit,5.0569708,795.0,3.401,9.60892
TIC 176778112,tess,false_positive,1.33679,700.0,1.488,9.6114
TIC 379929661,tess,transit,4.786958,8390.0,4.936,9.6129
KIC 5980354,kepler,variable,1.573020098,292.2,15.574,9.616
TIC 341186896,tess,false_positive,1.5078959,1839.0,2.759,9.6171
TIC 407126408,tess,transit,11.0993646,1122.5495138,3.2107652,9.6181
TIC 249812036,tess,false_positive,5.7785318,4990.0,2.348,9.624
TIC 276360911,tess,false_positive,0.44482,1610.0,1.058,9.62426
TIC 287156968,tess,transit,25.0573466,567.4245524,6.3733023,9.6245
TIC 1129033,tess,transit,1.3600283,19427.6944703,2.1652751,9.62713
TIC 101037590,tess,transit,8.7094632,4510.0,3.027,9.62924
TIC 169226822,tess,transit,4.1780637,11478.1087015,4.3176109,9.62959
TIC 54044474,tess,false_positive,3.7039994,7590.0,4.277,9.6306
TIC 298297931,tess,transit,4.4331838,9166.0,3.856,9.63105
TIC 198588220,tess,transit,4.8099755,6965.0,6.696,9.63331
TIC 166739520,tess,transit,10.0205932,8247.6689406,5.7033765,9.6411
TIC 69672493,tess,false_positive,1.4920726,907.0,1.594,9.642901
TIC 92352620,tess,transit,3.9502008,13914.0,4.444,9.6433
TIC 219401954,tess,false_positive,0.861484,286.708078,1.293669,9.647
TIC 82010657,tess,false_positive,,3010.0,8.06,9.64805
TIC 50618703,tess,transit,1.5483542,926.4111032,1.2030925,9.6504
TIC 425206121,tess,transit,4.6117328,11890.0,4.065,9.654
TIC 92359850,tess,false_positive,4.155,4900.0,2.807,9.65521
TIC 35883621,tess,false_positive,3.0519843,892.0,2.868,9.65609
TIC 281408474,tess,transit,3.4076,7500.0,3.69,9.65646
TIC 187029841,tess,false_positive,0.361112,710.0,0.756,9.66027
TIC 219164808,tess,false_positive,1.6773063,3910.0,2.352,9.6646
TIC 404421005,tess,transit,6.32668,520.8002154,2.0310601,9.66562
KIC 6182093,kepler,eclipse,50.900813,,3.3,9.666
TIC 350743714,tess,false_positive,7.757643,7336.6908822,2.8561356,9.6686
TIC 290348382,tess,false_positive,6.4410082,7076.0,1.798,9.66865
TIC 243244680,tess,transit,19.4921473,1700.0,3.568,9.66896
TIC 348684813,tess,false_positive,7.7517472,861.0,3.761,9.6732
TIC 170634116,tess,transit,3.6623918,12253.6582523,3.7669692,9.6757
TIC 382626661,tess,transit,17.6174716,659.8868455,3.635468,9.6768
TIC 316402246,tess,false_positive,1.4014167,2730.0,3.661,9.6788
TIC 446549905,tess,false_positive,2.4545635,4248.0,2.321,9.6789
TIC 422838133,tess,false_positive,5.3089937,531.0,5.876,9.68129
TIC 93125144,tess,false_positive,9.91102,6044.13412,2.981681,9.6833
KIC 9405541,kepler,eclipse,5.55260695,727.6,4.1178,9.687
TIC 317507345,tess,false_positive,3.9401791,13317.0,1.991,9.68708
TIC 150098860,tess,transit,10.6953065,927.7984537,1.992523,9.6878
TIC 269238073,tess,false_positive,6.1461734,1034.0,5.386,9.68805
TIC 105801221,tess,false_positive,3.0750728,510.0,2.219,9.6913
TIC 313761775,tess,false_positive,1.5309799,654.0,1.37,9.693811
KIC 11560431,kepler,blend,0.527673075,26.1,1.3693,9.694
TIC 54390047,tess,false_positive,0.941436,339.9126618,1.3606996,9.6952
TIC 238374636,tess,false_positive,1.3214483,2180.0,3.435,9.697
TIC 394029948,tess,false_positive,32.76639,500.0,6.089,9.69902
TIC 286916251,tess,transit,8.7655468,572.6986983,4.0264463,9.69924
TIC 11111899,tess,false_positive,0.6193401,1853.0,1.514,9.6996
TIC 117256577,tess,false_positive,1.6865822,1770.0,2.429,9.7032
TIC 146467675,tess,false_positive,1.6375303,770.0,1.606,9.70467
KIC 8478994,kepler,transit,39.79220077,610.4,4.466,9.705
TIC 339538183,tess,false_positive,2.6093167,1984.0,1.175,9.7053
TIC 149603524,tess,transit,4.4119372,14711.8810303,3.6321285,9.7109
TIC 161450762,tess,false_positive,1.32003,552.468,3.175,9.711
TIC 15692883,tess,transit,5.147905,3710.0,5.405,9.7116
KIC 10614012,kepler,eclipse,132.1331011,7956.2,26.715,9.715
TIC 360286627,tess,false_positive,0.758082,583.93181,1.8184632,9.718
TIC 409183335,tess,false_positive,3.32125,5760.0,4.304,9.7229
KIC 4565943,kepler,variable,353.36705,34.1,3.279,9.725
KIC 3441784,kepler,eclipse,52.56901867,26900.0,6.7507,9.729
TIC 425721385,tess,false_positive,13.5499,1180.0,1.795,9.7298
TIC 304021498,tess,false_positive,5.652623,1250.0,3.434,9.7318
TIC 253990973,tess,false_positive,0.540933,257.347459,1.674337,9.7345
TIC 306996324,tess,transit,8.2466133,1071.2067848,2.4120909,9.73597
TIC 92013169,tess,false_positive,2.3552639,912.0,1.033,9.73965
TIC 141405814,tess,false_positive,1.1355457,393.5764226,2.63,9.7402
TIC 262746281,tess,transit,16.1798603,2249.0,6.495,9.74179
TIC 9033144,tess,false_positive,4.7150255,4566.0,3.302,9.74346
TIC 319068154,tess,false_positive,3.7983639,3194.0,1.594,9.7436
TIC 284050395,tess,false_positive,1.35932,2840.0,2.831,9.74734
TIC 201154493,tess,false_positive,1.51233,640.0,2.59,9.7479
TIC 266593143,tess,transit,10.338505,18162.0,4.242,9.7525
TIC 437242640,tess,transit,4.3176859,11283.0,1.822,9.7566
TIC 232568235,tess,transit,0.3524597,305.0,0.578,9.75874
TIC 346338552,tess,transit,4.4652986,14440.0,2.502,9.76031
TIC 138361973,tess,false_positive,1.8824539,1391.0,2.46,9.7604
TIC 219344917,tess,transit,14.362738,541.9770506,3.2043798,9.7607
TIC 354594208,tess,false_positive,0.86673,662.925,1.089,9.76119
TIC 186000935,tess,false_positive,8.8735214,1949.0,4.059,9.76577
TIC 186599508,tess,false_positive,5.6318074,1186.1481873,3.4553092,9.76636
TIC 458478250,tess,transit,2.2552845,20820.0,2.05,9.76703
TIC 153949511,tess,false_positive,,1405.9675071,4.6,9.76775
TIC 128501004,tess,false_positive,0.78999,5750.0,1.153,9.76952
TIC 370759867,tess,false_positive,,8410.0,4.23,9.76978
TIC 446616059,tess,false_positive,3.1072375,737.0,4.485,9.77017
TIC 142381532,tess,transit,38.8135498,9593.0,5.944,9.7722
TIC 341729521,tess,false_positive,8.4134856,17479.6053306,3.5568334,9.7727
TIC 40292751,tess,transit,12.7791964,3008.0,5.242,9.77301
TIC 354400186,tess,false_positive,9.07768,19171.9,2.78,9.7745
TIC 25375553,tess,transit,2.3109689,6829.4236495,3.4303821,9.77486
TIC 188876052,tess,transit,3.076329,9490.8396842,3.9016058,9.7758
TIC 44792534,tess,transit,3.68497,2070.0,4.536,9.77919
TIC 303055194,tess,false_positive,1.7615631,1050.0,1.171,9.78095
TIC 327011842,tess,false_positive,0.783879,274.5156373,1.4870966,9.7828
TIC 178959058,tess,false_positive,5.4468377,842.0,3.303,9.783
TIC 237185205,tess,false_positive,15.7335693,2540.0,3.288,9.7831
TIC 349373192,tess,false_positive,0.76983,160.192,2.774,9.7839
TIC 392476080,tess,transit,0.67249,7890.0,1.801,9.78569
TIC 366074069,tess,false_positive,4.1812866,4280.0,4.394,9.78876
TIC 47911178,tess,transit,3.5857076,11813.302926,2.7072065,9.79059
TIC 50309953,tess,false_positive,7.04083,1580.0,2.979,9.7906
TIC 237808867,tess,false_positive,0.56708,980.0,1.253,9.792
TIC 142918609,tess,false_positive,14.5378,4040.0,6.826,9.7925
TIC 58542531,tess,transit,3.057524,1117.9638175,1.3790503,9.794
TIC 405794804,tess,false_positive,1.44127,2750.0,2.605,9.79455
TIC 146208651,tess,false_positive,6.5197781,1290.149756,2.63,9.796
TIC 384744828,tess,false_positive,3.0421334,2054.3050277,1.5964685,9.8062
KIC 5111801,kepler,variable,0.562006231,14.2,3.496,9.807
TIC 64836837,tess,false_positive,10.9115374,1039.0,3.269,9.8115
TIC 159418353,tess,transit,8.3033493,571.0,1.705,9.812
TIC 308919449,tess,false_positive,1.6563738,246.0,1.741,9.8146
KIC 7779942,kepler,variable,19.7959731,334.0,5.342,9.816
TIC 400595342,tess,false_positive,3.6404389,476.3077321,2.5339234,9.8174
TIC 22843856,tess,false_positive,1.8497201,5750.0,1.757,9.8203
TIC 293687315,tess,transit,2.8716983,8568.0,4.668,9.823
TIC 9828416,tess,transit,6.2099619,4090.0,4.49,9.8251
TIC 190430205,tess,false_positive,1.06884,470.0,2.512,9.8261
TIC 127425841,tess,false_positive,1.5166573,1590.0,1.607,9.83204
TIC 49687222,tess,false_positive,20.186539,1006.041833,1.866565,9.8343
KIC 8848288,kepler,eclipse,5.56648691,694.9,10.931,9.837
TIC 141985686,tess,false_positive,3.1291319,680.0,1.993,9.83993
TIC 353367071,tess,false_positive,2.37532,1940.0,2.957,9.84095
TIC 326470400,tess,false_positive,736.5528811,1432.0,4.735,9.8447
TIC 199688472,tess,false_positive,1.4412175,12927.0,1.666,9.84566
TIC 55525572,tess,transit,83.8962434,1217.6723245,13.0330846,9.8467
TIC 165987272,tess,transit,7.8456075,7020.0,5.892,9.8469
TIC 169081296,tess,transit,16.2385246,684.9090611,3.2716962,9.85155
TIC 157236902,tess,transit,,13520.0,12.002,9.85277
TIC 207501148,tess,false_positive,,4111.2234826,4.4875335,9.85317
TIC 119584412,tess,transit,10.6439385,1240.0,2.713,9.85623
TIC 393911494,tess,false_positive,0.6332593,1191.4597195,0.8622011,9.85649
TIC 362220495,tess,false_positive,165.0031583,2976.5490435,5.0545903,9.863
TIC 231670397,tess,transit,4.0872956,3572.1712499,5.586113,9.8638
TIC 354600221,tess,false_positive,1.41853,560.0,2.728,9.867621
TIC 458857720,tess,false_positive,1.30924,3370.0,2.535,9.8678
TIC 285542903,tess,false_positive,2.2657506,388.0,3.419,9.8722
TIC 61098812,tess,transit,3.6935997,8580.4318905,4.466185,9.87229
TIC 185405474,tess,false_positive,1.56029,1690.0,2.751,9.87278
TIC 449050248,tess,false_positive,2.96844,13028.0,3.663,9.87405
TIC 258402425,tess,false_positive,0.67554,680.0,0.922,9.87437
TIC 278348461,tess,transit,5.4526479,7750.0,3.401,9.87463
TIC 52041724,tess,false_positive,35.4028219,12666.0,4.221,9.87542
TIC 160708862,tess,transit,3.3448312,13626.0,3.322,9.8787
TIC 138168780,tess,transit,3.7649949,14735.0,2.642,9.88278
TIC 115446313,tess,false_positive,4.9707023,487.0,2.586,9.88372
TIC 15247229,tess,false_positive,8.5112,4172.76,3.486,9.886581
KIC 11231334,kepler,eclipse,4.15743922,1472.0,9.572,9.887
TIC 250386181,tess,false_positive,1.470258,2700.0,1.126,9.89377
TIC 62530991,tess,false_positive,4.0266483,754.0,2.312,9.8961
TIC 233684822,tess,false_positive,4.6756655,738.0,1.914,9.89947
TIC 170729775,tess,transit,16.6542431,10168.0,7.792,9.8999
TIC 201248411,tess,transit,0.980972,6178.392421,0.5405036,9.9005
TIC 9837861,tess,false_positive,0.6565741,423.0,1.908,9.9021
TIC 136848581,tess,false_positive,2.6400663,1328.0,3.368,9.90482
TIC 150151262,tess,transit,84.83869,1020.0,5.194,9.9059
TIC 144956678,tess,false_positive,1.5136003,745.1393405,2.4400695,9.9071
TIC 158916431,tess,false_positive,5.8924856,4530.0,3.134,9.9094
TIC 137906197,tess,transit,7.3377236,795.0,4.243,9.91008
TIC 220396259,tess,false_positive,0.91677,276.272,1.337,9.9124
TIC 388624270,tess,false_positive,14.2628757,913.2067174,6.9350494,9.9138
TIC 17005768,tess,false_positive,6.8424983,8029.880305,3.3079378,9.9176
TIC 377290815,tess,false_positive,0.798,190.0,0.679,9.91892
TIC 103633434,tess,transit,3.4447015,796.0,1.912,9.91924
TIC 289539327,tess,false_positive,11.2464616,7576.0,7.391,9.92402
TIC 9006668,tess,transit,1.2730965,414.0,1.48,9.926601
TIC 370877263,tess,false_positive,15.9865412,1451.0,1.636,9.927
KIC 3967501,kepler,eclipse,43.0759115,3452.0,90.95,9.927
TIC 376838000,tess,false_positive,2.1679,560.0,1.39,9.9272
TIC 12421862,tess,transit,10.2152025,960.5475682,2.3476219,9.92801
TIC 408636441,tess,transit,18.8500438,2610.0,3.407,9.92838
TIC 461662295,tess,false_positive,10.2558,5740.0,5.088,9.92871
TIC 434100688,tess,false_positive,1825.048364,2576.0,3.62,9.9309
KIC 3544595,kepler,transit,4.72674037,273.1,2.9267,9.931
KIC 5732636,kepler,variable,32.245486,93.6,13.86,9.931
TIC 365733349,tess,transit,2.6998294,2798.0,2.208,9.93119
TIC 460205581,tess,transit,8.3249172,4535.0,1.406,9.9322
TIC 99224131,tess,transit,2.6915408,7265.0,3.986,9.93225
TIC 229742722,tess,transit,63.4839358,5357.0,5.457,9.93689
TIC 466382581,tess,transit,5.3829728,1078.0,1.382,9.937
TIC 237232044,tess,transit,23.5407467,956.0,4.025,9.9377
TIC 455135327,tess,transit,2.8106013,10912.6752583,2.2499254,9.93908
TIC 83210867,tess,false_positive,1.1967018,824.0,1.879,9.94025
TIC 295599256,tess,false_positive,7.1439527,11592.5273803,1.7937093,9.941
TIC 305424003,tess,transit,4.584911,2101.0682794,5.2493974,9.9444
TIC 233087860,tess,transit,5.7484439,1041.0,1.76,9.9469
TIC 118021229,tess,false_positive,0.88501,820.279,1.622,9.947331
TIC 312469860,tess,false_positive,0.50261,1120.0,1.127,9.9475
TIC 258777137,tess,false_positive,5.9294088,10226.0,2.933,9.9478
TIC 55452495,tess,false_positive,17.7082945,2341.0,3.449,9.9524
TIC 167031605,tess,false_positive,2.7809,2990.0,1.803,9.9534
KIC 5790807,kepler,eclipse,79.99623328,24383.5,6.3339,9.954
TIC 71841620,tess,transit,5.084334,5787.6432946,5.0844391,9.9543
TIC 367855829,tess,false_positive,85.4244796,1134.2233028,3.6658465,9.9558
TIC 371673488,tess,false_positive,0.8165295,468.0,2.294,9.95717
TIC 131081852,tess,false_positive,13.2735914,21146.5262939,6.6959309,9.957501
KIC 9941662,kepler,transit,1.763587535,4590.6,3.16877,9.958
TIC 233541860,tess,false_positive,0.2666485,230.0,1.075,9.9592
TIC 20096620,tess,transit,2.9164004,7257.7025481,3.28681,9.9596
TIC 302814895,tess,false_positive,8.6800186,870.0,2.41,9.96017
TIC 281731203,tess,transit,11.6332127,3480.0,5.081,9.9623
TIC 349786918,tess,false_positive,2.9663389,192.3691435,4.3486787,9.9676
TIC 230982885,tess,transit,2.0727598,14761.0,2.619,9.9696
TIC 250977648,tess,transit,4.6080854,435.5578168,8.9037215,9.9735
TIC 255851356,tess,false_positive,2.4018591,655.0,3.471,9.9747
TIC 266843799,tess,false_positive,0.8062768,660.0,1.963,9.9747
TIC 219338557,tess,false_positive,8.1996639,866.9104696,1.928811,9.9762
TIC 425561347,tess,transit,5.7772122,1470.3821261,2.56341,9.977
TIC 274942910,tess,false_positive,1.0793011,1562.0,2.196,9.9809
TIC 8767448,tess,transit,4.3532339,10270.0,3.869,9.98111
TIC 279212407,tess,false_positive,28.6620782,2600.0,4.351,9.98272
TIC 67926921,tess,false_positive,3.566276,3870.0,4.197,9.9841
TIC 326114850,tess,false_positive,1.2456423,691.0,1.354,9.98645
TIC 232982558,tess,transit,27.6438617,560.0,5.321,9.98671
TIC 308050066,tess,false_positive,11.1755425,7873.0,5.482,9.99028
TIC 303432813,tess,transit,23.4428912,1623.0,4.392,9.9909
TIC 348835438,tess,transit,6.203496,810.0,5.715,9.9917
TIC 224297258,tess,transit,9.6141636,933.6532689,3.4271882,9.99454
TIC 427352241,tess,false_positive,1.2667147,1870.0,1.712,9.9955
TIC 176899385,tess,transit,3.8529998,8913.0,3.225,9.995771
TIC 287329267,tess,false_positive,7.6434423,559.389608,3.1776881,9.9959
KIC 11295426,kepler,transit,9.60505976,55.0,3.0063,9.997
TIC 328167090,tess,false_positive,0.7131492,450.0,2.428,10.0009
TIC 231721005,tess,false_positive,9.0182016,492.0,3.08,10.0039
TIC 341544930,tess,false_positive,7.6416041,6025.0,2.654,10.0049
TIC 79748331,tess,transit,12.2265595,1206.3693293,2.1904379,10.0059
TIC 358631536,tess,false_positive,3.4040139,935.0,4.837,10.0062
TIC 382331352,tess,false_positive,11.47606,3050.0,6.083,10.0067
TIC 394561119,tess,transit,4.0782388,6667.6920161,4.9104136,10.0068
KIC 3834317,kepler,variable,2.18079098,83.2,12.13,10.008
TIC 206466531,tess,false_positive,1.42744,450.0,1.973,10.0081
TIC 122485078,tess,false_positive,9.1505,1370.0,2.986,10.0106
TIC 309787037,tess,false_positive,1.3042553,914.0,1.706,10.0119
TIC 307733361,tess,transit,1.6739029,863.0,1.355,10.0121
TIC 1167538,tess,transit,,8735.0,8.291,10.0127
TIC 330468175,tess,false_positive,0.70902,570.0,2.49,10.0146
TIC 149601557,tess,false_positive,29.0161646,1238.3381592,5.345,10.0163
TIC 374400599,tess,false_positive,1.8932775,3415.0,3.118,10.0188
TIC 233735068,tess,false_positive,7.6869063,4500.0,4.652,10.0194
TIC 361034196,tess,false_positive,2.19296,4933.74,4.586,10.0196
TIC 50171060,tess,transit,1.257813,7385.3106816,0.979333,10.0198
TIC 314724818,tess,false_positive,4.4518604,3558.2211894,2.8339358,10.0199
TIC 417705690,tess,false_positive,2.363311,1121.0,3.294,10.0233
TIC 64837857,tess,false_positive,8.9965133,988.0,2.842,10.0252
TIC 93963408,tess,false_positive,2.396722,384.8985474,3.9453168,10.0267
TIC 365781372,tess,false_positive,1.13889,5368.19,2.154,10.0267
TIC 126733133,tess,false_positive,1.4687098,1567.6508147,1.0472885,10.027
TIC 424865156,tess,transit,2.2047452,6872.0,3.996,10.0274
TIC 379723086,tess,false_positive,7.4398211,1362.0,3.068,10.0288
TIC 301235044,tess,transit,0.2803246,507.0,0.868,10.0298
TIC 377293776,tess,transit,2.0439268,465.1929875,1.008937,10.0306
TIC 53498154,tess,transit,3.3903593,877.0,2.168,10.0326
KIC 4035667,kepler,blend,2.8736467,215.7,1.682,10.035
TIC 147977348,tess,transit,5.0037758,7390.0,3.439,10.0367
TIC 48178229,tess,false_positive,2.6788253,350.0,2.49,10.0386
TIC 309792357,tess,transit,104.8724252,11850.1557451,6.6885919,10.0391
TIC 289988797,tess,false_positive,2.2042212,4250.0,1.011,10.0415
TIC 258557847,tess,false_positive,3.965824,680.0,2.911,10.042
TIC 300871545,tess,false_positive,4.8170684,23137.3629965,3.1822663,10.0433
TIC 468828873,tess,false_positive,3.8954139,911.0,2.832,10.045
TIC 350293646,tess,transit,1.4468993,549.0,0.779,10.0471
TIC 384045439,tess,false_positive,10.82661,5890.0,6.877,10.0478
KIC 6864569,kepler,variable,2.325185422,268.5,7.2871,10.052
TIC 268403451,tess,transit,2.8641388,9597.0,2.417,10.0521
TIC 2041563029,tess,false_positive,12.80758,27112.7,3.596,10.0526
TIC 300812741,tess,transit,11.3071674,284.8607824,2.7393998,10.0534
KIC 3459199,kepler,eclipse,1.570518376,2213.2,3.2035,10.055
TIC 377144784,tess,false_positive,2.3866952,586.0,2.654,10.0552
TIC 22529346,tess,transit,1.2749246,18699.0,2.783,10.056
TIC 349095149,tess,transit,91.6827832,713.2183569,9.7504857,10.0564
TIC 431585347,tess,false_positive,5.13664,930.0,4.45,10.06
KIC 3848948,kepler,blend,0.523632451,8.1,1.99,10.061
TIC 161477033,tess,false_positive,14.058151,858.616845,3.514627,10.0614
TIC 343019899,tess,transit,25.8386422,1806.0,5.209,10.0618
TIC 125520907,tess,transit,14.5478626,3222.8170072,5.4881637,10.0651
KIC 6049470,kepler,variable,354.7897,81.0,12.62,10.067
TIC 389525208,tess,false_positive,6.74657,2970.0,1.803,10.0704
TIC 135083444,tess,false_positive,2.7917911,1018.9771433,1.4664254,10.0721
TIC 193641523,tess,transit,1.3929721,1576.0776119,1.0799517,10.0732
TIC 1950736,tess,false_positive,3.1129681,585.0,2.308,10.0745
TIC 40954422,tess,false_positive,1.7578288,2116.0,3.218,10.0768
TIC 317951248,tess,false_positive,3.4438,7260.75,2.572,10.0781
TIC 229510866,tess,transit,2.1031647,7142.0,5.059,10.079
TIC 339733013,tess,false_positive,5.62162,580.083,2.675,10.0793
TIC 108835813,tess,false_positive,4.76516,647.689,2.892,10.0813
TIC 141482386,tess,false_positive,18.0157,610.0,2.524,10.0814
KIC 8916492,kepler,eclipse,4.02378908,32.1,3.237,10.083
TIC 195199644,tess,false_positive,1.19888,1169.03,1.558,10.0849
TIC 170103435,tess,false_positive,1.9785151,500.0,1.282,10.0879
TIC 431899140,tess,false_positive,1.9734615,1295.0,3.69,10.0888
TIC 367858035,tess,transit,20.7051499,1822.0,3.348,10.0907
TIC 449050247,tess,false_positive,2.96845,17064.8,3.707,10.0938
TIC 365690646,tess,false_positive,12.983175,1180.996904,1.527578,10.094
TIC 1100766816,tess,false_positive,1.62263,1630.0,1.555,10.0943
TIC 174143743,tess,false_positive,0.46132,220.0,1.32,10.1007
TIC 5024743,tess,false_positive,12.4498835,1827.0,5.45,10.1015
TIC 278726770,tess,false_positive,9.5160032,527.949401,2.274422,10.1032
TIC 139375960,tess,transit,5.33155,4220.0,6.191,10.1035
TIC 348135793,tess,false_positive,1.97741,5470.0,6.549,10.1042
TIC 27848472,tess,transit,1.8468345,13237.0,2.565,10.1058
TIC 262135904,tess,false_positive,2.0990769,501.0,2.343,10.1063
TIC 128463355,tess,false_positive,13.9086,4760.0,2.987,10.1078
TIC 123627908,tess,false_positive,5.9016526,2450.0,2.417,10.1083
TIC 405904232,tess,false_positive,11.0765063,4400.0,4.692,10.1098
TIC 375225453,tess,false_positive,0.9209526,360.8801529,1.8602735,10.11
TIC 158002130,tess,transit,9.6867516,1669.0,2.512,10.112
TIC 345143460,tess,transit,3.6458046,1168.0,1.828,10.1128
TIC 317520667,tess,transit,2.4651801,11993.572763,3.5668145,10.1154
TIC 370133522,tess,transit,0.5182425,831.8920424,0.8565249,10.1165
TIC 18310799,tess,transit,17.3070631,1909.0,3.646,10.1192
TIC 116242971,tess,transit,5.0316347,4912.0,5.265,10.1213
TIC 219151731,tess,false_positive,1.4853364,650.0,1.302,10.1217
TIC 468472950,tess,false_positive,0.98736,370.0,1.464,10.1277
TIC 312122956,tess,false_positive,2.0492064,1030.0,3.417,10.1283
TIC 31268146,tess,false_positive,3.6473383,162.7642577,4.4572847,10.1302
TIC 333473672,tess,transit,13.001789,1339.5837664,4.4847322,10.1308
TIC 68152139,tess,false_positive,0.73772,980.0,1.057,10.1342
TIC 78672342,tess,false_positive,2.9795358,1196.5096163,4.2941018,10.1347
TIC 81429971,tess,false_positive,3.0432421,1622.0,3.192,10.1356
TIC 359496368,tess,false_positive,2.6652007,819.0,3.49,10.1358
TIC 420645189,tess,false_positive,48.5338626,4730.0,6.137,10.1374
TIC 82707763,tess,false_positive,6.6570835,7164.0,5.285,10.1405
TIC 384888319,tess,transit,5.8795752,1352.7622114,2.0778157,10.1406
TIC 23389848,tess,false_positive,15.64643,6010.0,7.75,10.142
TIC 198390247,tess,transit,6.5886877,852.0,1.678,10.1426
TIC 260004324,tess,transit,3.8143136,460.8504633,1.4870003,10.1428
TIC 254113311,tess,transit,4.0686405,2650.0950013,1.8373729,10.1429
KIC 11285625,kepler,eclipse,5.39525573,104242.0,7.8377,10.143
TIC 240613164,tess,false_positive,1.99143,16745.8,4.136,10.1441
TIC 362249359,tess,transit,1.041889,465.3854112,1.2737667,10.1461
KIC 4732015,kepler,variable,0.939740093,106.5,3.682,10.147
TIC 277871306,tess,false_positive,3.9602774,6193.0,0.884,10.1483
TIC 142394656,tess,transit,8.157721,10273.0,3.788,10.1495
TIC 380619414,tess,transit,2.6556753,20259.2262626,2.6111014,10.15
TIC 279177746,tess,false_positive,4.4350025,2085.0,2.252,10.1503
TIC 369327947,tess,transit,2.0291077,765.9246838,0.6269874,10.1508
KIC 8846809,kepler,variable,0.778705577,54.5,6.445,10.152
TIC 258514800,tess,transit,0.4702719,209.49313,1.3258819,10.1522
KIC 6525196,kepler,eclipse,1.710299164,157266.0,3.92227,10.154
TIC 373785851,tess,false_positive,4.04163,3100.0,1.719,10.155
TIC 457939414,tess,false_positive,3.7899524,4345.4373432,5.5268401,10.1574
KIC 7202957,kepler,transit,1.716828304,59.5,2.068,10.158
TIC 264303333,tess,false_positive,0.8153098,189.0,1.373,10.1583
TIC 16920150,tess,false_positive,9.155934,908.2412562,3.1412022,10.1583
TIC 169177766,tess,false_positive,1.692892,1418.0,2.886,10.1617
TIC 190271688,tess,false_positive,12.6534664,27095.439949,4.0982077,10.163
TIC 422655579,tess,transit,2.9036858,4642.2749148,5.0469369,10.1638
TIC 51234631,tess,transit,4.1250429,8804.0,4.454,10.1653
TIC 342642208,tess,transit,8.6007557,5090.0,3.304,10.1669
TIC 441732151,tess,false_positive,2.09989,27336.4,0.908,10.1688
TIC 403308915,tess,false_positive,3.7543552,470.0,1.878,10.1731
TIC 146261607,tess,false_positive,8.4915117,40640.0,6.035,10.1749
TIC 124573851,tess,transit,3.9451359,841.0,2.424,10.1755
TIC 88902249,tess,transit,7.7119842,3176.0,4.058,10.1757
TIC 52005579,tess,transit,12.7614706,1215.2495801,1.0497761,10.1769
TIC 382474101,tess,false_positive,2.6520851,10671.4743296,3.8534062,10.179
TIC 320536216,tess,false_positive,0.5476699,2886.4723578,1.038,10.1796
TIC 64553698,tess,false_positive,8.6795072,10160.0,3.628,10.1799
TIC 267527924,tess,false_positive,1.8080364,1264.0,2.892,10.1853
TIC 161156159,tess,false_positive,2.2818488,1483.0,3.973,10.1854
TIC 429295277,tess,false_positive,1.10833,1060.0,2.288,10.186
TIC 73448352,tess,transit,4.7321735,8121.0,2.589,10.1868
TIC 377420580,tess,false_positive,1.4147363,990.0,2.429,10.1871
TIC 151724385,tess,transit,6.1406207,2469.4322474,3.3672245,10.1872
TIC 450327768,tess,false_positive,5.34326,6980.0,1.426,10.1883
TIC 52548453,tess,false_positive,5.2146757,3754.150648,4.9830634,10.1887
TIC 266688542,tess,false_positive,2.9424142,1400.0,4.073,10.1894
TIC 101395259,tess,false_positive,7.574675,6208.0649305,3.0847866,10.1913
TIC 272049972,tess,false_positive,1.0960111,2150.0,3.167,10.1914
TIC 199444169,tess,transit,1.2168732,1240.0,0.86,10.1917
TIC 63303499,tess,false_positive,1.9271328,585.8978628,4.5530077,10.194
TIC 377739433,tess,false_positive,1.23852,440.0,3.138,10.1975
TIC 52368076,tess,transit,4.6517186,978.0,2.709,10.1985
TIC 196286587,tess,false_positive,10.4137962,1948.0,3.482,10.1985
TIC 113553629,tess,false_positive,4.30438,672.002,3.037,10.1989
TIC 430528566,tess,false_positive,0.5590256,660.0,0.688,10.1993
TIC 456305193,tess,false_positive,1.0995742,3168.0,0.952,10.2003
KIC 5598639,kepler,eclipse,0.648775795,108824.0,4.34648,10.201
TIC 358516596,tess,transit,3.2440454,15011.9381969,3.6774272,10.2025
TIC 30329585,tess,false_positive,7.5022708,1760.0,2.605,10.2026
TIC 409794137,tess,transit,10.1802014,11500.0,4.613,10.2042
KIC 6610433,kepler,variable,0.92098747,,2.04,10.206
TIC 467281353,tess,false_positive,2.8319354,780.0,3.21,10.2081
TIC 245947683,tess,false_positive,1.14288,2270.0,1.699,10.2098
TIC 66783360,tess,false_positive,1.3812787,1573.0,2.4,10.2107
TIC 67309890,tess,false_positive,1.1623941,1099.0,1.266,10.2108
TIC 232976128,tess,transit,13.0791581,1143.0,2.97,10.2108
TIC 92783821,tess,false_positive,3.8615978,1020.0,1.678,10.2115
TIC 296739893,tess,transit,5.0988038,2925.8222433,1.0252822,10.2139
TIC 71854745,tess,false_positive,3.10315,1760.07,3.535,10.2146
TIC 284564230,tess,false_positive,12.9773004,997.0,4.391,10.2182
TIC 357972447,tess,false_positive,0.33759,529.0,1.351,10.2193
TIC 19155785,tess,false_positive,3.1442556,2095.0,1.81,10.2207
TIC 432549364,tess,transit,1.2174936,6969.0,2.57,10.2242
TIC 179582003,tess,transit,104.6162557,6111.4633395,9.3317949,10.2301
TIC 158324245,tess,transit,1.7635881,6650.0,3.092,10.2306
TIC 219379012,tess,false_positive,1.5464949,930.0,1.101,10.231
TIC 156991337,tess,false_positive,6.9055908,803.795684,1.7156097,10.234
TIC 428065977,tess,false_positive,1.6534102,600.0,3.102,10.2347
TIC 317397615,tess,false_positive,0.7438074,633.0,1.377,10.2351
TIC 285677945,tess,false_positive,1.2427,663.745,1.563,10.2353
TIC 370745311,tess,false_positive,0.62627,1880.0,0.666,10.2355
TIC 275384718,tess,false_positive,7.72433,7120.0,8.03,10.2372
KIC 7116117,kepler,blend,0.566801886,5.9,5.733,10.238
TIC 445903569,tess,transit,4.0337201,2868.0,3.48,10.2396
TIC 167418898,tess,false_positive,10.9803025,2390.0,1.659,10.2401
TIC 153027658,tess,false_positive,2.3374921,760.0,2.279,10.2413
TIC 272050287,tess,false_positive,8.503614,1590.0,1.203,10.244
TIC 425220920,tess,false_positive,8.76905,14361.0,3.504,10.2462
TIC 19028197,tess,transit,3.3366511,6765.8704326,1.8580034,10.2479
TIC 453464017,tess,false_positive,3.9416903,12840.0,2.537,10.248
TIC 211438925,tess,transit,4.8996461,10957.0,3.07,10.248
TIC 154927364,tess,false_positive,6.9744232,9189.0,2.124,10.249
TIC 183537452,tess,transit,3.9227113,11362.3670709,2.6326626,10.2499
KIC 10389280,kepler,variable,375.408923,87.3,11.438,10.25
TIC 322202434,tess,false_positive,1.4013505,1532.0,1.562,10.2505
TIC 141227133,tess,false_positive,2.42232,5696.52,2.873,10.251
TIC 458914949,tess,false_positive,12.5343031,1517.0,4.572,10.2543
TIC 154089169,tess,transit,8.9534775,1136.0,2.696,10.2549
TIC 447061717,tess,transit,24.2454967,6260.6703602,3.3725583,10.2565
TIC 190743990,tess,false_positive,1.7380504,956.0,1.496,10.2566
TIC 229951289,tess,false_positive,13.3118,750.0,4.492,10.2572
TIC 324395151,tess,false_positive,3.4551479,5191.7260014,5.7444704,10.2581
TIC 49617263,tess,false_positive,4.83266,830.0,2.308,10.2589
TIC 239977528,tess,transit,30.1584857,2293.0,3.852,10.2592
TIC 434718964,tess,false_positive,1.597226,3834.1260621,5.3721722,10.262
TIC 278866211,tess,false_positive,2.1940616,5943.6922953,1.1555573,10.2638
TIC 201175570,tess,transit,9.6994666,512.9617961,15.7960068,10.264
TIC 410245915,tess,false_positive,0.9889446,979.0,1.681,10.2658
KIC 8179973,kepler,variable,2.49705175,,3.79,10.266
TIC 257605131,tess,transit,16.364873,2075.0944118,4.0478302,10.2666
TIC 286561122,tess,false_positive,0.6803433,565.5754223,2.0674164,10.2674
TIC 404467699,tess,transit,3.9080236,8100.0,3.292,10.2676
TIC 134396419,tess,false_positive,4.3652608,1362.0,1.976,10.2681
TIC 122262940,tess,false_positive,2.0034063,3372.0,2.661,10.2688
TIC 188589164,tess,transit,2.6162769,1120.6014184,1.134893,10.2705
TIC 459850897,tess,false_positive,1.1882681,2800.5248692,1.9593251,10.2726
TIC 310981412,tess,false_positive,9.62517,540.0,3.725,10.2728
TIC 416624606,tess,false_positive,2.5152549,1870.0,2.386,10.2732
TIC 326453034,tess,false_positive,14.445918,1273.806981,1.533311,10.2733
TIC 269217040,tess,transit,4.1661265,15441.3606576,3.7000327,10.2748
TIC 59859387,tess,false_positive,1.1203828,1901.0,1.665,10.2761
TIC 33091633,tess,false_positive,7.52118,50623.3,6.133,10.2763
TIC 461387302,tess,false_positive,5.8089284,1111.0,5.137,10.2763
TIC 20178111,tess,false_positive,1.734422,1230.0,2.32,10.2767
TIC 120960812,tess,transit,6.238755,373.5681138,3.6178567,10.2768
KIC 10991989,kepler,eclipse,0.974477904,8846.9,2.69834,10.282
TIC 26826078,tess,transit,2.8753183,23676.0,1.615,10.2832
TIC 345996087,tess,false_positive,2.01976,3963.85,3.394,10.2835
TIC 313891529,tess,false_positive,12.3750537,4155.6104825,6.6166181,10.2845
TIC 470315428,tess,false_positive,1.08625,1110.0,2.534,10.2851
TIC 269509393,tess,false_positive,1.76589,730.0,3.807,10.2866
TIC 189013222,tess,false_positive,1.3228701,720.0,1.589,10.2892
KIC 5094301,kepler,eclipse,0.99519559,13.7,2.293,10.291
TIC 165523947,tess,false_positive,2.99041,1290.0,3.952,10.2918
TIC 470852531,tess,false_positive,1.49446,890.0,2.114,10.2918
KIC 8552540,kepler,eclipse,0.530967171,378394.0,3.8102,10.292
TIC 304774444,tess,false_positive,3.6245513,1299.0,3.042,10.2934
TIC 241065596,tess,false_positive,1.6256942,1720.0,1.988,10.2936
TIC 232967440,tess,transit,7.0643978,8268.0,2.424,10.2938
TIC 220518305,tess,false_positive,14.1520377,3180.4559232,3.143991,10.294
TIC 245462406,tess,false_positive,2.27456,1020.0,3.32,10.2948
TIC 35315453,tess,false_positive,2.0341073,1090.8647356,3.3935378,10.2956
TIC 127476180,tess,false_positive,1.6038093,1190.6782952,2.253,10.2957
KIC 5383248,kepler,transit,16.23847733,646.7,3.9699,10.297
TIC 307111282,tess,false_positive,,7440.0,9.597,10.2978
TIC 101497191,tess,false_positive,3.64376,3632.91,3.38,10.298
TIC 238197709,tess,false_positive,13.7252522,4945.7679342,3.1694157,10.3001
TIC 411608801,tess,transit,5.0267996,6358.0060702,2.754044,10.3002
TIC 190496853,tess,transit,4.6616079,11972.0,4.007,10.3015
TIC 232679662,tess,false_positive,7.8513774,21571.0,6.699,10.3018
TIC 1717732429,tess,false_positive,7.8513949,22029.0,6.835,10.3018
TIC 137500798,tess,false_positive,13.2054538,644.0,4.875,10.3042
TIC 178284730,tess,transit,2.2359865,19058.0137423,1.5254332,10.3074
TIC 177126182,tess,false_positive,6.3037582,1700.0,3.757,10.3075
TIC 101929303,tess,false_positive,11.1876137,4924.0,3.183,10.3075
TIC 365389353,tess,false_positive,2.6380089,1683.0,3.55,10.3093
TIC 164150539,tess,false_positive,6.1600888,1120.0,1.67,10.3126
TIC 240148934,tess,false_positive,2.02365,1710.0,2.585,10.3135
TIC 93594834,tess,false_positive,1.3387555,357.2449276,3.2413088,10.3138
TIC 1405997635,tess,false_positive,1.8697825,2940.0,2.721,10.3147
TIC 38846515,tess,transit,2.8493827,7740.4889995,3.548888,10.3157
TIC 262457587,tess,false_positive,0.8219466,17968.0,2.147,10.318
TIC 104024556,tess,transit,2.0219583,10040.0,2.681,10.3182
TIC 387413037,tess,false_positive,6.72694,1070.0,2.649,10.3197
TIC 276380902,tess,false_positive,0.6171788,519.0,1.433,10.3202
TIC 197650870,tess,false_positive,2.1853174,1168.0,1.656,10.3209
TIC 468845640,tess,false_positive,3.99307,3892.81,4.783,10.3217
TIC 229650439,tess,transit,5.1396666,769.5996824,0.8991981,10.3237
KIC 3127911,kepler,variable,0.542498653,54.9,4.257,10.326
TIC 35377903,tess,false_positive,2.9937587,3142.6522925,4.6961883,10.3313
TIC 15565627,tess,false_positive,3.80509,1280.0,3.347,10.3332
TIC 293527670,tess,false_positive,0.98656,390.0,0.724,10.3338
TIC 253132689,tess,false_positive,3.217824,1288.0,1.735,10.3345
TIC 89535068,tess,false_positive,6.1110945,1098.152672,4.2566318,10.3349
TIC 341805908,tess,false_positive,1.491916,1474.3347879,2.3336552,10.3355
TIC 349790953,tess,false_positive,1.5521101,5430.0,2.699,10.3357
TIC 190081497,tess,false_positive,3.1630387,1130.0,4.661,10.3364
TIC 144193715,tess,transit,9.1512776,1074.0,2.616,10.339
TIC 148659924,tess,false_positive,7.3816254,2546.0,4.696,10.3437
TIC 118327550,tess,transit,7.397216,953.5477499,1.3164962,10.3475
TIC 152714791,tess,false_positive,1.27349,920.0,1.655,10.3486
TIC 294176967,tess,false_positive,1.8296155,1406.0,2.166,10.349
TIC 15445551,tess,transit,1.6827917,8131.4342611,3.0314666,10.349
TIC 406190563,tess,false_positive,1.773346,710.0,3.291,10.351
TIC 5772442,tess,false_positive,1.10578,672.523,1.87,10.351
TIC 289164482,tess,transit,2.6796164,827.5423687,0.9028948,10.3543
TIC 18574158,tess,false_positive,4.9131459,4488.0,1.25,10.3552
TIC 371188886,tess,transit,3.098367,496.0,1.963,10.3579
TIC 405862830,tess,false_positive,1.6268695,1502.0,3.231,10.3579
TIC 318022259,tess,transit,12.5739572,2170.0,2.722,10.3595
TIC 31114545,tess,false_positive,24.4232697,1920.0,3.788,10.3598
TIC 330332501,tess,false_positive,4.0157492,1150.0,2.706,10.3599
TIC 162246865,tess,false_positive,0.5646193,510.0,1.295,10.361
TIC 96291218,tess,false_positive,13.7058173,5788.0,2.597,10.3614
TIC 384984325,tess,transit,8.5386633,1730.0,2.337,10.3622
TIC 243921117,tess,transit,3.067816,34536.7848173,2.1103325,10.3622
TIC 421308357,tess,false_positive,16.6828999,2054.0,1.804,10.364
TIC 445137888,tess,false_positive,2.013653,822.8974252,2.1214907,10.3654
KIC 10156064,kepler,eclipse,2.427967843,126975.0,4.7847,10.367
TIC 368536386,tess,false_positive,1.69433,650.0,2.169,10.3693
TIC 312221462,tess,false_positive,30.4408598,1500.0,4.586,10.3703
TIC 456945304,tess,transit,2.1408063,628.0,1.569,10.3729
TIC 191284318,tess,transit,2.7759678,13613.0,3.074,10.374
TIC 259151170,tess,false_positive,,54500.0,4.149,10.374
TIC 352924930,tess,false_positive,4.0158188,560.0,6.257,10.3755
TIC 91555165,tess,transit,1.0526157,358.5076064,1.5288415,10.3759
KIC 12167361,kepler,eclipse,47.93094546,2144.4,2.6897,10.376
TIC 376637093,tess,transit,2.0560153,17453.0,2.773,10.377
TIC 316254876,tess,false_positive,2.4611008,1795.0,3.13,10.3775
TIC 53427308,tess,false_positive,5.80322,1710.0,1.569,10.379
TIC 376682699,tess,false_positive,1.1025238,2919.0,2.321,10.381
TIC 41330864,tess,false_positive,2.1358631,10325.0,1.559,10.381
TIC 464300749,tess,transit,18.0953159,3176.0,2.627,10.3823
TIC 230017325,tess,false_positive,9.6926509,1393.0,2.819,10.3843
TIC 232967666,tess,false_positive,15.196,1970.0,1.792,10.3874
TIC 449951606,tess,false_positive,5.1681189,1759.0,3.736,10.3879
TIC 319968129,tess,false_positive,6.216994,2060.0,2.759,10.3879
TIC 134537478,tess,transit,1.7100122,12680.0,1.79,10.3887
TIC 129319156,tess,false_positive,4.73703,2410.0,3.902,10.3918
TIC 191146556,tess,false_positive,2.5798051,5740.0,3.413,10.3959
TIC 409520860,tess,false_positive,0.71933,478.823,1.474,10.3973
TIC 236387002,tess,transit,7.2008611,50063.0,2.03,10.3978
TIC 220016044,tess,false_positive,0.9399664,587.9364245,1.122492,10.3987
TIC 416987878,tess,false_positive,2.86876,1030.0,2.422,10.399
TIC 288185138,tess,false_positive,0.8352406,2065.0,1.043,10.402
TIC 145027461,tess,false_positive,1.07242,632.189,1.996,10.4029
TIC 312259170,tess,false_positive,0.8229,2660.0,2.068,10.4049
TIC 143257766,tess,false_positive,1.66226,6030.0,3.321,10.4063
TIC 141412823,tess,false_positive,21.7004042,406.0,9.415,10.4078
TIC 120317234,tess,transit,6.8834027,771.0,1.92,10.4081
TIC 329145325,tess,false_positive,1.077774,2680.0,2.682,10.4089
TIC 157568289,tess,false_positive,1.8361503,2470.0,4.12,10.4091
TIC 388909695,tess,transit,10.1466193,8161.0,5.519,10.4106
TIC 252636888,tess,false_positive,2.590266,700.0,4.378,10.4116
TIC 72668830,tess,false_positive,19.9706574,1037.3799062,1.8801996,10.4161
TIC 445859771,tess,transit,4.6313014,4860.0,1.435,10.418
TIC 429302040,tess,transit,5.72226,25549.0,2.648,10.418
TIC 251848941,tess,transit,6.5578513,1596.0,2.08,10.42
KIC 8430105,kepler,variable,63.3278636,11515.0,47.0744,10.42
KIC 8013439,kepler,transit,5.62904396,39.5,3.7295,10.421
KIC 11807274,kepler,transit,7.81285862,117.3,4.098,10.421
TIC 274138511,tess,false_positive,2.774207,693.389889,2.393565,10.4215
TIC 155005217,tess,false_positive,7.6047417,1200.0,5.23,10.4216
TIC 203189770,tess,transit,3.612771,11794.0,4.142,10.4219
TIC 99869022,tess,transit,3.6714717,4340.0,2.149,10.4221
TIC 146364192,tess,transit,2.3691651,316.0727654,2.2926887,10.4222
TIC 318746829,tess,false_positive,5.2273176,2856.0,3.572,10.4234
TIC 10837041,tess,transit,0.7827075,526.867675,1.0403706,10.4238
TIC 285666479,tess,false_positive,1.71614,681.449,2.038,10.424
TIC 256621916,tess,false_positive,1.4136455,2427.0,1.448,10.4243
TIC 154459165,tess,false_positive,3.1471655,1440.0,3.402,10.4259
TIC 15827263,tess,false_positive,3.9525732,857.0,2.378,10.4263
TIC 77156829,tess,transit,0.8602406,719.5357708,0.5124345,10.4276
TIC 230267547,tess,false_positive,2.2263798,1270.0,2.863,10.4288
TIC 31858843,tess,transit,2.9776446,13022.0,2.962,10.4293
TIC 107728509,tess,false_positive,2.6646183,840.0,4.135,10.4304
TIC 333821572,tess,false_positive,2.8259491,2206.0,2.409,10.4337
KIC 12255382,kepler,eclipse,0.499664962,34.3,1.6123,10.437
TIC 129991079,tess,false_positive,6.15952,1230.0,3.834,10.4375
TIC 193336820,tess,transit,5.006622,1290.0,1.66,10.4382
TIC 393414358,tess,transit,4.3780807,7074.3931388,5.3900978,10.439
TIC 420288086,tess,false_positive,6.5344463,3240.0,2.774,10.4397
TIC 306902029,tess,false_positive,1.0754572,690.0,1.832,10.4406
TIC 43647325,tess,transit,3.1615697,17482.2328085,3.1425792,10.4408
TIC 270841724,tess,false_positive,18.90372,24270.0,9.067,10.441
TIC 344600402,tess,false_positive,1.3875331,952.0,2.679,10.4425
TIC 470709084,tess,false_positive,3.66505,910.0,2.346,10.4433
TIC 111991770,tess,transit,3.752062,9500.430305,3.680056,10.4445
TIC 76420654,tess,transit,4.9133022,2040.0,5.159,10.445
TIC 261135533,tess,transit,0.2381823,493.9763957,0.4763536,10.4458
TIC 356473034,tess,transit,2.6158597,13363.0,2.517,10.4467
KIC 7352727,kepler,blend,2.45649061,287.8,2.844,10.45
TIC 252537013,tess,false_positive,7.0469712,1020.0,2.551,10.4505
TIC 258777134,tess,false_positive,5.929405,16410.0,3.719,10.451
TIC 385105624,tess,false_positive,1.7498117,2549.0,1.641,10.4511
TIC 110936761,tess,false_positive,2.2906144,1390.0,1.949,10.4519
TIC 133654092,tess,false_positive,1.97353,867.428,2.169,10.4527
KIC 4945877,kepler,blend,1.339670241,28.6,1.895,10.455
TIC 292321872,tess,false_positive,8.66698,9854.3,6.104,10.4562
TIC 190442486,tess,false_positive,5.4561177,1360.0,3.1,10.4568
KIC 11922782,kepler,eclipse,1.756466865,188219.0,4.7781,10.46
TIC 389182138,tess,false_positive,2.7260173,1165.0,2.703,10.4602
TIC 54364414,tess,false_positive,1.37477,960.0,1.601,10.4608
TIC 343648136,tess,false_positive,1.15395,1550.0,2.236,10.4613
TIC 122612091,tess,transit,2.2167436,4239.7484463,3.8789472,10.4614
KIC 10666592,kepler,transit,2.204735417,6674.7,3.88864,10.463
TIC 272625214,tess,false_positive,5.2469991,1180.0,3.45,10.4641
TIC 76923707,tess,transit,4.5320502,7809.0577339,2.4927338,10.4654
TIC 8599009,tess,transit,2.88069,10380.0,1.784,10.4673
KIC 7684873,kepler,eclipse,2.947376671,433.2,2.0911,10.47
TIC 363761216,tess,false_positive,7.4072602,14765.0,3.019,10.4708
TIC 145982812,tess,false_positive,0.82967,4744.55,1.755,10.4708
TIC 415741431,tess,false_positive,2.1575124,550.0,2.236,10.471
TIC 24364065,tess,false_positive,4.05135,1132.23,2.4,10.4717
TIC 46020827,tess,transit,9.3911326,6074.3894093,4.5117643,10.4725
TIC 459997997,tess,false_positive,5.547485,3350.0,5.412,10.4748
TIC 377780790,tess,transit,0.8374997,248.9571168,1.9640812,10.4767
TIC 251086776,tess,false_positive,726.1175225,1707.6927809,2.2543368,10.4779
TIC 147950620,tess,transit,2.3106428,6911.0,1.294,10.4782
TIC 149282072,tess,false_positive,3.7006742,840.0,3.115,10.4787
TIC 89759617,tess,false_positive,3.3295394,2620.0,2.77,10.4806
TIC 89643259,tess,false_positive,2.2219839,4394.0,1.996,10.4813
TIC 410528770,tess,false_positive,2.7536237,1460.0,2.39,10.4824
KIC 4180396,kepler,variable,3.684337918,76.7,2.1931,10.483
TIC 367099243,tess,false_positive,1.8286961,7283.0,3.37,10.4849
TIC 117322779,tess,false_positive,0.68601,910.0,1.614,10.485
TIC 347098457,tess,false_positive,3.1510408,2025.1072724,2.9657375,10.4856
TIC 345724317,tess,false_positive,2.817627,868.0,1.455,10.4875
TIC 334911765,tess,false_positive,0.88958,1240.0,1.844,10.4877
TIC 356453768,tess,false_positive,2.3330349,2795.0,3.005,10.4879
TIC 270333769,tess,false_positive,4.1207509,973.0,2.158,10.4887
TIC 406941612,tess,transit,4.6780659,1835.605525,1.5119742,10.4904
TIC 243200602,tess,transit,11.5509742,10842.0,3.571,10.491
TIC 320506985,tess,false_positive,1.08697,860.0,1.967,10.4925
TIC 281979481,tess,false_positive,0.5417947,537.9244902,1.1716379,10.4929
TIC 293567206,tess,false_positive,0.6856225,723.0,0.751,10.4929
TIC 452803785,tess,false_positive,5.0037857,1950.0,4.154,10.4935
TIC 259377017,tess,transit,3.3601671,976.6940501,1.3266673,10.4981
TIC 80275202,tess,false_positive,3.6649528,3865.0,3.245,10.4989
KIC 8292840,kepler,transit,100.2830675,351.2,10.8636,10.5
TIC 394509844,tess,false_positive,6.89132,5940.0,5.369,10.5
TIC 315755496,tess,false_positive,4.27808,1096.6013542,1.9576205,10.5008
TIC 335996558,tess,false_positive,1.46329,750.0,2.431,10.5027
TIC 219824469,tess,false_positive,5.4809161,2770.0,5.031,10.5038
KIC 7868092,kepler,variable,180.71809,31.2,10.85,10.505
TIC 90919952,tess,false_positive,4.13812,5560.0,3.911,10.5084
TIC 117979694,tess,false_positive,1.9784257,720.0,2.106,10.5094
TIC 394657039,tess,transit,3.7628372,11360.0,3.956,10.5132
TIC 318608749,tess,false_positive,20.0731588,1152.9645461,3.8449215,10.5135
TIC 84339983,tess,transit,2.7908285,10049.6938823,2.2599869,10.5136
TIC 418959198,tess,false_positive,4.8962484,1186.0289925,2.362418,10.5152
TIC 268371979,tess,false_positive,2.78102,748.64,1.657,10.5153
TIC 1400212743,tess,false_positive,5.24612,1030.0,4.194,10.5163
TIC 198153540,tess,transit,8.0214735,882.3089291,3.2087652,10.5191
TIC 356867115,tess,transit,6.0964074,1142.4891745,2.3632965,10.5216
TIC 177722855,tess,false_positive,2.3960724,680.0,4.53,10.5224
KIC 11192141,kepler,eclipse,1.353771892,1349.1,7.012,10.523
TIC 153651591,tess,false_positive,2.1456324,1438.6746953,2.1680096,10.5259
TIC 393831507,tess,transit,4.860673,6140.0,2.632,10.5268
TIC 239638934,tess,false_positive,6.0027375,6100.0,4.164,10.5284
TIC 147340931,tess,false_positive,4.3114812,6360.0,3.505,10.5287
TIC 125739286,tess,transit,4.5111234,11170.0,4.525,10.5288
TIC 318209162,tess,false_positive,711.7642825,20978.1367866,3.4176443,10.5295
TIC 311133118,tess,transit,3.5061649,18379.4360484,1.6009658,10.5319
TIC 404610583,tess,false_positive,3.5381039,11844.6534836,2.441937,10.5332
TIC 326732851,tess,false_positive,1.51567,750.0,2.281,10.5365
TIC 300011941,tess,false_positive,1.8141215,129.4041201,4.6006154,10.5385
TIC 146244533,tess,false_positive,8.8088443,3550.0,4.411,10.5387
TIC 280437559,tess,transit,1.8237371,1890.0,1.347,10.5424
KIC 6117415,kepler,eclipse,19.741616041,88821.5,3.07231,10.543
TIC 173103335,tess,transit,10.0546003,1321.020031,2.640621,10.5459
TIC 219854519,tess,transit,31.0343214,1572.1891091,12.0587354,10.5481
TIC 125894957,tess,false_positive,2.67425,1920.0,3.779,10.5484
TIC 236312126,tess,transit,3.9415041,21330.0,2.866,10.5484
TIC 144043410,tess,false_positive,6.2636501,7043.2784811,5.3639991,10.5484
TIC 306955329,tess,transit,6.3634106,2368.6952027,2.692302,10.5508
TIC 398895470,tess,transit,2.6940348,11715.9037129,4.1073512,10.5523
KIC 9216810,kepler,variable,138.62902498,,4.93,10.555
TIC 143994283,tess,false_positive,1.90879,618.482,1.909,10.5551
TIC 380907135,tess,transit,4.0460644,8004.0,5.824,10.5559
TIC 144138509,tess,false_positive,,1351.8684487,2.9940024,10.5568
TIC 178367144,tess,transit,3.4091568,16294.3969402,3.2067861,10.5572
TIC 50712784,tess,transit,5.4053583,6770.0,4.859,10.5579
TIC 210083929,tess,transit,2.3927114,13405.0,1.806,10.5581
TIC 203214138,tess,transit,5.1699026,3110.0,1.972,10.5649
KIC 8718273,kepler,eclipse,3.479508244,3000.4,3.9097,10.565
TIC 311890977,tess,false_positive,6.63371,1555.34,2.122,10.5652
TIC 96097215,tess,false_positive,1.60245,890.0,0.312,10.5656
TIC 206541859,tess,transit,30.083503,5439.2108279,3.9858103,10.5663
TIC 124543547,tess,false_positive,,6000.0,7.352,10.5672
TIC 427279997,tess,false_positive,2.89453,550.0,3.327,10.5682
TIC 176984236,tess,false_positive,1.7560902,1650.0,1.763,10.5683
TIC 257052211,tess,false_positive,2.2175244,1682.0,2.462,10.5702
TIC 445586472,tess,false_positive,1.7393631,428.8811939,3.6069028,10.5704
TIC 209459275,tess,transit,6.9839072,10050.0,5.076,10.5704
TIC 103604037,tess,false_positive,19.5202386,2962.4035565,4.096058,10.571
TIC 261867566,tess,transit,3.7395716,15256.9023477,2.0436597,10.5721
TIC 407591297,tess,transit,2.594675,1070.0,0.313,10.5737
TIC 294179389,tess,false_positive,2.6796,7590.0,2.771,10.5742
TIC 453209605,tess,false_positive,2.80944,1606.43,3.151,10.5766
TIC 409459226,tess,false_positive,1.27997,790.0,2.425,10.5816
TIC 152476657,tess,transit,3.6112621,5684.0944144,3.5377447,10.5831
TIC 36724087,tess,transit,0.7683904,903.9933214,1.0241242,10.5848
TIC 32487566,tess,transit,2.7567395,9248.4759918,2.3808565,10.5853
TIC 34551972,tess,false_positive,4.8542148,7842.3157995,5.588206,10.5873
TIC 279251651,tess,false_positive,0.4038426,636.6337963,1.0592218,10.5886
TIC 271581073,tess,false_positive,2.66903,3110.0,1.548,10.5891
TIC 288471040,tess,false_positive,2.5139764,560.0,2.36,10.5893
TIC 259129875,tess,false_positive,0.43889,650.0,0.947,10.5896
KIC 4269252,kepler,blend,9.4022333,316.0,2.79,10.59
TIC 256414077,tess,false_positive,3.01106,1617.22,3.073,10.5907
TIC 121731834,tess,transit,5.8599392,289.4487735,4.0842391,10.593
TIC 13499636,tess,false_positive,11.3246821,1937.5829721,5.9704136,10.5954
TIC 442530946,tess,transit,3.7130279,10664.9875098,3.3859417,10.5959
TIC 240968774,tess,transit,5.9711357,1437.1086027,1.5478671,10.5977
TIC 329277372,tess,false_positive,2.8879675,23489.3314084,3.6626399,10.5998
TIC 182943944,tess,false_positive,1.10422,14177.7,2.37,10.6019
TIC 337129672,tess,false_positive,49.1077047,28125.1452075,2.9402319,10.6029
KIC 3337061,kepler,eclipse,6.5583706,136.0,3.286,10.609
TIC 25155310,tess,transit,3.2887898,7005.7247902,3.4367717,10.6103
TIC 120255950,tess,transit,31.5786847,2119.3256676,2.1295055,10.6114
TIC 179159972,tess,false_positive,1.37101,1561.43,2.379,10.6124
KIC 9826171,kepler,variable,434.39148,120.3,13.02,10.614
TIC 148673433,tess,transit,3.7711066,1647.6730314,2.3375061,10.6147
TIC 408159788,tess,false_positive,2.300698,780.0,3.451,10.6152
TIC 277014266,tess,false_positive,1.3797091,1320.0,2.352,10.6168
TIC 287190564,tess,false_positive,1.49861,2188.61,2.871,10.6229
KIC 7115661,kepler,variable,0.566800926,264.5,4.407,10.624
TIC 291555748,tess,false_positive,4.95912,7440.0,2.509,10.6254
TIC 175310067,tess,false_positive,12.6889415,3232.8527885,7.9201001,10.6257
TIC 374180079,tess,transit,19.4834833,1509.6832721,4.6663301,10.6269
KIC 10214328,kepler,variable,659.2907,338.1,22.106,10.629
KIC 2697935,kepler,eclipse,21.5135234,1583.8,77.983,10.63
TIC 49428710,tess,transit,12.2193392,1670.1310625,4.8876935,10.6309
TIC 293607057,tess,transit,4.2889696,5850.0,2.517,10.6311
TIC 232941965,tess,transit,7.1487697,1900.0,6.864,10.6338
TIC 327577308,tess,false_positive,1.45655,580.0,1.51,10.636
TIC 106114491,tess,false_positive,9.7216312,1830.0,3.272,10.6372
TIC 399144800,tess,false_positive,27.2149622,4731.4046225,3.7190483,10.6392
TIC 198008005,tess,transit,3.2797206,11148.420202,3.5795839,10.6444
TIC 286355915,tess,false_positive,4.076684,10459.727229,4.4132181,10.6479
TIC 46096489,tess,transit,3.118536,12242.731322,2.043274,10.6481
TIC 279999655,tess,false_positive,1.54104,30644.8,1.686,10.649
TIC 240681314,tess,transit,2.7324809,9548.2806012,2.2139341,10.6496
TIC 81247740,tess,transit,1.3641482,7820.0,0.952,10.6503
TIC 138294130,tess,transit,3.0565259,8800.0,4.145,10.6506
TIC 257527578,tess,transit,54.3212423,3708.0,4.024,10.6509
TIC 350153977,tess,transit,3.1837789,850.2084133,2.3252968,10.6513
TIC 382188882,tess,false_positive,4.8000953,5241.0677476,1.9968681,10.6559
KIC 8197761,kepler,eclipse,9.86869589,5915.0,2.876,10.656
KIC 12021387,kepler,eclipse,241.07074582,70291.7,9.88863,10.656
TIC 265077027,tess,false_positive,4.79586,26891.1,2.132,10.6596
TIC 428787891,tess,transit,3.8240826,10096.1098633,2.5172521,10.6611
KIC 9292130,kepler,variable,362.747593,132.4,16.45,10.662
KIC 6286633,kepler,variable,366.28999,2568.0,10.869,10.664
TIC 306648160,tess,transit,3.6525305,9770.0,4.153,10.6651
TIC 179155220,tess,false_positive,0.60274,16763.6,1.834,10.6659
TIC 229770036,tess,false_positive,2.14056,355.8315803,2.029,10.6666
TIC 209464063,tess,transit,119.3355264,2400.0,6.863,10.6691
TIC 269333648,tess,transit,64.5947,4240.0,8.943,10.6693
TIC 5109298,tess,false_positive,1.6187107,1352.1697973,4.739749,10.6698
TIC 402898317,tess,transit,53.8108713,965.1696621,4.2655099,10.6699
TIC 1003831,tess,transit,1.6511456,3205.5671437,0.9495247,10.6701
TIC 357536526,tess,false_positive,1.57363,710.0,2.558,10.6707
TIC 353475866,tess,transit,1.766692,830.5082973,1.4196682,10.6714
KIC 2708156,kepler,eclipse,1.891268461,641910.0,8.24958,10.672
TIC 233569098,tess,false_positive,23.48522,6020.0,3.546,10.6746
TIC 117843067,tess,false_positive,2.3767548,7940.0,3.225,10.6749
TIC 463203560,tess,false_positive,1.9905105,2270.0,2.62,10.6758
TIC 219388773,tess,false_positive,1.5716819,743.4097278,1.9672248,10.6793
KIC 5648449,kepler,eclipse,4.348866254,625.6,3.2797,10.68
TIC 268644785,tess,transit,3.3294649,10603.9863905,4.0123108,10.6815
TIC 410450228,tess,false_positive,15.7785031,6885.0112437,3.4747272,10.6845
KIC 4909707,kepler,variable,2.302365255,62160.0,23.88,10.691
TIC 70524163,tess,transit,4.3474,3520.0,4.684,10.6918
TIC 169765334,tess,transit,5.7042858,940.986289,4.061264,10.6929
TIC 37770169,tess,transit,12.1914558,2625.0570737,3.3188127,10.6995
TIC 445822015,tess,false_positive,1.66402,7964.45,3.397,10.7014
TIC 379629854,tess,false_positive,2.8278059,650.0,2.174,10.702
TIC 176957796,tess,false_positive,4.8173797,1800.0,1.323,10.702
TIC 298495970,tess,false_positive,8.4249043,21600.0,2.311,10.7033
TIC 404340025,tess,transit,2.6755521,14340.9908648,3.2277336,10.7036
TIC 341630071,tess,transit,26.2049782,5593.1821784,5.8635323,10.7047
TIC 395393265,tess,transit,3.3772835,7216.4961357,3.6434514,10.7053
TIC 155044736,tess,false_positive,1.3730466,1301.5065338,2.5708515,10.7069
TIC 271596418,tess,false_positive,0.556109,172.860189,1.096708,10.7109
TIC 355636844,tess,false_positive,6.30556,860.0,2.946,10.7124
TIC 239154970,tess,transit,3.4744763,12920.0,4.258,10.7131
TIC 41227743,tess,false_positive,1.4188153,136.3471608,4.5754288,10.714
TIC 229747848,tess,transit,4.8420438,318.6638392,2.4105648,10.7157
TIC 311035838,tess,transit,2.8997405,13760.0,1.849,10.7164
TIC 160222069,tess,false_positive,5.8508237,876.8239527,3.4458826,10.717
TIC 140706664,tess,false_positive,3.28892,10518.9,3.793,10.7173
KIC 8547366,kepler,variable,128.66825288,,2.67,10.719
TIC 277099925,tess,false_positive,0.8086308,889.7191222,3.0190282,10.721
TIC 157698565,tess,transit,61.6277,8878.0,6.401,10.7211
TIC 78775584,tess,false_positive,5.5553784,1050.0,2.256,10.7217
TIC 381856447,tess,transit,1.7690121,10110.2139841,1.0172953,10.7218
TIC 122617317,tess,transit,0.9902892,278.9096992,1.3567356,10.7236
TIC 219852882,tess,transit,5.5025577,844.7022676,3.1711008,10.7261
TIC 373453507,tess,false_positive,15.7925628,1190.0,2.823,10.7302
TIC 243153196,tess,false_positive,10.1391591,6450.0,2.662,10.7304
TIC 270380593,tess,transit,3.8361623,5357.5774934,2.4128495,10.7307
TIC 453789494,tess,transit,5.4774433,9010.0,5.277,10.7316
TIC 70899085,tess,transit,4.0520368,5512.4033193,1.5605128,10.7329
KIC 8607720,kepler,variable,3.99751422,32.8,3.686,10.733
KIC 4349452,kepler,transit,6.238535444,401.6,3.5255,10.734
KIC 6848529,kepler,variable,197.37704,226.2,18.71,10.734
KIC 10532751,kepler,variable,367.761848,428.0,4.891,10.736
TIC 29857954,tess,transit,9.47686,2980.0,4.392,10.7379
TIC 71396541,tess,false_positive,6.269716,1240.0,3.696,10.7386
TIC 328750515,tess,false_positive,2.3359622,3066.2492749,6.0165684,10.7387
TIC 396740648,tess,transit,3.7701296,4361.1801082,2.8512056,10.7424
TIC 58824746,tess,transit,10.2829583,865.1246457,3.5348916,10.7434
TIC 147797743,tess,transit,3.691559,16316.0231993,2.720758,10.7447
TIC 356158613,tess,false_positive,,2167.3207374,3.417725,10.745
TIC 306472057,tess,transit,139.3048512,5057.6776282,12.1948293,10.7525
TIC 159873822,tess,transit,13.7905315,1140.0,3.301,10.7545
TIC 341419787,tess,false_positive,21.0689935,3392.7700746,3.7404027,10.7607
TIC 378355116,tess,false_positive,3.5684459,939.0,2.934,10.7633
TIC 229285649,tess,false_positive,8.493027,20750.0,3.733,10.7669
TIC 292152376,tess,transit,2.1499907,25640.8126075,3.1026968,10.7696
TIC 400786146,tess,false_positive,22.1536777,4469.3198771,7.5893785,10.7716
TIC 323658120,tess,false_positive,43.8418559,4630.0,4.599,10.7717
TIC 294500964,tess,false_positive,9.0702531,3806.1953378,1.9063647,10.7757
TIC 160162987,tess,false_positive,23.0531698,2940.0,1.228,10.7791
TIC 4918918,tess,transit,0.5734766,818.3903403,0.9004508,10.7818
TIC 376168473,tess,false_positive,5.41402,7780.0,4.418,10.787
KIC 5905822,kepler,transit,6.99205021,33.4,5.037,10.787
TIC 149969625,tess,transit,14.0666014,1450.8250307,2.7078373,10.7875
TIC 398943781,tess,transit,3.0524018,22270.0,2.483,10.7875
TIC 388130235,tess,false_positive,92.1950921,3760.0,4.206,10.7891
TIC 242083025,tess,false_positive,0.6466988,1063.700888,1.0248899,10.7892
TIC 285048486,tess,transit,3.4913952,5400.0,1.763,10.7921
TIC 394918211,tess,transit,4.3780194,1604.3825129,8.4203321,10.7934
KIC 6956014,kepler,eclipse,0.925589891,400.8,1.967,10.795
TIC 260849386,tess,false_positive,1.0339,520.0,1.404,10.7961
TIC 219852584,tess,transit,3.1968838,7958.980656,3.7533697,10.7973
TIC 254629854,tess,false_positive,0.9714298,1650.0,1.251,10.7989
KIC 8098728,kepler,eclipse,24.4851178,263.8,4.642,10.8
TIC 121966220,tess,false_positive,6.7171913,9138.715071,7.5037208,10.8001
TIC 233681149,tess,false_positive,8.5865509,1754.7731836,4.6739293,10.8037
TIC 219854185,tess,transit,3.9443668,6732.488454,4.8652146,10.8041
TIC 19342878,tess,transit,1.3328252,19240.1766706,2.0496174,10.8042
KIC 4758368,kepler,eclipse,1.874967748,31525.9,10.0159,10.805
TIC 89020549,tess,transit,2.1096805,1309.7297126,2.1344043,10.8061
TIC 102713734,tess,transit,3.397862,9960.0,4.502,10.8064
KIC 11296798,kepler,variable,677.35794,322.4,9.698,10.808
KIC 10987439,kepler,eclipse,10.67459836,16676.0,3.82706,10.81
KIC 10191056,kepler,eclipse,1.21374744,185129.0,5.79293,10.811
TIC 355867695,tess,transit,3.1274634,1331.83693,1.9812695,10.8116
TIC 280655495,tess,transit,5.8769438,7168.7849256,4.5933803,10.8137
TIC 398912927,tess,false_positive,19.8875338,3020.0,1.34,10.8154
KIC 7821010,kepler,eclipse,24.238241803,461962.0,4.16665,10.816
TIC 306362738,tess,transit,2.7817379,12808.3940801,2.1508237,10.8164
TIC 270604417,tess,transit,7.5427509,3098.3066655,6.4481914,10.8165
TIC 75656058,tess,false_positive,1.78166,8160.0,2.765,10.8181
KIC 10514430,kepler,blend,20.71927223,224.6,4.0388,10.821
TIC 23650642,tess,false_positive,1.12355,1020.0,1.611,10.8219
TIC 219380235,tess,false_positive,3.9773904,1134.0,2.82,10.8239
TIC 411839167,tess,transit,6.1802614,5383.8458373,4.1830206,10.8243
TIC 1449756,tess,false_positive,11.3543085,2190.0,3.414,10.8256
KIC 3941219,kepler,variable,282.159571,196.3,5.069,10.826
TIC 268532343,tess,transit,5.84259,2670.0,3.747,10.8285
KIC 4458109,kepler,variable,41.477908,29.9,10.45,10.83
KIC 11560447,kepler,eclipse,0.527678272,247744.0,2.33166,10.834
TIC 101955023,tess,transit,1.6289322,2512.1192447,0.809276,10.8372
TIC 166697854,tess,false_positive,2.75753,1071.45,1.376,10.8387
TIC 263179590,tess,transit,3.7382381,1316.4622757,2.975208,10.844
TIC 284288080,tess,false_positive,1.83485,1200.0,2.673,10.8457
KIC 8167938,kepler,variable,2.565717939,1941.7,1.7084,10.846
TIC 261257684,tess,transit,83.9993991,1856.5912767,4.9317658,10.846
TIC 377304435,tess,false_positive,11.35626,2190.0,6.047,10.8475
TIC 63013648,tess,false_positive,19.6304978,7651.8898952,3.2073832,10.8481
TIC 95129101,tess,false_positive,3.929983,2270.0,2.153,10.8508
TIC 123357864,tess,transit,16.1455898,919.5336262,4.5431711,10.8515
TIC 141631253,tess,false_positive,1.6709011,1210.5574745,2.2820392,10.8521
TIC 399860444,tess,transit,2.4706114,14310.7159758,1.794486,10.854
TIC 425163745,tess,false_positive,0.27664,15669.3,0.72,10.855
TIC 417646390,tess,transit,3.8016217,8310.0,3.223,10.8557
TIC 300013921,tess,false_positive,54.6616036,2020.0,2.388,10.8578
KIC 9913481,kepler,eclipse,3.50474265,88625.0,8.2852,10.862
TIC 391821647,tess,false_positive,1.995837,442.0829981,6.5277544,10.8623
KIC 10991239,kepler,variable,0.523629052,122.0,3.443,10.863
TIC 76197937,tess,false_positive,1.78252,1920.0,2.729,10.8642
KIC 5006817,kepler,variable,94.818136,,83.31,10.866
TIC 394722182,tess,transit,3.5315897,7230.0,2.689,10.8673
KIC 5514383,kepler,transit,6.88341278,487.4,2.0674,10.868
TIC 179317684,tess,transit,4.2311173,7261.2759361,4.3531635,10.8719
TIC 219205407,tess,false_positive,6.1253092,39400.0,1.992,10.8732
KIC 5989391,kepler,variable,71.59889,654.0,10.53,10.877
TIC 49967354,tess,false_positive,1.09333,1250.0,1.975,10.879
TIC 441765914,tess,transit,124.72987,1781.9160024,7.2967692,10.8812
TIC 387664868,tess,false_positive,2.65688,1959.88,2.615,10.8823
KIC 6153407,kepler,transit,5.99078221,69.9,1.699,10.884
KIC 3120320,kepler,eclipse,10.265613245,150465.0,5.67553,10.885
TIC 243185500,tess,transit,15.5324385,2937.4953214,1.7640717,10.8858
KIC 9899216,kepler,blend,1.33259003,11.9,3.962,10.886
TIC 61733521,tess,false_positive,3.36296,750.0,2.594,10.8911
TIC 233720539,tess,false_positive,2.555332,6550.0,5.14,10.8946
TIC 100389539,tess,transit,4.2809767,7520.0,3.145,10.8961
TIC 420779000,tess,transit,4.2342153,6137.4069869,2.5166257,10.9016
TIC 173860688,tess,false_positive,0.845657,390.0,1.824,10.9017
TIC 271893367,tess,transit,5.8574075,6489.7302346,5.8548029,10.9031
TIC 361711730,tess,transit,10.2436729,9410.0,2.999,10.9097
TIC 103751498,tess,transit,3.7146478,12620.0,3.835,10.9101
TIC 150428135,tess,transit,27.8096898,406.8232517,2.9558823,10.9102
TIC 271169413,tess,transit,3.9649053,1160.5626137,1.6788114,10.9139
TIC 336456596,tess,false_positive,0.77871,670.0,1.458,10.9141
TIC 419419534,tess,false_positive,1.680148,1420.0,1.217,10.9144
KIC 5990753,kepler,eclipse,7.21636091,384.7,2.218,10.916
TIC 65347776,tess,false_positive,25.86696,2240.0,4.923,10.9166
TIC 9348006,tess,transit,10.2405483,9950.0,3.538,10.9184
TIC 129432342,tess,false_positive,1.79217,1710.0,1.797,10.9198
KIC 3936658,kepler,variable,71.1577054,,4.85,10.923
KIC 3762553,kepler,variable,289.788624,473.9,2.857,10.924
TIC 346418409,tess,false_positive,2.7556532,2854.4589288,3.3967282,10.9243
KIC 7670943,kepler,transit,18.01164974,107.8,6.7367,10.927
TIC 169461816,tess,transit,17.8552322,8831.6711744,7.525823,10.931
TIC 36592530,tess,transit,2.4841975,10361.0,1.511,10.931
TIC 274662200,tess,false_positive,1.2284388,1229.4965125,1.9190118,10.9313
TIC 85593751,tess,transit,3.7224626,19962.6105832,2.595678,10.9332
TIC 224313733,tess,false_positive,197.0336254,11900.0,7.338,10.9374
TIC 258801269,tess,false_positive,5.48923,910.0,3.29,10.938
TIC 445254275,tess,false_positive,2.57134,920.0,3.824,10.9415
TIC 239541449,tess,false_positive,1.9261183,3853.8831363,1.068842,10.9417
TIC 219015370,tess,transit,3.9152737,3350.0,2.562,10.9458
KIC 4769799,kepler,eclipse,21.92866538,22178.4,9.7526,10.946
TIC 394050135,tess,transit,8.8720542,6144.296801,3.6593396,10.9461
TIC 453230066,tess,false_positive,1.5492212,1420.0,2.287,10.9469
TIC 29960110,tess,transit,2.4919771,2093.9594201,1.4338141,10.9473
TIC 316606244,tess,false_positive,3.310636,590.0,3.9,10.9511
TIC 269424395,tess,false_positive,2.41872,1160.0,2.685,10.9518
TIC 91869778,tess,false_positive,3.4771921,3250.0,2.002,10.9521
TIC 124702477,tess,false_positive,0.7951534,1920.0,0.912,10.9539
TIC 17865622,tess,transit,3.1198404,8016.8009531,1.7646723,10.9541
TIC 77031414,tess,transit,1.3866519,14246.4665531,2.3006751,10.9571
TIC 461080504,tess,false_positive,6.0988471,8857.7284148,5.408818,10.9572
TIC 237104103,tess,transit,4.5371361,4199.7558754,4.042155,10.9585
KIC 10407210,kepler,blend,0.933728755,13.5,4.363,10.959
TIC 364075352,tess,false_positive,37.83633,8240.0,5.713,10.9591
KIC 6889235,kepler,variable,5.188671659,548.9,5.0534,10.96
TIC 132320310,tess,false_positive,1.3955317,960.0,2.62,10.9602
KIC 11904151,kepler,transit,45.29422297,477.1,6.83,10.961
KIC 6688318,kepler,variable,326.370361,568.8,4.526,10.963
KIC 3560301,kepler,variable,4.6484156,128.4,38.1939,10.963
TIC 436478932,tess,transit,4.3226229,11939.7472843,3.3699025,10.9644
TIC 90850770,tess,transit,8.000489,4606.7419685,4.6706895,10.9651
TIC 68007716,tess,transit,5.4566563,4160.0,3.783,10.9657
TIC 219239945,tess,false_positive,13.697384,1061.94658,4.783848,10.966
KIC 11671429,kepler,eclipse,112.46358893,242411.0,31.8273,10.967
TIC 358186451,tess,false_positive,1.3176767,530.0,1.692,10.9683
TIC 328934463,tess,transit,11.2347982,4780.0,6.217,10.9687
TIC 372207328,tess,transit,0.2792211,779.0,0.409,10.97
TIC 199671901,tess,transit,4.4571444,7175.6801891,6.1089711,10.9726
TIC 66561343,tess,transit,10.6265837,7530.0,5.415,10.9739
KIC 7431665,kepler,eclipse,281.509095,5948.7,40.963,10.974
TIC 12036590,tess,false_positive,5.73436,17740.0,1.146,10.9766
TIC 9725627,tess,transit,4.1567834,4830.1859522,3.9413609,10.9774
TIC 127793615,tess,false_positive,9.27898,9020.0,6.514,10.9805
TIC 259126549,tess,false_positive,7.3845072,25160.0,4.531,10.9828
TIC 280307604,tess,false_positive,4.3229915,1980.0,0.875,10.9833
TIC 229536616,tess,false_positive,3.93034,9724.58,3.667,10.9873
KIC 11494130,kepler,variable,18.95491633,867.5,24.249,10.988
TIC 371210825,tess,false_positive,0.40312,1000.0,0.853,10.9894
TIC 198241702,tess,transit,4.2529641,758.584999,2.5733867,10.9897
TIC 53189332,tess,transit,9.2897006,6241.2619064,5.3589155,10.99
TIC 207110080,tess,transit,14.5728985,4464.4359891,2.5623497,10.9923
TIC 98494121,tess,false_positive,3.06555,2920.0,2.483,10.9931
TIC 461591646,tess,transit,3.7246883,3320.0,3.078,10.9939
TIC 151728428,tess,false_positive,3.9997367,7460.0,0.384,10.9951
KIC 7117050,kepler,variable,73.836858,231.2,19.722,10.996
TIC 468574941,tess,transit,1.4971447,16266.2491958,2.4024159,10.996
TIC 374530847,tess,transit,2.152163,16986.633013,1.7531966,10.9984
TIC 389238529,tess,false_positive,0.49642,1000.0,0.572,10.9987
TIC 104195270,tess,false_positive,3.6859958,12982.7214564,5.1972226,10.9988
TIC 330687113,tess,transit,5.113835,1290.3750314,2.4556787,10.999
KIC 6116605,kepler,variable,419.21314,2084.0,6.385,11.0
KIC 10620329,kepler,variable,0.436282594,536.4,1.3988,11.002
TIC 460396820,tess,transit,2.3409909,12040.0,2.5,11.0062
KIC 10583181,kepler,eclipse,2.696354974,245988.0,5.39585,11.009
TIC 201186294,tess,transit,0.98933,1519.669587,1.0357615,11.0136
TIC 156678143,tess,false_positive,7.2585779,3827.3398509,3.2188995,11.0139
TIC 219850915,tess,transit,6.4002807,1026.6018729,2.1559875,11.0157
KIC 5866724,kepler,transit,5.859935955,322.8,4.0185,11.018
TIC 166184428,tess,transit,16.3363665,3884.6785375,1.9933922,11.0196
KIC 9592705,kepler,transit,10.27532513,209.7,6.3093,11.02
KIC 6307243,kepler,variable,451.86579,80.0,13.47,11.02
TIC 422653398,tess,false_positive,8.34034,7360.0,3.176,11.0208
TIC 427332229,tess,transit,2.7186256,13160.0,2.129,11.021
TIC 229976631,tess,false_positive,10.7166249,1308.3913665,3.8540186,11.024
TIC 417948359,tess,transit,3.3159772,2770.0,1.494,11.0244
TIC 120757718,tess,transit,3.0300715,21794.6136956,2.5466671,11.0248
KIC 4577484,kepler,variable,73.26417,38.4,5.54,11.026
TIC 66818296,tess,transit,3.7354838,17030.0,4.142,11.0261
TIC 301051430,tess,false_positive,3.2744665,918.0803144,1.5496651,11.0264
TIC 382302241,tess,false_positive,1.59782,1713.69,1.49,11.0264
TIC 320798691,tess,transit,5.0052605,7641.404098,4.9057646,11.0269
TIC 412259468,tess,false_positive,2.6535777,1446.2753601,2.1014914,11.0285
TIC 422756130,tess,transit,3.1342946,1183.6060713,1.2158796,11.0294
TIC 152852327,tess,transit,9.1720535,580.0,7.169,11.0295
TIC 354944123,tess,transit,5.538329,1407.1118648,2.2263888,11.0318
TIC 158490401,tess,transit,12.7137939,66412.7085907,2.4993204,11.034
TIC 159244568,tess,false_positive,6.2772478,910.5215536,1.5325014,11.0372
TIC 141488193,tess,transit,56.4043748,9060.0,4.069,11.0383
TIC 14570099,tess,transit,26.1944549,1202.7716675,3.8354088,11.0384
KIC 5090937,kepler,variable,8.79991878,869.1,41.564,11.04
TIC 467179528,tess,transit,18.8016111,1686.7881033,1.9093524,11.0402
KIC 7222086,kepler,eclipse,2.43902575,82.5,1.1598,11.041
TIC 377873569,tess,transit,3.8493846,1372.2876678,2.6908269,11.0418
TIC 341272282,tess,false_positive,0.8133123,310.0,1.079,11.0418
TIC 33690636,tess,false_positive,4.99915,684.271,5.256,11.0427
TIC 238176110,tess,transit,2.7985802,16708.7151957,2.3801043,11.0443
TIC 146520535,tess,transit,4.32765,1480.0,3.181,11.0462
KIC 6268648,kepler,transit,15.86624787,77.3,4.25,11.049
TIC 387603144,tess,false_positive,2.4567112,530.0,1.716,11.0498
TIC 178217113,tess,transit,2.9956366,7778.0,2.287,11.0514
TIC 382391899,tess,transit,1.9550932,19634.9908668,1.78762,11.0529
KIC 8703887,kepler,eclipse,14.170972781,13496.5,3.7316,11.054
TIC 396562848,tess,transit,1.9495403,2089.2444115,0.8060618,11.0548
KIC 3119256,kepler,blend,4.14244748,69.9,2.203,11.056
TIC 299158887,tess,transit,9.4341589,4001.924935,2.8505348,11.0579
KIC 4073730,kepler,variable,6.2820426,1413.0,7.941,11.059
KIC 5725087,kepler,eclipse,0.366197145,275.3,1.2335,11.059
TIC 24094603,tess,false_positive,4.07611,1454.18,2.062,11.0605
TIC 16288184,tess,transit,2.1805333,16399.8584641,2.9443745,11.0657
TIC 393495970,tess,transit,1.7554285,14716.5922677,1.7729986,11.0658
TIC 459730973,tess,transit,3.9156848,6668.8007799,3.584776,11.07
KIC 4141376,kepler,transit,11.87290814,332.7,2.5342,11.072
KIC 8687088,kepler,blend,0.905037231,37.5,1.4351,11.075
TIC 235678745,tess,transit,17.664866,736.3925122,2.7644951,11.0788
TIC 353459965,tess,transit,10.8614911,11069.1320347,5.5511467,11.0878
TIC 400323948,tess,false_positive,3.2242808,868.6214414,4.3100077,11.0897
TIC 172464366,tess,false_positive,2.921685,17562.44572,3.17791,11.0913
TIC 350445771,tess,false_positive,3.1901569,3648.2442456,1.8262867,11.0932
TIC 86396382,tess,transit,1.0914304,15377.7920504,3.05123,11.0967
KIC 7013635,kepler,variable,290.625016,147.6,4.411,11.098
TIC 372505528,tess,false_positive,3.8974136,1990.0,2.061,11.0986
TIC 437740083,tess,false_positive,5.6020298,6146.0,1.893,11.0999
TIC 97921547,tess,transit,2.8279716,14846.0,2.237,11.1007
KIC 4815520,kepler,transit,31.578651216,2125.4,2.12791,11.105
TIC 17993892,tess,transit,4.1244833,9590.0,3.567,11.1065
KIC 4851217,kepler,eclipse,2.470283788,193828.0,7.8391,11.108
TIC 159742538,tess,transit,3.5539283,9368.3887704,3.6341388,11.1116
TIC 127530399,tess,transit,7.1335149,18037.5300175,3.1376265,11.1116
TIC 28900646,tess,transit,0.6691449,1254.3711932,0.9921631,11.1117
TIC 272213425,tess,transit,4.3247708,6380.0,4.267,11.1138
KIC 5982353,kepler,eclipse,19.563092517,12992.2,6.9547,11.115
TIC 232612416,tess,transit,4.3601536,5592.2909183,2.3408909,11.1153
TIC 155491828,tess,false_positive,16.0475029,13630.0,3.334,11.1169
TIC 100566492,tess,transit,4.9549631,8236.2566801,5.9565174,11.117
TIC 36734222,tess,transit,0.8134733,25866.83474,1.262964,11.1184
TIC 351601843,tess,transit,0.6047392,1027.6833479,1.0403847,11.1186
TIC 376524552,tess,transit,3.7130701,19610.0,1.654,11.1237
KIC 11127479,kepler,transit,2.12821621,25.9,3.146,11.126
TIC 282485660,tess,transit,6.3084728,3690.0,2.871,11.13
TIC 232982938,tess,transit,9.0941239,2570.0,4.389,11.1315
TIC 230075120,tess,false_positive,0.7676706,340.0,1.057,11.1315
TIC 104866616,tess,transit,4.4626647,7983.8270519,3.0802705,11.1323
TIC 57984377,tess,transit,2.5199146,12429.3724559,3.7121363,11.1355
KIC 8459354,kepler,variable,53.556625,3963.0,16.18,11.142
TIC 175180796,tess,false_positive,1.55747,3127.94,2.714,11.143
TIC 142087638,tess,false_positive,74.6068965,2304.7237253,4.8874071,11.1464
TIC 470171739,tess,transit,4.6174254,9412.560054,4.5173138,11.1477
KIC 11811454,kepler,eclipse,2.274628199,103972.0,4.52648,11.152
KIC 10385708,kepler,variable,345.7671,212.7,15.38,11.153
TIC 288735205,tess,transit,3.4779776,27021.6932424,2.5103489,11.1534
TIC 284475976,tess,transit,2.1436364,9203.7552743,3.1539349,11.1541
TIC 147660201,tess,false_positive,0.579398,1324.07712,1.64214,11.1557
TIC 399642071,tess,false_positive,2.2887763,1890.6463423,4.8634851,11.1567
KIC 3003992,kepler,blend,7.24476126,58.0,2.3145,11.157
KIC 4735826,kepler,transit,11.3220104,17.1,5.86,11.158
TIC 100589632,tess,false_positive,3.9471567,1880.0,1.699,11.1581
KIC 11093335,kepler,variable,53.106597,82.4,2.914,11.159
KIC 8210370,kepler,eclipse,153.725848,5257.7,117.52,11.167
TIC 99330090,tess,false_positive,7.0080817,14900.0,3.179,11.1693
TIC 366631954,tess,transit,4.7369669,1238.0,2.58,11.1704
TIC 233831759,tess,false_positive,2.9708603,4020.0,3.122,11.171
TIC 33878688,tess,false_positive,79.3739596,1227.0,5.392,11.1762
TIC 328081248,tess,transit,4.1645448,2612.2397484,1.5725422,11.1798
TIC 230127302,tess,transit,37.9251983,1370.7888539,3.5345219,11.1802
TIC 417931300,tess,transit,7.7690887,1416.7912077,2.6251447,11.1806
TIC 166184426,tess,false_positive,16.3152,2500.0,1.992,11.1825
TIC 125405602,tess,false_positive,13.8233035,2556.532346,1.365217,11.1825
TIC 341297143,tess,false_positive,3.8421028,8920.0,1.184,11.1838
TIC 116257066,tess,false_positive,6.5019596,7130.0,3.078,11.1843
TIC 257567854,tess,transit,3.532822,11283.619423,3.44312,11.185
TIC 58825110,tess,transit,5.8588751,2690.0,3.581,11.1893
TIC 162802770,tess,transit,4.880964,3385.5526856,1.6120362,11.1897
TIC 310003988,tess,transit,4.5421594,9760.0,4.294,11.191
TIC 271722899,tess,false_positive,19.2998,1864.78,3.17,11.191
TIC 219208037,tess,false_positive,0.9776805,965.3175192,0.7657397,11.1925
KIC 11623629,kepler,transit,81.737872,628.8,6.6923,11.195
TIC 219698776,tess,transit,4.6595169,1725.1706259,0.9011821,11.1966
KIC 6521045,kepler,transit,35.3331932,99.7,5.966,11.197
TIC 452866790,tess,transit,1.1979996,1150.3177297,0.9682003,11.1972
TIC 332022997,tess,transit,8.4388997,1269.2030732,2.5274041,11.1983
TIC 29960109,tess,false_positive,2.49221,1480.0,1.605,11.2003
TIC 230386397,tess,false_positive,19.5078657,1770.0,4.603,11.2011
TIC 464067218,tess,false_positive,1.3934565,2530.0,2.809,11.2012
KIC 6390236,kepler,variable,0.89879279,26.6,1.031,11.203
TIC 439366538,tess,transit,4.3135917,11271.8586527,2.3769581,11.2057
TIC 420803693,tess,false_positive,0.9135968,540.0,1.247,11.2063
TIC 198211976,tess,false_positive,0.4018586,111.3648011,1.5779753,11.2076
TIC 289580577,tess,transit,5.3846239,630.6901313,3.2617296,11.2078
TIC 20303110,tess,false_positive,3.8961515,8620.0,1.742,11.208
KIC 7741837,kepler,variable,62.366706,95.4,4.32,11.208
TIC 229400092,tess,transit,4.1419805,10130.9411804,2.3809654,11.2086
TIC 6892385,tess,transit,8.2669589,1316.0,3.328,11.2089
KIC 8878681,kepler,eclipse,2.496328637,20527.0,2.73115,11.211
TIC 29117085,tess,false_positive,13.247777,13420.0,3.301,11.2119
TIC 383666033,tess,false_positive,3.9678136,760.0,4.238,11.2123
KIC 2013883,kepler,blend,0.764597756,16.6,1.119,11.215
TIC 124029677,tess,transit,20.9108406,5936.0,4.478,11.215
TIC 229047362,tess,transit,3.764873,22257.118447,2.759996,11.2175
KIC 3240406,kepler,variable,0.934181579,12.1,3.943,11.219
TIC 435339558,tess,transit,21.9903619,1122.3021089,3.8732381,11.2235
TIC 80478272,tess,false_positive,5.0859432,7091.0,2.57,11.224
TIC 458589703,tess,false_positive,,9640.0,4.029,11.2248
TIC 321857016,tess,transit,6.9561134,15989.231101,3.3628003,11.2287
TIC 141776043,tess,false_positive,4.06269,4210.0,4.299,11.2295
KIC 6522750,kepler,eclipse,17.445640466,334158.0,6.08966,11.23
TIC 2621212,tess,transit,,2116.7296698,3.0241239,11.2309
TIC 424435940,tess,transit,5.0172146,14236.9594003,3.7363301,11.2311
TIC 403136413,tess,false_positive,2.51266,2790.01,2.411,11.2314
TIC 230001847,tess,transit,2.994263,1120.6492357,6.9172309,11.2347
TIC 50943163,tess,false_positive,2.4254068,1910.0,3.323,11.2351
KIC 5905728,kepler,blend,7.87173698,34.7,2.619,11.237
TIC 388804061,tess,transit,32.9373717,3192.1429439,2.3059589,11.2373
KIC 8712863,kepler,variable,0.532493086,19.9,2.145,11.238
KIC 6933781,kepler,eclipse,130.4194187,2290.9,4.165,11.241
KIC 10000490,kepler,eclipse,1.400991827,64104.0,4.8798,11.244
TIC 262715204,tess,transit,7.1385672,2064.0,2.464,11.2451
TIC 467331291,tess,transit,3.3207642,940.0,2.487,11.2473
TIC 360742636,tess,transit,2.5495611,14921.4021936,2.6173308,11.2474
TIC 53735810,tess,transit,4.0860495,7083.7091188,4.5420607,11.248
TIC 259389219,tess,false_positive,2.3250156,1130.0,1.775,11.2486
TIC 187861378,tess,false_positive,2.1816809,1280.0,3.83,11.2486
KIC 9657636,kepler,variable,542.52829,75.2,11.06,11.253
TIC 348844154,tess,false_positive,29.17362,5558.85,8.075,11.2532
KIC 7422883,kepler,eclipse,11.41437505,45966.0,6.276,11.254
TIC 356919658,tess,false_positive,1.42611,1890.0,1.788,11.2542
TIC 153951307,tess,transit,0.7645807,394.9832006,1.07057,11.2582
TIC 55383975,tess,false_positive,48.0511988,14503.3604877,4.3070574,11.2595
KIC 4247791,kepler,eclipse,4.100870416,123521.0,8.15361,11.26
TIC 257060897,tess,transit,3.660032,7749.7203265,4.7853014,11.2633
KIC 7097571,kepler,eclipse,2.213964145,123355.0,6.7598,11.267
KIC 3831523,kepler,variable,1.529283907,54.8,14.0075,11.268
TIC 22233480,tess,transit,7.4463034,4045.7241785,2.0033138,11.2695
KIC 11462556,kepler,variable,2.50012775,49.9,28.2,11.27
TIC 321068176,tess,false_positive,12.9696927,4085.6845383,1.1129072,11.2711
TIC 294869729,tess,false_positive,1.1140067,410.0,3.072,11.2716
TIC 243014114,tess,transit,19.5620458,1397.8148985,6.4231417,11.2723
TIC 466318137,tess,false_positive,1.1216021,3599.1066292,1.6434889,11.2789
TIC 250707118,tess,transit,5.7238582,8682.2466029,3.8545141,11.2791
TIC 158623531,tess,transit,7.8728937,14639.4155321,3.7599578,11.2794
TIC 153065527,tess,transit,13.1757294,2479.3477138,2.1570272,11.2828
KIC 1575873,kepler,blend,0.629001455,14.7,1.263,11.283
TIC 289316336,tess,false_positive,3.0038696,760.0,3.24,11.2834
TIC 407146536,tess,false_positive,2.0976705,2503.6856881,3.3618036,11.2851
TIC 435339847,tess,transit,8.2000875,1079.5927267,2.4601181,11.2867
KIC 3439031,kepler,eclipse,2.976012511,449091.0,6.52033,11.287
TIC 27534138,tess,transit,28.5410557,1280.5898265,10.6581231,11.2877
TIC 102264230,tess,transit,4.1591512,11970.9341343,3.5899215,11.29
TIC 253917293,tess,false_positive,4.608,3213.22,3.383,11.2901
TIC 449549170,tess,false_positive,1.4753526,870.0,3.29,11.2925
TIC 9727392,tess,false_positive,4.534451,23574.842911,4.936391,11.2932
TIC 118798035,tess,transit,48.8621728,4220.566289,4.974589,11.2937
TIC 310002617,tess,transit,3.1774814,14190.0,2.824,11.2961
KIC 4912991,kepler,eclipse,4.442517008,25341.5,2.43922,11.297
KIC 11027270,kepler,variable,0.533628226,81.8,5.772,11.299
TIC 92226327,tess,transit,24.7373412,6560.492087,2.069051,11.2991
KIC 5005618,kepler,eclipse,681.9363102,186528.0,7.94066,11.3
KIC 6042116,kepler,variable,5.407157086,74653.3,5.8919,11.3
TIC 123106490,tess,false_positive,3.3004862,2403.5706041,2.959105,11.3002
TIC 9102327,tess,false_positive,3.2615,1652.28,2.233,11.3018
TIC 456862677,tess,transit,15.2664658,16186.172954,2.6673792,11.302
TIC 444013020,tess,transit,2.3114203,14975.1986739,2.7479753,11.302
TIC 30312676,tess,false_positive,1.10223,1015.0,2.598,11.3029
TIC 160045097,tess,transit,1.8290294,704.8493933,1.6679098,11.3069
TIC 440777904,tess,transit,3.3552444,11199.9266299,3.7362246,11.3072
TIC 59003115,tess,false_positive,2.294185,697.472004,2.750763,11.3075
TIC 329148988,tess,transit,27.2672016,1154.3278885,2.4164839,11.3078
KIC 11970288,kepler,eclipse,20.7106853,1003.0,42.737,11.308
KIC 8098515,kepler,variable,1.28659726,,3.53,11.308
TIC 116156517,tess,transit,5.36777,6650.0,4.271,11.3151
TIC 17746821,tess,transit,3.1220166,6304.9170255,3.5718864,11.3155
TIC 35857242,tess,transit,3.6344447,9230.0,3.871,11.3161
TIC 232038798,tess,transit,4.1536624,12310.0,1.702,11.3187
TIC 194795551,tess,transit,2.0180196,15190.0,1.967,11.3208
TIC 396133015,tess,transit,5.2667367,2910.0,2.788,11.3209
KIC 4663658,kepler,variable,0.705891195,15.0,5.281,11.321
TIC 165464482,tess,transit,4.3345378,10000.0,3.336,11.323
TIC 113921235,tess,transit,59.8473992,11392.7507656,4.3696664,11.3281
TIC 102192004,tess,transit,4.2337078,7690.0,2.008,11.3287
TIC 386259537,tess,transit,5.6107737,6651.6899169,6.3384834,11.3299
TIC 51318828,tess,false_positive,6.8782937,11342.0,4.407,11.3321
TIC 176868951,tess,transit,0.3693057,755.6535935,1.0027781,11.3328
TIC 139118482,tess,false_positive,6.7136512,11490.0,3.541,11.3366
TIC 300599466,tess,false_positive,13.17741,1750.0,2.75,11.3377
KIC 11446443,kepler,transit,2.470613377,14230.9,1.74319,11.338
KIC 2010607,kepler,variable,18.622214,5832.0,4.42,11.347
TIC 294301883,tess,transit,4.4656306,17361.1064238,3.4927618,11.3473
TIC 27769688,tess,transit,88.495683,2838.5756569,6.9510849,11.3523
KIC 5812701,kepler,transit,17.855221681,9065.2,7.41287,11.353
TIC 68952448,tess,transit,4.6144478,15541.995749,1.8613266,11.355
KIC 4663185,kepler,blend,56.6993107,5824.7,7.0706,11.356
TIC 403287048,tess,false_positive,7.00776,3666.99,2.68,11.3569
KIC 7457278,kepler,variable,12.607591424,79.5,29.1267,11.36
TIC 31697707,tess,false_positive,3.910946,5210.0,3.28,11.3612
KIC 9963639,kepler,variable,7.4185369,14.7,1.451,11.364
TIC 372172128,tess,transit,1.1953968,1127.2344564,1.5752293,11.3643
TIC 308073360,tess,transit,11.8886495,7800.0,4.803,11.366
TIC 443556801,tess,transit,1.5080197,1790.0,1.032,11.3676
TIC 437444661,tess,transit,17.9758603,3159.4996574,3.3462754,11.3692
TIC 73540072,tess,transit,1.2436239,1790.0,1.211,11.3719
KIC 4856592,kepler,variable,461.1417,382.0,3.875,11.372
TIC 248075138,tess,transit,4.9816784,18110.0,2.733,11.3728
KIC 7255336,kepler,eclipse,1.20320092,2807.1,1.9197,11.374
TIC 61538902,tess,transit,5.7481323,12259.4473284,2.6600483,11.3743
KIC 6603043,kepler,eclipse,110.32167272,7296.6,13.3624,11.375
TIC 418761354,tess,transit,2.1747824,560.0,1.654,11.375
TIC 181949561,tess,transit,4.0552832,23434.8052486,2.868068,11.3763
KIC 5444392,kepler,eclipse,0.759764419,393266.0,5.72501,11.378
KIC 5391911,kepler,blend,0.782068488,115.7,1.239,11.378
TIC 434234955,tess,false_positive,6.0588453,2740.0,4.084,11.3818
TIC 427685831,tess,transit,1.7497746,29973.7051609,1.8691036,11.3819
TIC 446549906,tess,transit,2.45457,19250.0,2.39,11.3819
TIC 327369524,tess,transit,4.0236805,8925.0,3.71,11.3864
TIC 188570092,tess,transit,7.327945,13710.0,2.896,11.3875
KIC 6891512,kepler,eclipse,1.752562808,368004.0,6.1245,11.388
TIC 206498307,tess,false_positive,13.4190392,4668.5368695,5.9221882,11.3882
TIC 367287018,tess,false_positive,4.7257129,1740.0,2.701,11.3896
KIC 8077137,kepler,transit,15.0896415,77.8,4.3349,11.39
KIC 11337566,kepler,transit,7.12815163,45.9,5.522,11.392
TIC 151483286,tess,transit,4.0397189,15110.0,3.655,11.3944
KIC 5097278,kepler,variable,0.73240662,329.0,4.33,11.396
KIC 5814635,kepler,variable,3.86963822,,2.29,11.399
TIC 122375047,tess,transit,9.2866733,713.8494352,3.2593808,11.3992
TIC 4070275,tess,transit,5.4240691,1766.8589296,1.6875037,11.3993
TIC 401604346,tess,transit,2.1223673,8056.3340252,1.5855365,11.3996
TIC 76419763,tess,transit,2.7884723,14467.6854046,2.9462464,11.3998
TIC 21113347,tess,transit,4.218076,7882.0701205,3.5060865,11.4007
TIC 168871868,tess,false_positive,17.1217196,131000.0,6.507,11.402
TIC 176956893,tess,transit,6.9067868,1751.7778572,6.6850674,11.4057
TIC 461239485,tess,transit,3.0390851,12337.5570732,1.6455076,11.4063
TIC 79395355,tess,false_positive,7.31898,3809.3,3.771,11.407
KIC 8823868,kepler,variable,23.8761144,1611.7,9.3113,11.409
KIC 6528464,kepler,transit,33.67280658,170.9,8.2267,11.411
TIC 300557619,tess,false_positive,30.57908,12972.8,6.297,11.4124
KIC 10514429,kepler,blend,20.7191626,184.4,3.912,11.413
TIC 105387356,tess,false_positive,1.5163046,1180.0,3.619,11.4186
TIC 240823272,tess,transit,9.0881638,24660.0,3.402,11.419
KIC 5285607,kepler,eclipse,1.949700508,38119.2,4.35014,11.419
TIC 285524410,tess,false_positive,3.0244222,267015.5224574,5.3680787,11.422
KIC 12268220,kepler,eclipse,4.42158021,61032.0,10.4532,11.425
KIC 6421137,kepler,variable,118.4039,426.0,5.593,11.426
TIC 231736113,tess,transit,10.5739824,5460.0,4.04,11.4266
KIC 8019043,kepler,eclipse,1.985586627,72584.2,2.53163,11.427
TIC 289125016,tess,false_positive,6.2043746,4380.0,5.957,11.429
KIC 8517303,kepler,eclipse,24.0733775,1325.7,19.612,11.43
KIC 3861595,kepler,transit,3.849371737,1298.6,2.632,11.432
TIC 236445129,tess,transit,0.9689927,13532.9710157,2.5496309,11.4373
KIC 4851239,kepler,blend,1.23512429,15.2,4.22,11.438
TIC 436575927,tess,transit,5.0957983,714.0,1.772,11.4398
TIC 275248683,tess,false_positive,0.53079,1113.07,1.238,11.4407
KIC 7429287,kepler,variable,358.66044,133.8,16.732,11.443
TIC 346626688,tess,transit,4.4085194,8977.0354304,3.3016793,11.4453
KIC 12252732,kepler,variable,595.78152,84.9,15.97,11.446
KIC 9970396,kepler,eclipse,235.2976173,23052.8,87.013,11.447
TIC 369455629,tess,transit,3.3771114,4515.155077,2.4508029,11.4513
TIC 17307715,tess,transit,13.8532745,1068.1330554,3.1969542,11.4529
KIC 6129632,kepler,variable,298.4688,315.4,3.748,11.454
TIC 6653897,tess,false_positive,0.8857522,760.0,1.579,11.4541
TIC 437248515,tess,transit,3.4058895,15490.0795356,2.6582989,11.4553
TIC 9155187,tess,transit,4.1878375,11415.1655183,2.9905904,11.4556
KIC 3102384,kepler,transit,10.573751447,298.9,1.7259,11.457
KIC 4459068,kepler,eclipse,24.955998503,4856.1,2.76331,11.458
TIC 137685450,tess,transit,,4156.2818203,20.5949466,11.4605
TIC 237200747,tess,false_positive,14.3034613,48840.0,3.135,11.463
KIC 9302543,kepler,eclipse,1.21475168,266.1,6.93,11.464
KIC 10467815,kepler,variable,371.17573,133.7,8.2,11.471
KIC 2557430,kepler,eclipse,0.648868342,34769.5,2.82428,11.471
KIC 5795648,kepler,eclipse,4.553370029,23692.1,3.2209,11.471
KIC 7385478,kepler,eclipse,1.655472351,174198.0,5.09197,11.471
KIC 7375348,kepler,transit,25.30893566,153.7,5.7704,11.472
KIC 10847721,kepler,variable,199.21638,62.5,9.23,11.472
TIC 279989567,tess,false_positive,0.787177,1350.0,1.515,11.4746
TIC 284441182,tess,transit,2.5272822,1847.4872236,1.265861,11.4752
TIC 204376737,tess,transit,3.3610013,24081.7810523,2.5685869,11.4779
TIC 841226527,tess,false_positive,19.5112506,4080.0,3.896,11.4794
KIC 5042785,kepler,variable,1.67473779,,5.67,11.48
TIC 279740441,tess,false_positive,0.7418594,2983.6257317,1.5026958,11.481
TIC 439842788,tess,transit,3.0717182,14228.6266087,1.5983426,11.4825
TIC 68035558,tess,false_positive,8.3289771,6010.0,2.984,11.483
TIC 156514476,tess,transit,14.4217699,2348.45658,2.3406411,11.4834
TIC 150247134,tess,false_positive,12.8650769,1070.0,3.979,11.4845
TIC 454248975,tess,transit,3.9014904,9050.0,4.83,11.4848
KIC 9451706,kepler,transit,29.39337161,327.0,7.0445,11.485
TIC 237913194,tess,transit,15.1689723,7818.5475582,2.0633315,11.4864
KIC 12004971,kepler,eclipse,10.81315417,80.3,1.275,11.487
TIC 260128333,tess,transit,95.174,2600.061605,11.6316864,11.4881
KIC 10187017,kepler,transit,7.07136119,65.7,2.757,11.492
KIC 5263802,kepler,eclipse,3.350209754,28325.4,4.43333,11.494
KIC 10118942,kepler,variable,121.70747,98.2,1.37,11.496
TIC 278199349,tess,false_positive,9.46516,10952.3,3.951,11.499
TIC 467006627,tess,false_positive,15.4159906,4500.0,2.127,11.499
TIC 77031413,tess,false_positive,1.38665,24680.0,2.238,11.4996
TIC 120610833,tess,transit,3.1260751,11158.2764589,1.7204574,11.5005
TIC 4610830,tess,transit,8.2616616,1343.0,2.862,11.5018
TIC 286865921,tess,transit,4.971298,12130.0,3.283,11.5037
KIC 8715564,kepler,variable,438.00974,79.2,11.46,11.504
TIC 200322593,tess,transit,1.2391534,2318.6594409,0.4887749,11.5045
TIC 357538688,tess,false_positive,13.2681095,2140.0,3.554,11.5088
KIC 4832197,kepler,eclipse,0.94773253,11306.0,1.7645,11.51
KIC 9786821,kepler,eclipse,21.120005744,13054.3,2.05573,11.51
TIC 129107501,tess,false_positive,3.6534344,24705.0,3.519,11.5102
KIC 7177553,kepler,eclipse,17.99646148,62755.2,4.65638,11.511
KIC 8914779,kepler,blend,0.987338654,26.5,2.591,11.511
TIC 219698950,tess,transit,3.4464529,16320.7911726,2.462599,11.5122
TIC 443658196,tess,false_positive,4.5006638,2110.0,4.588,11.5124
KIC 8398290,kepler,variable,0.510804497,42.7,2.539,11.513
TIC 124095888,tess,false_positive,1.1258127,1440.0,0.374,11.5137
KIC 5717567,kepler,blend,1.287622419,36.5,0.821,11.514
KIC 8453324,kepler,eclipse,1.26227317,7342.5,3.30141,11.516
TIC 352682207,tess,transit,14.7091662,5047.9326311,3.6278152,11.5163
TIC 224245334,tess,transit,3.7852328,1338.8791278,3.5398298,11.5166
TIC 431701493,tess,transit,3.0927432,28695.1012159,2.2215324,11.5189
KIC 5034333,kepler,eclipse,6.932281325,6405.9,11.0301,11.52
KIC 5565497,kepler,blend,1.412526202,150.3,5.49,11.521
TIC 203214081,tess,transit,5.7459945,3650.0,1.185,11.5219
TIC 336732616,tess,transit,3.547854,10424.3718,3.494333,11.5232
KIC 4278221,kepler,transit,1.340596782,107.5,1.6484,11.524
TIC 279947414,tess,transit,4.0664446,19740.0,1.712,11.5241
KIC 5695396,kepler,transit,25.5172744,66.8,4.735,11.525
TIC 89702406,tess,false_positive,23.1438551,6955.8738937,5.7659467,11.5252
TIC 139285832,tess,transit,0.77685,830.0,1.43,11.5273
TIC 395514100,tess,false_positive,1.8823821,21038.6119972,3.1478726,11.528
KIC 5088536,kepler,transit,87.5177787,136.5,2.55,11.529
TIC 349576261,tess,transit,225.1037885,10850.1349366,4.0237136,11.5326
KIC 8302455,kepler,eclipse,2.441988077,95343.5,3.94526,11.535
TIC 375942197,tess,transit,3.8993831,6492.4843324,5.1857347,11.5352
KIC 9015738,kepler,transit,13.93291548,131.6,2.6239,11.538
TIC 347329162,tess,transit,4.6170519,12210.0,3.555,11.5384
KIC 4570555,kepler,blend,4.750256809,395.1,1.9278,11.54
TIC 321668398,tess,transit,5.6442112,4136.2010063,2.980996,11.5429
KIC 9340460,kepler,variable,388.519605,151.2,10.613,11.543
KIC 10274244,kepler,eclipse,13.68369259,185514.0,4.22504,11.544
TIC 184240683,tess,transit,1.6284288,13798.6701483,2.368249,11.5464
TIC 56399553,tess,transit,3.2588316,22743.2337536,2.2220346,11.5476
KIC 8258103,kepler,eclipse,0.594003994,25.4,5.557,11.548
TIC 33595516,tess,transit,0.76566,1410.0,1.452,11.5485
KIC 11769801,kepler,variable,29.7123181,385.4,70.3707,11.549
KIC 3097346,kepler,blend,4.029810359,111.1,3.3316,11.551
TIC 39414571,tess,transit,4.0197555,9750.0,2.688,11.5521
KIC 4737302,kepler,eclipse,9.455586047,115171.0,8.42272,11.554
TIC 91051152,tess,transit,7.9192605,21472.3061237,2.5053873,11.5549
TIC 330690135,tess,transit,14.7565015,2238.4830035,4.9375033,11.5559
TIC 299798795,tess,transit,4.1782656,2537.6781602,1.675904,11.556
KIC 3240049,kepler,eclipse,2.945414866,968.7,2.702,11.557
TIC 461538935,tess,false_positive,5.289835,2330.0,3.179,11.5576
TIC 462715015,tess,false_positive,1.7548863,2620.0,1.314,11.5578
KIC 3458028,kepler,transit,1.442592305,166.0,2.9698,11.558
KIC 6066416,kepler,blend,1.303859704,36.7,2.8239,11.558
TIC 270468559,tess,transit,4.6418435,7525.447523,3.8566772,11.5598
KIC 7541502,kepler,eclipse,44.827323809,237120.0,6.86103,11.56
KIC 11923819,kepler,eclipse,33.159475806,222167.0,9.01353,11.562
KIC 9822284,kepler,eclipse,0.969824139,23.1,0.783,11.563
TIC 288246496,tess,transit,4.304829,7531.4221197,3.5311266,11.5639
KIC 6196457,kepler,transit,26.723169,195.0,8.501,11.565
KIC 7538450,kepler,variable,344.06248,136.3,15.6,11.566
TIC 308098254,tess,transit,9.6246665,10230.0,4.297,11.5688
TIC 55652896,tess,transit,34.5059318,17387.9834231,3.8206653,11.5748
KIC 9471539,kepler,variable,273.528359,408.5,22.346,11.575
KIC 9579860,kepler,blend,2.151214629,332.6,2.226,11.576
KIC 9652632,kepler,eclipse,2.488812012,131002.0,5.94523,11.576
KIC 4814168,kepler,variable,545.54618,177.7,6.944,11.577
TIC 169532369,tess,false_positive,3.60364,6281.32,3.728,11.5781
KIC 7281410,kepler,blend,0.56681118,,2.06,11.58
TIC 120247528,tess,transit,3.5544026,10164.8753396,2.0550535,11.5803
TIC 289661991,tess,transit,2.8989758,3680.0,1.307,11.5817
KIC 11554435,kepler,transit,9.43414171,3977.0,2.8112,11.582
TIC 387342052,tess,transit,3.5524144,2060.0,2.784,11.5829
TIC 26078330,tess,transit,8.754708,1527.6748939,3.4644403,11.584
TIC 394287035,tess,transit,17.1019622,11430.0,3.357,11.584
KIC 3640905,kepler,transit,51.0771048,141.5,11.233,11.584
KIC 10601579,kepler,eclipse,8.098754149,56616.3,5.62354,11.587
TIC 115524421,tess,transit,8.8036803,8360.0,2.997,11.5906
TIC 233503636,tess,false_positive,3.40612,1740.0,1.714,11.5906
TIC 354151219,tess,false_positive,3.5639862,2126.0,2.135,11.5917
KIC 9649205,kepler,variable,237.26601,150.4,8.74,11.594
KIC 6066107,kepler,variable,0.82883944,,1.83,11.597
KIC 3869326,kepler,eclipse,8.58599537,818.0,2.4078,11.598
KIC 5131276,kepler,eclipse,0.66882716,68.2,1.069,11.598
TIC 75417968,tess,false_positive,3.3815776,9454.0,3.38,11.599
KIC 7215603,kepler,transit,2.36436762,28.4,3.372,11.6
TIC 117689799,tess,false_positive,2.1570462,17928.3672773,2.3436622,11.6006
KIC 10552700,kepler,variable,0.94808587,229.8,8.03,11.601
TIC 388104525,tess,transit,2.4997996,14621.2059647,2.865171,11.6035
TIC 35516889,tess,transit,0.7888389,22614.8958863,1.6416539,11.6044
TIC 399954349,tess,transit,7.8344688,2017.3628771,3.1260803,11.6052
KIC 7421876,kepler,variable,4.50279037,,6.72,11.606
TIC 114103134,tess,false_positive,1.1468708,2762.6275979,1.3965477,11.6079
KIC 6449358,kepler,eclipse,5.776794344,121544.0,6.33505,11.61
KIC 11506938,kepler,eclipse,22.57494749,1344.1,36.756,11.612
TIC 145368316,tess,transit,1.6096874,15269.5334453,2.2918133,11.6123
KIC 9758615,kepler,variable,94.20561159,,6.62,11.613
KIC 8719324,kepler,variable,10.23335969,,7.55,11.614
KIC 4680745,kepler,variable,1.463148937,168.0,11.04,11.614
TIC 230055368,tess,transit,1.4344602,1028.2187852,0.9348877,11.6196
TIC 54002556,tess,transit,35.4557945,9890.0,3.867,11.6235
TIC 398572544,tess,transit,3.408833,16032.0,3.163,11.6238
KIC 5887393,kepler,blend,1.55090374,11.3,3.028,11.626
TIC 115010361,tess,transit,15.4658691,2380.0,3.16,11.6271
KIC 5437348,kepler,variable,35.945188,72.6,8.23,11.628
TIC 373693175,tess,transit,1.3273482,18850.0,2.083,11.6281
KIC 1161345,kepler,transit,4.28746668,790.1,1.5693,11.631
KIC 5174920,kepler,variable,0.950487062,11.5,2.9283,11.633
TIC 49043968,tess,transit,6.2462252,13270.5292659,4.2508361,11.6337
KIC 8590527,kepler,eclipse,0.739769962,20729.3,1.95901,11.634
TIC 158561566,tess,transit,6.7900981,2158.1733568,6.0786576,11.636
TIC 219016883,tess,transit,4.8721904,2180.0,2.584,11.637
KIC 5513861,kepler,eclipse,0.755105584,250026.0,5.02374,11.638
TIC 393251073,tess,false_positive,14.9857436,9980.0,5.8,11.6387
KIC 11099351,kepler,eclipse,2.37795507,4391.1,2.4329,11.639
TIC 321669174,tess,transit,10.5054362,1320.6016253,2.4850401,11.642
KIC 8056665,kepler,transit,207.5829306,505.1,7.0686,11.642
TIC 187495621,tess,false_positive,3.2662137,5722.062959,3.2117542,11.6429
TIC 399444057,tess,false_positive,2.0714803,1660.0,3.108,11.6433
TIC 284528889,tess,false_positive,4.112385,2110.0,3.474,11.6437
TIC 158933249,tess,transit,,2130.9227361,12.3268905,11.6455
TIC 138968089,tess,false_positive,0.6412558,1029.5348333,1.1161082,11.6459
TIC 11996814,tess,false_positive,0.4487349,3572.0328032,2.8757897,11.6484
TIC 417660218,tess,transit,,2063.5687976,15.7113764,11.6488
TIC 28643432,tess,false_positive,2.2751393,3350.0,2.087,11.649
TIC 366568760,tess,transit,8.4071591,533.0,5.002,11.6522
TIC 365007485,tess,transit,33.5920255,3352.0,6.385,11.6575
KIC 9007918,kepler,eclipse,1.387206724,151432.0,3.82527,11.658
TIC 419523962,tess,transit,5.7998626,2387.0,5.684,11.6593
KIC 4680772,kepler,blend,26.190289,51.8,2.148,11.66
KIC 2012722,kepler,variable,2.32539968,288.1,16.791,11.661
TIC 309257814,tess,false_positive,1.8135767,4166.2802035,1.0753316,11.6626
TIC 49254857,tess,transit,10.5988743,12920.0,1.638,11.6629
KIC 6864859,kepler,eclipse,40.877841988,256094.0,9.88456,11.663
TIC 157230659,tess,transit,7.5337657,4697.1753086,5.5843836,11.6634
KIC 10593626,kepler,transit,289.864067,529.1,7.565,11.664
TIC 268405086,tess,false_positive,6.8242909,700.0,2.787,11.6643
KIC 8554498,kepler,variable,7.05185637,,3.69,11.665
TIC 391958006,tess,transit,1.7430143,32205.6970804,2.2872101,11.6659
KIC 7941200,kepler,transit,65.7045275,636.1,3.3104,11.667
KIC 4913000,kepler,blend,4.442520831,531.5,2.4779,11.668
TIC 279982557,tess,false_positive,1.7890217,391.6251669,1.9190564,11.6685
TIC 420446142,tess,false_positive,5.8423636,2280.0,2.416,11.6697
TIC 322807371,tess,transit,,10056.0,5.513,11.6707
TIC 281459670,tess,transit,3.1743504,15457.3247576,2.751086,11.6714
TIC 366410512,tess,transit,10.1367283,1059.0,5.341,11.6718
KIC 8460634,kepler,blend,6.35216475,185.7,3.251,11.673
TIC 307734817,tess,false_positive,2.1075001,4256.1743008,1.9093483,11.6735
TIC 27635334,tess,transit,4.7335575,930.2503519,3.2089234,11.6736
TIC 151825527,tess,transit,3.6335834,8668.4420489,1.8069693,11.6739
KIC 5908086,kepler,variable,0.93705132,51.5,4.808,11.674
TIC 282498590,tess,false_positive,10.1004307,13680.0,4.977,11.6749
KIC 8374741,kepler,variable,358.101884,114.0,6.393,11.678
KIC 7885570,kepler,eclipse,1.729338354,140158.0,6.8524,11.679
TIC 42015200,tess,false_positive,9.77742,6740.0,6.713,11.6818
KIC 12314973,kepler,transit,15.4130812,264.3,6.6358,11.684
KIC 5817566,kepler,eclipse,4.206070484,119812.0,10.6988,11.684
KIC 11673686,kepler,eclipse,4.618767943,32609.2,6.03,11.685
TIC 375199523,tess,false_positive,1.9447712,2880.0,1.345,11.6866
TIC 427348923,tess,false_positive,4.728681,9990.0,4.533,11.6888
KIC 2581316,kepler,transit,217.83184293,9148.7,21.306,11.69
TIC 40055053,tess,transit,4.1793301,4900.0,5.161,11.6917
KIC 5598645,kepler,blend,0.648772102,31.1,2.614,11.693
TIC 401125028,tess,transit,5.1750108,13020.075325,2.0076562,11.6955
KIC 10982373,kepler,variable,2.00280845,,1.22,11.696
KIC 10586004,kepler,transit,15.79196594,203.1,7.2772,11.696
TIC 167227214,tess,transit,3.1290476,13426.2063185,3.409295,11.6961
TIC 115564354,tess,false_positive,1.6421819,1100.0,2.459,11.6985
KIC 8509781,kepler,eclipse,70.335879746,24418.4,4.65625,11.701
TIC 64531556,tess,false_positive,7.8127906,8120.0,6.304,11.7018
TIC 24358417,tess,transit,22.6539607,11530.0,3.468,11.7024
KIC 7449136,kepler,transit,4.33643506,108.5,4.1445,11.704
KIC 10619109,kepler,eclipse,2.045166206,263637.0,6.84312,11.704
TIC 294283951,tess,false_positive,4.3724063,1642.1950326,1.4148388,11.7056
KIC 5482603,kepler,blend,3.88258905,57.8,2.741,11.706
TIC 178289267,tess,transit,2.3506186,15940.0,2.369,11.7076
KIC 11153259,kepler,variable,1.94468659,455.5,18.22,11.708
TIC 37718056,tess,transit,3.65688,7040.0,3.542,11.7083
TIC 140830390,tess,false_positive,12.8379689,10539.0192794,9.8464123,11.7106
KIC 8212002,kepler,transit,14.7966306,56.1,5.613,11.714
TIC 75208638,tess,false_positive,4.6512523,3110.0,2.251,11.7159
TIC 356868487,tess,false_positive,27.9102929,18279.5176543,10.6336018,11.7167
TIC 141205978,tess,transit,1.5574603,3900.0,1.272,11.7201
KIC 6515722,kepler,variable,1.908525084,218.9,4.169,11.721
TIC 16187321,tess,false_positive,4.2021893,9310.0,2.742,11.7211
TIC 116264089,tess,transit,1.306188,24746.2794438,1.4177746,11.7213
TIC 13021029,tess,transit,3.85589,9747.6035597,3.9555399,11.7231
TIC 350814622,tess,transit,3.2135636,654.7322821,4.3141611,11.7266
KIC 10686876,kepler,eclipse,2.618414643,200864.0,4.99923,11.727
KIC 9958053,kepler,variable,2.73398963,,1.52,11.727
TIC 159951311,tess,transit,5.9242661,11796.3303624,2.8894449,11.7276
KIC 8700771,kepler,transit,8.0922105,65.3,5.7696,11.731
TIC 439456714,tess,transit,3.9934418,5801.8957159,1.9693065,11.7315
TIC 21744120,tess,transit,5.5080682,21584.7573167,2.6399995,11.733
KIC 5211631,kepler,variable,294.202469,248.2,2.36,11.733
TIC 305243225,tess,transit,1.2129139,14617.2679583,2.1862785,11.734
TIC 294780517,tess,false_positive,15.6477055,1515.1689468,1.336067,11.7345
TIC 336128819,tess,transit,7.8519082,3873.9591492,1.6318726,11.7371
KIC 11296437,kepler,variable,528.50344,133.8,6.394,11.741
TIC 117275513,tess,transit,4.6886342,1469.0,2.651,11.7421
KIC 8801343,kepler,eclipse,2.73987398,20632.2,4.15886,11.743
KIC 9210823,kepler,blend,0.828206212,132.3,1.737,11.743
TIC 258920431,tess,transit,5.9839451,3826.4375501,5.3886513,11.7489
KIC 11456382,kepler,blend,0.814280672,134.9,2.326,11.751
TIC 399956873,tess,false_positive,6.949428,3050.0,2.725,11.7513
KIC 9696358,kepler,transit,6.98141327,38.0,6.527,11.752
TIC 285272237,tess,transit,4.6401269,9954.9098835,3.0320144,11.7524
TIC 166190643,tess,false_positive,1.6540803,3460.0,2.008,11.7528
TIC 73717937,tess,transit,16.2546802,4950.0,4.74,11.7528
KIC 6307537,kepler,eclipse,29.74454668,66894.0,23.2842,11.753
TIC 203289099,tess,transit,3.3557219,1101.0,1.599,11.7538
TIC 198108326,tess,transit,3.2130578,22530.0,2.169,11.7551
TIC 277833995,tess,transit,2.2979915,1354.9640916,0.984865,11.758
TIC 32283946,tess,false_positive,7.06181,22745.5,5.853,11.7582
TIC 170102285,tess,transit,2.9444273,20291.3838652,2.4478494,11.7583
TIC 54962195,tess,transit,2.5989031,1953.2615465,1.6635706,11.7602
TIC 284747017,tess,false_positive,1.8012697,1800.0,3.182,11.7603
TIC 388811663,tess,transit,9.7956535,1633.7953711,2.7073092,11.7603
TIC 114749636,tess,transit,4.6027498,7456.7037756,4.2702334,11.7607
TIC 350332997,tess,false_positive,1.9160221,2430.0,1.405,11.7611
TIC 268766053,tess,transit,3.3098458,19158.8321817,2.2676536,11.7617
KIC 12644769,kepler,eclipse,41.077590334,134484.0,6.20583,11.762
KIC 12008916,kepler,variable,47.4314857,172.8,4.511,11.765
KIC 7177892,kepler,eclipse,1.386249249,47187.6,2.99104,11.766
KIC 2305819,kepler,variable,135.57186,41.2,9.94,11.766
TIC 229141709,tess,false_positive,14.20489,8761.57,4.924,11.766
TIC 428699140,tess,transit,1.9268037,2260.0,1.4,11.7662
KIC 5308778,kepler,eclipse,20.28281916,2797.5,36.048,11.777
TIC 69356857,tess,transit,4.0966887,5620.0,4.557,11.7791
KIC 10735519,kepler,eclipse,1.814128042,2063.6,3.0646,11.78
TIC 322307342,tess,transit,3.5862962,5729.3246858,3.3710943,11.7806
TIC 163539739,tess,transit,14.4751062,9618.5798534,1.6182484,11.7819
TIC 364395234,tess,transit,14.2545623,7899.6939555,4.7250029,11.7835
TIC 393940766,tess,transit,4.8670758,4965.8114653,3.1883546,11.7835
KIC 8192427,kepler,variable,204.818268,303.6,1.93,11.784
TIC 364408162,tess,false_positive,3.1256662,4065.0,2.903,11.785
KIC 7032968,kepler,blend,0.56678702,7.5,3.074,11.786
TIC 183120439,tess,transit,2.2554459,5283.7103901,1.6678604,11.788
TIC 273231214,tess,transit,,3767.5217478,6.6171206,11.7889
TIC 395773226,tess,false_positive,3.8471662,1770.0,2.214,11.7899
TIC 179033846,tess,false_positive,1.476869,2670.0,1.451,11.7919
TIC 158657354,tess,transit,38.5835889,1501.2063653,11.0403765,11.7942
TIC 371234684,tess,transit,3.9228042,13970.0,3.205,11.7946
TIC 380886535,tess,false_positive,8.9066251,2178.8336338,1.9618338,11.7952
TIC 352011875,tess,transit,6.2468813,516.1273113,9.0400019,11.7971
KIC 6779260,kepler,transit,3.833087643,461.4,1.51,11.799
KIC 5025217,kepler,variable,1.78752921,62.9,5.315,11.8
KIC 8801316,kepler,transit,3.93766786,24.3,4.655,11.801
TIC 29959761,tess,false_positive,1.6471574,3880.0,1.033,11.8012
KIC 5771589,kepler,eclipse,10.738427243,1684.2,2.3544,11.809
TIC 210337597,tess,false_positive,0.5257499,1028.0,0.864,11.8096
KIC 12068975,kepler,transit,25.2100146,62.1,6.553,11.811
TIC 237235093,tess,false_positive,2.6834113,760.0,1.146,11.812
TIC 168281028,tess,transit,4.3744614,3270.9828556,3.0484494,11.8134
TIC 154293917,tess,transit,6.6080989,6740.0,3.928,11.8136
TIC 237929468,tess,transit,25.8663869,2612.8827406,4.0838781,11.8153
KIC 6021275,kepler,transit,18.01019956,177.7,3.516,11.818
TIC 197959526,tess,false_positive,0.7196291,4971.1456595,1.474746,11.8199
KIC 5042210,kepler,transit,12.14684625,70.7,6.197,11.821
TIC 48448369,tess,transit,,2097.1164668,2.2996357,11.8216
TIC 274122380,tess,false_positive,2.873138,1240.0,2.908,11.8225
TIC 121865656,tess,transit,179.5906214,1024.4595636,14.8168424,11.8234
KIC 4848423,kepler,eclipse,1.501760172,387905.0,5.85519,11.825
KIC 11456279,kepler,variable,0.572937573,80.8,2.576,11.825
KIC 8556077,kepler,blend,3.635723653,80.0,2.1862,11.826
TIC 98613492,tess,false_positive,1.0617107,2369.0,1.067,11.8275
TIC 139528693,tess,transit,2.1751729,7780.6435196,4.7918806,11.8282
TIC 402026209,tess,transit,1.3382314,27137.0920051,2.1560676,11.8295
KIC 9602613,kepler,transit,4.61225043,29.1,2.695,11.83
TIC 29374525,tess,false_positive,3.813812,2310.0,2.572,11.8338
TIC 83275782,tess,transit,2.6570006,4050.0,2.125,11.8423
TIC 73244652,tess,false_positive,8.2100724,4190.0,1.37,11.8431
TIC 245509452,tess,transit,3.246208,9405.9910446,3.4201513,11.8433
TIC 466206508,tess,transit,75.1247037,11171.0,8.599,11.8452
TIC 198385543,tess,transit,3.9306746,1637.1984269,1.4305142,11.8467
TIC 236887394,tess,transit,1.4200248,23730.0,1.431,11.8478
TIC 224418572,tess,false_positive,2.8465928,2110.0,2.664,11.8512
TIC 10974783,tess,false_positive,3.2174446,11554.503179,3.8917348,11.852
TIC 153896150,tess,false_positive,2.787945,3211.467356,1.5084757,11.8522
KIC 11133306,kepler,transit,41.74598855,421.8,4.6125,11.854
TIC 130633912,tess,transit,5.2913602,11253.2758897,3.5122145,11.8543
KIC 5561278,kepler,transit,20.31047472,164.6,5.3357,11.855
KIC 4144236,kepler,variable,10.0046881,50.6,2.389,11.856
TIC 199162630,tess,false_positive,2.7649802,3575.0,1.659,11.8563
TIC 271042173,tess,false_positive,0.476873,1930.0,1.135,11.857
KIC 5091075,kepler,variable,1.25625738,15.2,9.726,11.857
TIC 195093356,tess,false_positive,7.8284207,32460.0,5.456,11.8572
KIC 9239670,kepler,variable,456.55308,116.2,4.435,11.858
TIC 344416349,tess,false_positive,7.8365317,4532.0,2.271,11.86
KIC 5268955,kepler,variable,12.82252496,19268.0,18.8,11.863
KIC 6922710,kepler,transit,23.1274171,157.3,4.901,11.863
KIC 6035335,kepler,variable,1.044408447,46.2,3.633,11.865
TIC 53458803,tess,transit,3.3489038,10987.1747675,3.3546298,11.8656
KIC 11401755,kepler,transit,13.84984567,84.6,7.2783,11.866
TIC 374200604,tess,false_positive,0.760019,1865.5886518,0.638738,11.869
TIC 180991313,tess,transit,2.2088214,7770.0,2.544,11.8699
TIC 452006073,tess,transit,1.2669382,2580.0,1.93,11.8706
KIC 2712825,kepler,variable,18.384953,92.9,5.92,11.871
KIC 7700871,kepler,blend,5.17968868,121.8,3.7256,11.871
KIC 9541567,kepler,variable,1.12284501,,0.95,11.872
TIC 40779013,tess,false_positive,1.7113115,9840.0,1.562,11.8744
TIC 156648452,tess,transit,3.4936188,9730.0,3.355,11.8747
TIC 158588995,tess,transit,1.9771658,13877.3059698,1.1104153,11.8764
KIC 11098004,kepler,blend,7.508818,70.1,6.5,11.878
TIC 232608943,tess,transit,82.6901439,6529.5765126,7.5240298,11.8787
KIC 9008125,kepler,variable,308.024953,352.6,2.665,11.879
TIC 291732201,tess,false_positive,6.7415334,23765.0,3.446,11.8802
KIC 9602595,kepler,eclipse,3.55650976,687454.0,12.7364,11.882
TIC 274599700,tess,false_positive,,6007.8703021,8.4494541,11.8831
TIC 77156657,tess,transit,3.8404319,3580.0,5.242,11.8831
TIC 256722647,tess,transit,2.9224661,5724.017673,5.5560255,11.8832
KIC 7019580,kepler,variable,72.0153825,177.7,2.548,11.888
TIC 399402994,tess,transit,2.7161298,14527.4470152,3.5299033,11.8886
TIC 14770122,tess,transit,3.5438732,10892.9403038,4.2332052,11.8887
TIC 453064665,tess,transit,2.6452121,10456.8418233,3.0559836,11.8889
TIC 48506505,tess,transit,7.7942155,2950.7357104,0.9710311,11.8933
KIC 6936966,kepler,blend,36.4721523,52.6,2.673,11.894
KIC 11758544,kepler,transit,2.7073064,69.5,3.4378,11.894
TIC 366411016,tess,transit,8.8652886,1699.9442212,3.2904518,11.8964
KIC 2571238,kepler,transit,9.286964466,691.7,3.3649,11.898
KIC 2853828,kepler,variable,346.36642,148.2,14.94,11.899
KIC 6032981,kepler,variable,3.3226948,78.7,3.568,11.899
TIC 155947004,tess,false_positive,9.4258906,4450.0,2.406,11.8993
TIC 97766057,tess,transit,3.2535299,6115.0131399,5.1923833,11.8994
TIC 158555987,tess,false_positive,5.5460893,1956.6215347,2.2804171,11.8995
TIC 455096220,tess,transit,3.6466612,8994.5736642,3.9225178,11.8997
TIC 220435095,tess,false_positive,3.4231002,8643.1016455,2.4377583,11.8999
TIC 245392284,tess,transit,1.7442831,7445.2479047,2.1928372,11.9004
TIC 139733308,tess,transit,4.7633952,13160.629831,3.0078272,11.9012
TIC 301258470,tess,transit,12.4563692,10352.6423902,3.6674288,11.9039
TIC 269892793,tess,false_positive,1.7729239,26694.3797428,1.8255671,11.9056
TIC 268372005,tess,false_positive,6.4274159,3940.0,1.277,11.907
KIC 4851283,kepler,blend,1.23517588,232.9,5.476,11.908
TIC 160148385,tess,transit,3.4252563,14223.1726719,2.4617762,11.9116
TIC 243283955,tess,false_positive,8.407133,1490.0,1.272,11.9125
TIC 407146538,tess,false_positive,2.0915616,2560.0,3.634,11.9139
KIC 9655005,kepler,eclipse,1.39862757,45.5,9.625,11.915
TIC 220076110,tess,transit,4.808498,11010.0,1.405,11.916
TIC 363548415,tess,transit,6.7713411,2930.0,2.836,11.9186
KIC 11253827,kepler,transit,42.9923284,1120.1,4.726,11.921
TIC 410153553,tess,transit,0.4629304,4507.3268775,0.5409433,11.9238
TIC 18017227,tess,false_positive,0.6203033,1390.0,1.031,11.9245
KIC 7838906,kepler,eclipse,35.4261827,317.6,4.393,11.925
TIC 248250955,tess,transit,0.3011506,1457.6973975,0.6404841,11.9251
KIC 6356692,kepler,transit,11.39169531,51.0,5.0,11.926
KIC 10794087,kepler,transit,7.64970832,55.4,6.625,11.926
KIC 8494142,kepler,transit,42.88247951,408.9,9.7471,11.931
TIC 299089652,tess,transit,,3608.2663496,9.3055095,11.9363
TIC 361343239,tess,transit,2.3505698,11210.0,2.768,11.9383
TIC 118956453,tess,transit,2.3447752,15340.0,1.814,11.9397
TIC 261141602,tess,false_positive,1.4956727,3708.0,1.965,11.9409
KIC 5125048,kepler,variable,0.56818769,,2.0,11.941
KIC 5738698,kepler,eclipse,2.404386969,313168.0,7.40348,11.941
KIC 2850321,kepler,variable,25.2218929,,14.84,11.941
KIC 4863753,kepler,blend,1.000012952,36.0,1.221,11.942
KIC 10284575,kepler,variable,173.06929,576.7,12.84,11.943
TIC 377622130,tess,transit,8.8600515,10563.0,2.493,11.9445
KIC 6386784,kepler,blend,1.99567242,18.0,3.58,11.945
KIC 4143755,kepler,transit,19.55662003,298.9,8.087,11.947
TIC 267650535,tess,transit,4.0088245,21483.7462243,2.7370959,11.9475
KIC 7293937,kepler,blend,1.366964704,59.7,2.3181,11.948
TIC 441798995,tess,false_positive,1.4206036,448.0101837,1.6483243,11.9521
TIC 277128619,tess,transit,21.4921464,5960.0,4.199,11.9545
TIC 151959065,tess,false_positive,10.5426254,16789.8076116,6.2145259,11.955
TIC 444413256,tess,false_positive,4.0104917,6051.0,2.293,11.9551
KIC 8739209,kepler,variable,3.6972959,19.7,21.335,11.956
KIC 9289960,kepler,variable,0.53345831,,1.32,11.957
KIC 4931073,kepler,eclipse,26.951237675,86749.2,8.27486,11.957
KIC 4927734,kepler,variable,3.0001191,7.7,6.61,11.96
KIC 9305012,kepler,variable,56.898749,514.0,3.522,11.96
KIC 7914906,kepler,eclipse,8.752913958,41770.0,3.4546,11.961
TIC 326347927,tess,false_positive,7.2617331,1310.0,6.258,11.9625
TIC 429414530,tess,false_positive,2.6340964,2250.0,3.477,11.963
TIC 193708920,tess,false_positive,1.3298469,2190.0,3.007,11.9635
KIC 5130890,kepler,variable,0.91057795,,2.73,11.965
TIC 1965256662,tess,false_positive,4.3170598,10240.0,2.879,11.9683
TIC 5800958,tess,false_positive,4.2318085,1780.0,2.558,11.9696
TIC 201604954,tess,transit,4.606184,13793.034867,3.121643,11.9707
KIC 4917014,kepler,blend,0.796815149,55.9,1.0727,11.971
KIC 7582689,kepler,transit,11.9216035,43.2,5.009,11.973
TIC 344085117,tess,false_positive,0.659752,1138.1047916,0.6731474,11.9732
TIC 258510872,tess,transit,6.5440665,6060.0,3.777,11.9742
TIC 325086150,tess,false_positive,5.4934218,18470.0,3.658,11.9742
TIC 684936227,tess,false_positive,15.29859,1187.0,3.214,11.9755
KIC 10079481,kepler,variable,330.80879,274.8,21.669,11.976
TIC 239816546,tess,transit,2.9887654,15493.9490407,2.9847247,11.9775
KIC 5398002,kepler,eclipse,14.15849823,347.3,46.356,11.98
KIC 5022828,kepler,transit,23.5541012,95.2,7.3,11.98
KIC 8702921,kepler,eclipse,19.38444245,3372.0,20.5899,11.98
TIC 169504920,tess,transit,3.1052319,13036.1538292,2.8083392,11.9801
KIC 10399321,kepler,blend,21.5819776,47.6,13.734,11.981
TIC 458876004,tess,false_positive,3.6923071,14130.0,1.139,11.9814
TIC 95660472,tess,transit,3.244299,5692.0048309,2.6887498,11.9824
KIC 7032174,kepler,blend,0.566799218,18.2,4.227,11.983
TIC 271052158,tess,transit,5.9605542,737.904182,2.7022064,11.9838
KIC 5271637,kepler,variable,471.37787,102.9,16.91,11.985
KIC 2578811,kepler,blend,6.2095391,47.9,2.752,11.989
KIC 11154043,kepler,variable,4.52977632,1582.2,26.752,11.991
KIC 7175184,kepler,transit,10.10463142,114.6,2.369,11.992
TIC 142532090,tess,transit,9.3202467,2200.0,4.963,11.992
KIC 12024120,kepler,transit,3.568099612,98.4,3.2131,11.994
TIC 219766989,tess,false_positive,0.5109902,2720.0,0.709,11.9951
TIC 31656385,tess,false_positive,22.84518,9210.0,7.215,11.9961
TIC 139285736,tess,false_positive,1.55028,23529.8,1.571,11.9969
KIC 4825872,kepler,variable,169.894419,178.7,2.525,11.998
TIC 193628179,tess,false_positive,3.2623468,8540.0,2.91,11.9993
TIC 435861696,tess,false_positive,5.6902814,21290.0,2.344,12.0
TIC 237320326,tess,transit,1.7771109,14073.5021163,1.5669528,12.003
KIC 11869052,kepler,eclipse,20.5452375,218.5,2.517,12.003
KIC 9070666,kepler,transit,2.99792926,45.4,4.398,12.003
KIC 2693092,kepler,eclipse,39.841522897,143685.0,8.79024,12.003
KIC 5177065,kepler,variable,1.25383162,12.9,7.68,12.005
KIC 9172506,kepler,eclipse,50.440285363,85309.1,12.2001,12.009
KIC 8737343,kepler,variable,406.29695,136.5,5.32,12.011
KIC 7983117,kepler,transit,11.49500229,51.4,7.602,12.014
TIC 140691463,tess,transit,2.0845434,12504.825019,2.017038,12.0166
TIC 34466256,tess,false_positive,0.7029205,2480.0,1.325,12.0195
TIC 347011522,tess,false_positive,17.2045725,3770.0,4.987,12.0205
TIC 380255458,tess,transit,6.569208,14456.0192142,3.6617022,12.0213
TIC 145750719,tess,transit,3.5608112,4890.0,3.389,12.0213
KIC 3342952,kepler,blend,1.039046871,24.4,1.689,12.023
TIC 162922904,tess,transit,3.8186276,3240.0,4.282,12.0233
TIC 155986102,tess,false_positive,6.87168,39248.4,3.16,12.0235
TIC 399967279,tess,transit,94.0997954,20525.1201107,4.8738442,12.0294
KIC 9941425,kepler,blend,1.075158342,30.2,1.295,12.032
TIC 178162579,tess,transit,3.5514016,8480.0,2.207,12.0327
TIC 8677530,tess,false_positive,2.91463,9960.0,2.977,12.033
TIC 293612446,tess,transit,2.6266983,10650.0,4.087,12.0364
KIC 11392618,kepler,blend,110.9215892,498.0,5.282,12.037
KIC 9906489,kepler,variable,8.9648813,454.5,61.23,12.039
TIC 5882269,tess,transit,4.7948642,2280.0,2.245,12.0394
KIC 10795103,kepler,transit,214.3120439,4523.4,16.2938,12.04
TIC 190998418,tess,transit,2.8791023,11426.6170088,2.7497683,12.0401
KIC 9588822,kepler,eclipse,71.76236302,8591.9,29.435,12.045
TIC 7548817,tess,transit,4.52074,8520.0,4.175,12.0453
TIC 339522221,tess,transit,1.82069,12340.0,3.049,12.0457
TIC 334597566,tess,false_positive,9.1099373,8817.0,9.51,12.0471
KIC 10338279,kepler,eclipse,5.660274452,414.1,0.9077,12.049
TIC 425817867,tess,transit,3.7783401,24582.4117134,2.82963,12.0491
TIC 52640302,tess,transit,1.5732848,16875.7909849,2.4285285,12.0506
KIC 5174492,kepler,eclipse,0.720589427,70.0,4.329,12.051
TIC 95122849,tess,false_positive,10.1197017,2570.0,2.129,12.0515
TIC 61980227,tess,false_positive,3.0958985,10354.9916952,1.8584684,12.0516
TIC 208030798,tess,false_positive,1.7167587,13620.0,2.044,12.052
TIC 131581531,tess,false_positive,3.0591641,2110.0,4.25,12.0536
TIC 157586003,tess,transit,3.3326189,8310.5066162,3.5620066,12.0545
TIC 371579161,tess,false_positive,2.2215349,3539.0,2.869,12.0545
KIC 10208477,kepler,variable,454.244158,241.0,3.399,12.055
KIC 11200415,kepler,blend,4.63958598,83.4,2.768,12.057
KIC 9145861,kepler,variable,215.778765,377.6,3.737,12.057
TIC 348054109,tess,false_positive,0.4378024,1462.5517623,1.5315811,12.0575
KIC 12165063,kepler,variable,226.499243,127.4,1.328,12.059
KIC 3662838,kepler,transit,24.85466504,776.2,9.182,12.059
KIC 2573108,kepler,variable,5.09506,23.6,5.73,12.062
TIC 373729723,tess,false_positive,13.0518467,39070.0,3.333,12.0633
TIC 231076038,tess,false_positive,8.2500143,2250.0,3.317,12.0635
TIC 466390120,tess,transit,1.5487245,9869.0318921,2.8258531,12.0671
TIC 137157546,tess,false_positive,3.6841446,2260.0,2.967,12.0672
TIC 176314383,tess,transit,3.3759446,1270.0,3.538,12.0676
KIC 6859813,kepler,eclipse,10.88242209,206811.0,5.51934,12.068
TIC 117979897,tess,transit,3.3106692,9189.7342523,3.7033867,12.0682
KIC 10363115,kepler,transit,59.3627946,233.6,13.972,12.07
KIC 10617017,kepler,transit,13.15140223,97.8,5.439,12.071
TIC 228381868,tess,transit,3.4654953,5884.1905569,4.1612558,12.0719
TIC 160390955,tess,transit,4.4178042,6790.1682056,2.5881434,12.0729
TIC 333736132,tess,transit,731.9966539,16102.9689949,2.892543,12.0742
KIC 10685175,kepler,variable,3.10197712,124.6,7.083,12.075
TIC 124379043,tess,transit,1.962292,20910.0,2.935,12.0753
TIC 175236511,tess,transit,7.8092052,480.0,3.393,12.0789
TIC 281196902,tess,transit,5.5455798,8040.2832674,3.1170996,12.079
KIC 5019567,kepler,variable,1.17430183,64.5,9.587,12.08
KIC 7869917,kepler,transit,11.8061737,88.1,4.472,12.082
TIC 246965431,tess,transit,4.0785273,4530.0,1.561,12.0828
TIC 75650448,tess,transit,18.184189,9343.0,3.696,12.0836
KIC 3335816,kepler,eclipse,3.711013336,24989.1,3.31024,12.084
KIC 12416661,kepler,transit,8.05337912,38.3,5.382,12.086
KIC 11820830,kepler,eclipse,12.7319385,11449.0,4.4157,12.087
TIC 277634430,tess,transit,2.3260077,3279.7891318,0.9960868,12.0874
TIC 69838258,tess,false_positive,6.73069,14721.7,3.503,12.0885
KIC 4927738,kepler,variable,19.545185,40.2,1.597,12.091
TIC 256349966,tess,false_positive,14.5877856,3374.0,3.517,12.0913
KIC 8955741,kepler,variable,538.4263,242.0,12.751,12.099
TIC 20988926,tess,false_positive,5.3194765,3640.0,4.653,12.0997
KIC 7936194,kepler,variable,536.52197,293.9,4.458,12.101
TIC 160578764,tess,transit,2.8786641,8710.0,2.207,12.1014
KIC 5038469,kepler,variable,1.36840167,,4.58,12.103
TIC 130191319,tess,false_positive,1.6117444,3120.0,1.524,12.1038
KIC 12645262,kepler,variable,545.45623972,,5.91,12.104
TIC 48353358,tess,transit,9.8786838,1728.7453821,1.8852042,12.1042
KIC 10191036,kepler,blend,1.21374652,28.9,3.371,12.107
TIC 51637609,tess,transit,2.709631,10819.0,3.282,12.1088
TIC 49735922,tess,transit,6.3392677,1739.0,3.02,12.1093
TIC 206284139,tess,transit,3.0026495,4411.9691117,2.9675422,12.1112
KIC 3442054,kepler,eclipse,117.6813778,45362.0,12.7591,12.112
KIC 5632781,kepler,variable,11.02520205,429759.0,12.8097,12.113
TIC 432422552,tess,false_positive,9.7712443,34227.0,3.956,12.1134
TIC 454069765,tess,transit,4.1197036,2690.0,4.547,12.1137
KIC 5702637,kepler,blend,1.0388961,600.8,4.755,12.114
TIC 58474992,tess,false_positive,25.714253,33131.0,6.373,12.1157
TIC 371711170,tess,false_positive,9.8482192,1670.0,4.24,12.1158
TIC 368805700,tess,transit,3.5771891,15679.3921242,3.0669978,12.1159
TIC 118308828,tess,false_positive,3.7353995,2360.0,1.836,12.1162
TIC 319783554,tess,false_positive,1.819376,5240.0,2.97,12.1164
KIC 5276332,kepler,variable,357.82544,152.5,9.12,12.117
KIC 3327980,kepler,eclipse,2.115510941,415163.0,7.2877,12.119
KIC 5511081,kepler,transit,13.72710334,199.2,7.3419,12.119
KIC 6612973,kepler,variable,681.01756,133.9,8.74,12.119
KIC 4142768,kepler,variable,13.99585365,19681.0,5.0308,12.12
KIC 8906676,kepler,eclipse,8.209514329,141387.0,4.14104,12.121
TIC 376740324,tess,false_positive,4.5300175,35800.0,5.331,12.1229
TIC 61117473,tess,false_positive,6.1836211,10508.1307083,2.5436374,12.123
TIC 399613138,tess,false_positive,8.1958135,8230.0,1.182,12.1245
KIC 10264660,kepler,transit,6.790120801,2302.3,6.0437,12.128
KIC 8453851,kepler,variable,2.78801663,14.0,17.354,12.133
TIC 416279912,tess,transit,,6769.4027159,10.5974327,12.1351
TIC 247873937,tess,false_positive,4.6498719,8110.0,4.995,12.1359
KIC 10616656,kepler,eclipse,25.285232337,63021.6,4.76313,12.138
KIC 10677763,kepler,variable,120.16983803,,3.19,12.138
KIC 9221398,kepler,eclipse,13.787520532,12978.3,2.55435,12.14
TIC 327952677,tess,transit,3.3969441,10192.131158,2.4148687,12.141
KIC 6206751,kepler,eclipse,1.245342215,234086.0,4.40308,12.142
KIC 3555178,kepler,variable,528.10984,89.8,18.01,12.143
KIC 8262223,kepler,eclipse,1.613014741,152120.0,4.39594,12.146
KIC 11189311,kepler,transit,81.4160138,762.3,14.175,12.146
KIC 9159301,kepler,eclipse,3.044771557,487818.0,11.0593,12.146
KIC 6956136,kepler,variable,53.912783631,216.7,44.0504,12.147
KIC 3545135,kepler,transit,8.48299282,69.1,2.505,12.147
TIC 435167167,tess,false_positive,3.0330919,1280.0,4.043,12.1474
KIC 10199817,kepler,variable,392.94247,120.3,11.055,12.152
KIC 3970397,kepler,variable,34.33339948,,2.45,12.152
KIC 10909274,kepler,eclipse,39.238141571,439208.0,6.07183,12.153
TIC 316937670,tess,false_positive,0.62425,954.060325,0.774288,12.1535
KIC 3127817,kepler,eclipse,2.163569702,54518.0,7.60963,12.155
KIC 8953426,kepler,eclipse,2.665875491,161389.0,7.59461,12.156
KIC 10338624,kepler,variable,0.607538435,34.9,5.549,12.156
TIC 117068362,tess,false_positive,4.2005957,4448.0,2.587,12.1566
TIC 455036659,tess,transit,4.007232,10360.0,4.78,12.1569
KIC 5015027,kepler,variable,34.4886903,59.9,1.22,12.157
TIC 112099249,tess,transit,5.17958,7620.0,4.524,12.1577
KIC 12253534,kepler,variable,466.08101,180.1,23.69,12.159
KIC 8552719,kepler,transit,88.40678718,1724.4,12.3079,12.16
KIC 3248033,kepler,blend,1.334101467,120.8,2.1033,12.161
TIC 4426490,tess,false_positive,2.668957,17029.8720026,2.7508738,12.1616
KIC 8495232,kepler,blend,9.63647672,47.6,2.999,12.162
TIC 185226925,tess,false_positive,3.1979646,2060.0,5.69,12.1624
KIC 11811193,kepler,transit,6.11784972,60.5,3.458,12.168
TIC 358107516,tess,transit,11.9124942,19304.2778014,3.7520869,12.173
KIC 11601597,kepler,eclipse,0.590281548,21.6,2.72,12.174
TIC 169249234,tess,transit,7.1858029,11192.4995247,4.2542613,12.1772
TIC 123309556,tess,transit,2.5080815,1292.7152523,1.1724398,12.1773
KIC 7677005,kepler,eclipse,38.058140058,308873.0,8.82403,12.178
KIC 8248939,kepler,blend,1.63345402,359.0,3.817,12.179
TIC 262662119,tess,transit,4.53347,11929.8619692,3.6052513,12.1796
KIC 11905011,kepler,transit,5.65178922,134.1,3.0933,12.182
KIC 10864656,kepler,transit,52.5008645,946.7,14.9066,12.183
KIC 8588982,kepler,variable,116.025744,1361.0,3.539,12.184
KIC 9357275,kepler,eclipse,1.588298157,165034.0,4.37027,12.186
KIC 11460462,kepler,transit,5.03728033,76.3,2.0619,12.189
TIC 97409519,tess,transit,3.372877,17163.60419,2.63426,12.1893
KIC 5652983,kepler,eclipse,498.391282,1590.0,6.135,12.193
KIC 5966322,kepler,transit,60.92818866,755.6,6.3336,12.193
TIC 353586703,tess,false_positive,3.0043128,6000.0,0.714,12.1953
TIC 9443323,tess,transit,4.01357,8561.4394866,4.1381202,12.1957
KIC 9468717,kepler,eclipse,7.37339245,125.0,2.883,12.197
TIC 418866096,tess,false_positive,6.6308943,6379.0,1.72,12.2011
KIC 4060815,kepler,variable,4.2856756,31.4,4.059,12.203
KIC 5024482,kepler,blend,1.5259105,83.9,3.114,12.203
TIC 402848417,tess,false_positive,28.4664618,4267.0,5.958,12.2041
KIC 6462863,kepler,transit,3.743166733,126.3,3.6888,12.205
TIC 187532854,tess,false_positive,1.6513066,1751.0,0.82,12.2059
TIC 360816293,tess,false_positive,3.5506084,16040.0,2.706,12.2077
TIC 148233571,tess,false_positive,0.9422588,1060.0,1.46,12.2082
KIC 5544450,kepler,variable,4.29388808,110.6,3.618,12.209
KIC 8686097,kepler,transit,172.7046083,659.1,11.347,12.209
KIC 9837659,kepler,variable,121.62387378,,2.73,12.209
KIC 4754831,kepler,variable,55.119831,114.5,4.703,12.211
KIC 11853905,kepler,transit,3.213668926,727.8,3.98235,12.211
KIC 8156120,kepler,transit,38.5833679,1388.2,12.391,12.211
TIC 13349647,tess,transit,1.5373643,17828.6194882,1.7528779,12.212
TIC 99834717,tess,transit,1.7063264,10980.0,1.359,12.212
TIC 219821826,tess,false_positive,9.6799809,15870.0,1.806,12.2169
KIC 10857519,kepler,transit,2.053341891,65.5,2.596,12.217
KIC 7874976,kepler,variable,185.83013,72.6,10.14,12.218
KIC 7539174,kepler,variable,297.71402,1374.5,13.413,12.218
TIC 189620016,tess,false_positive,1.1793395,4010.0,1.262,12.2186
TIC 35022727,tess,transit,3.6528112,18681.4630568,2.8788573,12.2192
KIC 10480952,kepler,eclipse,2.037453129,315914.0,5.43155,12.22
KIC 4729553,kepler,variable,0.961292561,325530.0,4.64294,12.221
KIC 8975368,kepler,blend,2.42649862,29.2,2.014,12.222
KIC 5986270,kepler,eclipse,1.534679933,456.6,1.7237,12.224
KIC 9752982,kepler,variable,0.716709897,932.5,0.7466,12.224
TIC 92449173,tess,transit,2.1764875,8114.6829556,3.4403723,12.2247
TIC 35009898,tess,transit,1.5275639,2892.4227936,1.3727055,12.2255
KIC 11855538,kepler,blend,2.521265,36.5,2.69,12.227
KIC 9635529,kepler,eclipse,2.35195525,212828.0,5.98883,12.23
TIC 53750200,tess,transit,4.1933422,4804.157266,1.8220996,12.2309
KIC 11551692,kepler,transit,3.005156911,691.6,2.0747,12.231
KIC 10004515,kepler,variable,25.26363805,,2.72,12.231
KIC 8957572,kepler,variable,1.5765874,29.2,15.18,12.232
TIC 138497780,tess,false_positive,3.6754815,9843.1330115,2.3005775,12.2337
TIC 400476523,tess,false_positive,18.10671,10340.0,4.562,12.2339
KIC 5307990,kepler,blend,0.98762513,28.6,1.127,12.234
KIC 7203858,kepler,variable,407.97623,237.5,14.69,12.234
TIC 284326455,tess,transit,3.7998536,25455.0849851,1.8114914,12.2341
KIC 12156805,kepler,blend,371.54879,125.6,9.841,12.235
KIC 7974634,kepler,variable,404.701927,236.2,3.981,12.236
TIC 253030300,tess,false_positive,2.8300213,3790.0,1.646,12.2361
KIC 8761550,kepler,variable,224.591055,125.2,3.232,12.238
KIC 9291039,kepler,variable,8.80854183,174.7,34.7564,12.239
KIC 9549648,kepler,transit,5.99185827,186.3,1.7215,12.239
TIC 286099128,tess,transit,3.7788779,17654.0731284,3.1290228,12.239
KIC 9777062,kepler,eclipse,19.230038188,266180.0,7.04412,12.241
TIC 259962054,tess,false_positive,51.94509,2534.0,8.094,12.2423
TIC 7059054,tess,transit,5.185768,13002.0,2.356,12.244
TIC 400466395,tess,false_positive,5.1391542,6171.0,0.633,12.2479
KIC 10289119,kepler,transit,16.10474503,124.1,5.712,12.249
TIC 70785910,tess,false_positive,0.4947938,2913.5611564,0.9449038,12.2494
KIC 11817750,kepler,eclipse,9.762550001,41579.9,4.87531,12.25
KIC 7515679,kepler,transit,5.546083089,2211.0,2.717,12.252
TIC 13023738,tess,false_positive,8.0635,5180.0,3.396,12.2524
KIC 9569711,kepler,transit,6.05919881,154.2,1.365,12.253
KIC 5949765,kepler,variable,426.34444,90.2,14.139,12.254
TIC 1979500576,tess,false_positive,2.6342729,3190.0,3.998,12.2546
KIC 4281895,kepler,eclipse,9.543584955,68184.5,3.72007,12.256
TIC 233602827,tess,transit,9.0447039,1611.0010188,1.7653148,12.2574
KIC 9898447,kepler,transit,2.37752442,32.1,2.307,12.258
TIC 459837008,tess,transit,3.4950422,2004.426903,1.0311342,12.2591
KIC 2985767,kepler,transit,14.07969236,169.5,1.375,12.261
KIC 3240159,kepler,eclipse,82.137609997,210772.0,6.11904,12.261
TIC 449197624,tess,false_positive,6.7934811,5400.0,1.824,12.2624
TIC 49705089,tess,transit,9.6578504,2300.0,5.943,12.2627
KIC 6470149,kepler,eclipse,165.739861,7343.4,24.9393,12.263
TIC 100769500,tess,false_positive,4.5016419,2992.0,1.897,12.2652
TIC 423903685,tess,false_positive,4.0938735,16964.0,4.537,12.266
KIC 2142501,kepler,variable,113.0707574,,9.03,12.267
TIC 176685457,tess,transit,4.4352884,6410.0,1.89,12.2682
TIC 459728249,tess,transit,8.9653531,7094.0,1.893,12.2685
TIC 175772482,tess,transit,2.8386215,15270.0987848,2.332647,12.2688
KIC 10488450,kepler,blend,2.683395376,234.7,1.8592,12.269
KIC 6109688,kepler,eclipse,14.086776961,106837.0,10.1279,12.271
KIC 5265982,kepler,variable,628.592314,393.7,3.603,12.275
KIC 10057494,kepler,transit,2.41810158,46.8,2.144,12.278
TIC 172871230,tess,false_positive,3.4100261,5200.0,2.233,12.2794
KIC 10470616,kepler,blend,4.15713766,77.0,1.808,12.28
KIC 9906841,kepler,variable,581.0723,1364.2,15.81,12.282
KIC 8813404,kepler,variable,374.80095,144.4,10.691,12.283
TIC 380589029,tess,transit,1.3484961,18463.7636682,2.4074261,12.2851
TIC 229791084,tess,transit,1.6453265,19310.0,2.59,12.2856
KIC 4914423,kepler,transit,15.96532718,482.2,4.5837,12.287
TIC 429358906,tess,transit,8.0239811,4010.0577601,1.7082731,12.2875
TIC 308425348,tess,false_positive,3.39829,4340.0,2.634,12.2876
KIC 3755522,kepler,blend,251.958533,204.1,4.742,12.289
TIC 80029842,tess,false_positive,2.3992876,1180.0,2.545,12.2896
KIC 9394601,kepler,eclipse,0.876826336,138366.0,3.6097,12.29
KIC 9071386,kepler,eclipse,4.693305543,14522.9,5.17249,12.291
KIC 2452289,kepler,blend,6.0353643,47.2,9.211,12.291
TIC 393626873,tess,false_positive,2.5139682,1745.3985011,2.4474847,12.2928
TIC 55748194,tess,false_positive,2.5227786,18880.0,2.177,12.293
TIC 286201103,tess,transit,0.8573727,2045.7091221,0.5478598,12.2936
KIC 9780149,kepler,eclipse,2.53021,367.9,21.79,12.294
TIC 420112589,tess,transit,11.0619937,3249.1164334,1.7587777,12.295
KIC 9899421,kepler,blend,1.33256256,174.9,3.088,12.295
TIC 363635669,tess,false_positive,0.7617828,3487.6353826,2.0029797,12.2951
TIC 220479565,tess,transit,3.6977167,4755.6707294,0.9308263,12.2958
TIC 372596796,tess,false_positive,3.5366743,13180.0,2.697,12.298
KIC 10905911,kepler,transit,1.34155642,58.2,1.6462,12.299
TIC 11270200,tess,transit,3.1432403,4968.9753741,4.3767436,12.2994
TIC 271439193,tess,false_positive,6.2329571,2367.0,3.043,12.2996
KIC 2713018,kepler,variable,66.713573,63.9,4.487,12.301
KIC 4761060,kepler,blend,13.37935853,353.5,8.809,12.301
KIC 3438975,kepler,blend,2.976020742,114.9,3.73,12.302
TIC 49710555,tess,false_positive,12.08837,5990.0,3.106,12.3035
TIC 281885301,tess,transit,7.9177855,6150.3984312,3.150639,12.3049
KIC 12405950,kepler,eclipse,3.539631353,1229.7,1.5372,12.305
TIC 200593988,tess,false_positive,7.6787462,6458.9029552,3.6479222,12.3069
TIC 437704321,tess,transit,2.8492802,3881.5844287,2.0072155,12.3071
TIC 448589187,tess,transit,3.0652926,11240.0,2.606,12.3077
TIC 207077681,tess,transit,2.278575,13638.9588751,2.159825,12.3119
TIC 87044036,tess,false_positive,1.0711292,2030.0,2.213,12.3128
KIC 7622473,kepler,blend,40.244826,192.9,4.303,12.314
KIC 10093664,kepler,variable,1.20693963,20.0,6.881,12.317
KIC 6198182,kepler,transit,3.88148385,36.3,2.679,12.32
KIC 11336883,kepler,transit,7.16893064,112.8,4.6766,12.32
KIC 11295085,kepler,variable,2.49777454,78.7,5.241,12.321
TIC 112604564,tess,transit,4.5768651,10869.4903086,3.5592795,12.3213
TIC 320411045,tess,transit,14.8442674,7245.0,2.748,12.3239
KIC 11547513,kepler,transit,5.317440164,292.5,2.9331,12.324
KIC 6587796,kepler,transit,33.4203001,436.6,5.307,12.325
KIC 10849244,kepler,eclipse,24.261683827,192283.0,7.1617,12.325
TIC 150096001,tess,transit,11.0248821,1943.0,2.917,12.3252
KIC 5119143,kepler,variable,0.530799654,318.5,3.487,12.328
KIC 7672940,kepler,eclipse,1064.2680956,22771.7,11.5521,12.328
TIC 309436531,tess,false_positive,3.2136333,7810.0,1.875,12.3297
KIC 9489953,kepler,variable,58.3437362,1266.8,22.482,12.33
KIC 6947837,kepler,variable,1.17033848,17.3,11.56,12.331
TIC 248111245,tess,transit,4.6370479,7765.9973286,4.8238322,12.3335
KIC 5305240,kepler,blend,1.070982122,43.4,1.255,12.334
TIC 23769326,tess,transit,7.4332642,6000.0,3.051,12.3342
KIC 2711114,kepler,eclipse,1.429439352,3367.1,2.424,12.335
KIC 10202759,kepler,blend,0.872952088,137.3,1.4499,12.335
TIC 32949762,tess,transit,3.7684981,19800.0,2.727,12.3352
TIC 14344979,tess,transit,4.1117731,22017.8853537,2.1575648,12.3353
KIC 4044005,kepler,eclipse,17.512014768,4511.7,1.8248,12.336
TIC 355732304,tess,false_positive,2.5411063,8720.0,3.491,12.3367
TIC 423275733,tess,transit,2.0528684,8982.0803562,2.6201128,12.3368
KIC 9028474,kepler,eclipse,124.93576738,240899.0,7.5608,12.338
TIC 350044062,tess,false_positive,5.9522831,7280.0,1.966,12.3391
TIC 53728859,tess,transit,3.2573898,13770.1931364,3.1400826,12.3396
KIC 8265156,kepler,blend,0.978362973,37.1,1.206,12.34
KIC 8110733,kepler,variable,203.511886,167.1,3.671,12.341
KIC 9579192,kepler,eclipse,12.08353781,43086.6,7.90317,12.344
KIC 5202905,kepler,transit,14.8444836,177.9,6.091,12.345
TIC 141616639,tess,false_positive,3.2428744,1470.0,2.417,12.3454
KIC 8349582,kepler,transit,11.523067458,507.3,3.8757,12.346
TIC 184869170,tess,false_positive,7.7235903,2720.0,5.953,12.3467
TIC 369861731,tess,false_positive,3.8780401,5030.0,2.757,12.3483
TIC 386297468,tess,false_positive,2.0958074,2350.0,2.992,12.3487
KIC 6611779,kepler,variable,206.309658,277.1,1.498,12.351
KIC 6291837,kepler,transit,35.5969684,684.5,6.691,12.351
TIC 267484653,tess,false_positive,1.7384809,3882.8974217,2.6777485,12.3512
KIC 2694632,kepler,variable,0.92225589,33.0,4.227,12.352
TIC 291751373,tess,transit,2.5079177,6997.4591212,3.0652269,12.355
TIC 293457754,tess,transit,4.5195089,17738.8625444,3.1628648,12.3553
TIC 41865539,tess,false_positive,1.26092,4825.94,2.718,12.3571
TIC 188593930,tess,false_positive,1.46503,3162.12,1.145,12.3574
TIC 2758565,tess,false_positive,3.7815683,15002.1659627,2.0137346,12.3611
TIC 162729620,tess,false_positive,13.4364908,4735.0,5.375,12.3613
TIC 367913453,tess,false_positive,2.7761628,1340.0,2.139,12.3618
KIC 9457533,kepler,variable,37.3683802,206.6,2.8,12.362
KIC 5094751,kepler,transit,21.22261195,366.0,6.5093,12.365
KIC 6145939,kepler,eclipse,17.745456135,80258.0,4.0678,12.366
TIC 17129975,tess,false_positive,1.5142292,5271.4558635,1.7190416,12.367
TIC 143143769,tess,transit,1.3372349,1226.6760556,1.7026098,12.3686
KIC 5213811,kepler,variable,288.285213,378.1,5.343,12.369
TIC 273069412,tess,false_positive,3.5399394,6448.0,3.443,12.3711
TIC 46432937,tess,transit,1.4404544,47151.6468557,1.2294066,12.3718
KIC 5192660,kepler,variable,110.75214125,,2.09,12.372
KIC 8848104,kepler,eclipse,0.824851807,30099.2,1.93637,12.372
KIC 6928906,kepler,eclipse,1.54945486,21.8,6.698,12.374
KIC 6694186,kepler,eclipse,5.554227226,142313.0,4.77434,12.376
KIC 9304923,kepler,variable,200.762693,1920.0,2.215,12.377
KIC 3531558,kepler,transit,24.99324319,269.6,5.9409,12.377
TIC 470974162,tess,false_positive,3.2583798,4800.0,2.196,12.3794
TIC 332630868,tess,false_positive,736.5601487,3600.0,4.183,12.3805
TIC 259506033,tess,transit,1.9025032,10717.8931836,1.6652986,12.3824
KIC 9535080,kepler,eclipse,49.6456235,857.5,23.568,12.385
KIC 11959569,kepler,eclipse,46.14869106,349630.0,19.092,12.387
KIC 10686930,kepler,blend,2.61844178,45.1,3.203,12.388
TIC 15682927,tess,false_positive,0.9655766,3140.0,1.224,12.3886
KIC 7053328,kepler,variable,455.77076435,341.1,5.1149,12.389
KIC 6471021,kepler,transit,125.6291479,7841.6,9.108,12.391
KIC 6850665,kepler,variable,214.715417,5211.2,34.146,12.391
KIC 8719897,kepler,eclipse,1.575710265,173954.0,6.83787,12.392
TIC 41422753,tess,false_positive,2.4710528,5420.0,3.033,12.3924
KIC 10493253,kepler,variable,89.667675,1415.0,3.726,12.393
KIC 5956977,kepler,variable,77.773042,432.6,2.285,12.393
TIC 462162963,tess,false_positive,1.3550447,3710.0,1.945,12.3935
KIC 11017901,kepler,transit,7.794302043,3387.4,1.1081,12.394
KIC 2306756,kepler,eclipse,386.6030528,24926.6,6.8057,12.394
TIC 166833457,tess,transit,2.9626402,27118.3262165,1.9096724,12.3943
TIC 12862099,tess,transit,2.4238226,16167.1783697,2.2484015,12.3993
KIC 4548011,kepler,transit,6.28384079,35.7,4.291,12.4
KIC 12418816,kepler,eclipse,0.760935268,370600.0,2.77023,12.402
KIC 9753154,kepler,transit,3.70429015,55.7,3.37,12.402
TIC 27649847,tess,transit,1.5428486,2154.4855781,1.1958898,12.4029
TIC 345333936,tess,false_positive,1.4252334,6901.0,1.673,12.4033
TIC 77202722,tess,transit,3.3566052,17292.2979757,2.4455576,12.4035
KIC 9006186,kepler,transit,4.27226421,48.9,2.113,12.404
TIC 269859655,tess,transit,2.9919962,17170.0,2.614,12.4041
KIC 8073705,kepler,transit,10.60052083,60.9,4.509,12.405
TIC 231663901,tess,transit,1.4303699,18960.7122944,1.6165994,12.4069
KIC 8364119,kepler,eclipse,7.73591011,315131.0,5.01919,12.408
KIC 5471617,kepler,variable,94.38163,91.2,11.87,12.409
TIC 416539317,tess,false_positive,2.2019606,960.0,4.326,12.4091
TIC 303867090,tess,false_positive,1.3168344,3640.0,0.733,12.4092
KIC 9467404,kepler,transit,0.929906166,108.7,1.743,12.41
TIC 18318288,tess,transit,1.3888584,1372.5136834,0.8267002,12.4106
KIC 9885417,kepler,transit,0.689967868,122.9,1.1688,12.411
TIC 66497310,tess,false_positive,1.7563116,3476.9463159,1.8543683,12.4115
TIC 307377219,tess,false_positive,4.1629444,3670.0,2.064,12.4151
TIC 365952328,tess,false_positive,4.8741147,4613.0,2.049,12.4154
TIC 278968371,tess,false_positive,1.2997811,7140.0,2.35,12.4162
KIC 3336476,kepler,blend,1.89132292,16.0,5.607,12.417
TIC 110178537,tess,transit,2.993282,14780.3009546,2.5766956,12.419
TIC 60520371,tess,false_positive,2.1974264,3435.0008185,1.4853911,12.419
TIC 308172249,tess,transit,1.4013784,19735.2001267,1.7042715,12.4197
KIC 9353182,kepler,eclipse,10.476258265,120206.0,7.77203,12.421
TIC 162689341,tess,transit,2.1747062,11173.1929564,2.846111,12.423
TIC 66356824,tess,false_positive,3.55562,2610.0,1.838,12.4245
TIC 219860288,tess,transit,4.2660553,1700.0,0.69,12.4251
TIC 47484268,tess,false_positive,,13400.0,2.67,12.4253
TIC 315002523,tess,transit,3.3023907,8027.6122024,5.1743599,12.4257
TIC 119081096,tess,false_positive,0.83707,2745.5,2.497,12.4268
TIC 277987172,tess,false_positive,6.3989216,3830.0,2.781,12.4276
KIC 6043574,kepler,variable,381.782641,367.6,4.52,12.428
TIC 302766000,tess,false_positive,0.2573207,1330.0,0.629,12.428
TIC 220029715,tess,transit,3.1853186,4917.3378908,2.2396998,12.4284
TIC 323687123,tess,transit,4.0179805,2808.9118424,1.1195616,12.4289
KIC 10329196,kepler,transit,85.7567919,159.1,5.695,12.429
KIC 5794570,kepler,transit,5.448321078,529.4,2.2213,12.43
KIC 11775507,kepler,variable,276.32360146,81.3,9.8964,12.431
TIC 55650590,tess,transit,0.7363132,1322.5461054,0.6736853,12.4312
TIC 147895461,tess,false_positive,0.5919629,2450.0,1.0,12.4322
TIC 241102583,tess,false_positive,1.7386091,18980.0,1.691,12.4323
TIC 467783290,tess,false_positive,3.6502527,9000.0,2.506,12.4332
TIC 237922465,tess,transit,8.2754608,6510.0,3.755,12.4333
TIC 67646988,tess,transit,1.8817191,99270.0,1.236,12.4368
TIC 389371332,tess,false_positive,3.9077116,599.6319099,9.5278364,12.4375
KIC 8491745,kepler,eclipse,111.31980522,62704.9,23.0078,12.439
TIC 48103627,tess,transit,4.5696698,9861.079392,3.9536171,12.4399
KIC 6448890,kepler,transit,10.5007712,183.4,14.522,12.44
KIC 5124667,kepler,transit,150.8783198,659.9,8.6797,12.443
TIC 437893926,tess,false_positive,3.8454384,4590.0,4.736,12.4432
KIC 5284133,kepler,eclipse,8.784575777,262984.0,5.3022,12.444
TIC 168699373,tess,transit,4.3011975,22050.0,2.982,12.4474
TIC 285233023,tess,false_positive,2.8577028,2695.0,2.264,12.4487
KIC 4847832,kepler,eclipse,30.960216668,340408.0,15.4308,12.45
KIC 5903312,kepler,blend,1.16015259,170.2,1.3433,12.45
KIC 12403119,kepler,transit,76.13622222,2949.5,7.9393,12.45
KIC 8112013,kepler,eclipse,1.790518325,61541.9,3.34624,12.45
KIC 8413968,kepler,variable,135.223193,56.3,8.989,12.452
TIC 121660904,tess,transit,4.8854844,7009.1394983,5.2333985,12.4532
TIC 231703293,tess,false_positive,0.907105,1430.0,1.711,12.4537
TIC 98545929,tess,transit,1.888231,4358.3260875,3.6693894,12.4539
TIC 400395395,tess,false_positive,3.2891219,8100.0,2.948,12.4564
KIC 8758161,kepler,eclipse,0.998217563,87567.2,3.90851,12.457
KIC 7749773,kepler,transit,13.7872627,75.1,5.747,12.458
KIC 9710611,kepler,variable,386.35444,129.6,9.594,12.458
KIC 7050989,kepler,transit,11.57890926,243.4,2.7207,12.459
KIC 9474969,kepler,variable,21.570508432,134176.0,13.8604,12.462
TIC 198616607,tess,false_positive,3.6311186,6300.0,2.416,12.4627
KIC 10453588,kepler,transit,68.8861017,143.9,5.925,12.464
KIC 9139084,kepler,transit,5.83599485,553.3,2.062,12.465
KIC 10486425,kepler,eclipse,5.274819905,108965.0,4.6688,12.465
TIC 175079720,tess,false_positive,2.2623261,2940.0,3.048,12.4698
KIC 11240948,kepler,eclipse,3.401949837,2477.0,16.5797,12.471
KIC 7541746,kepler,variable,4.1747072,,11.13,12.472
TIC 437333618,tess,transit,4.2986466,15275.7584547,3.1434483,12.472
KIC 11826400,kepler,eclipse,5.889372452,56841.0,4.94674,12.472
TIC 354285962,tess,false_positive,5.6289226,1850.0,9.272,12.4721
KIC 5653072,kepler,blend,3.22452656,57.5,5.156,12.474
KIC 11342416,kepler,transit,25.3690868,110.1,4.746,12.476
KIC 3858704,kepler,blend,3.00363219,101.2,3.732,12.476
KIC 9369366,kepler,blend,36.0054414,117.5,3.262,12.477
KIC 8129189,kepler,eclipse,53.647084859,219095.0,19.9499,12.479
KIC 5272571,kepler,blend,1.288046428,32.3,3.637,12.479
TIC 469184909,tess,false_positive,1.2926975,6460.0,2.592,12.4794
TIC 14661418,tess,transit,4.722816,22675.3812671,2.1894174,12.4806
KIC 2707985,kepler,blend,1.89127438,32.3,4.491,12.481
KIC 8223328,kepler,eclipse,35.51619219,10984.0,2.5,12.481
TIC 11755687,tess,transit,3.0522686,15853.2048135,2.2564388,12.4821
TIC 120723776,tess,false_positive,2.8831285,26290.0,3.53,12.483
TIC 332660287,tess,false_positive,1.2434016,4070.0,0.939,12.483
KIC 6781047,kepler,variable,7.0435762,,15.76,12.484
KIC 9718066,kepler,transit,28.9060526,99.0,3.099,12.485
KIC 10875245,kepler,transit,14.74914825,430.2,6.0995,12.487
KIC 7761918,kepler,transit,89.1935737,868.3,4.0104,12.487
TIC 189625051,tess,transit,4.9088819,5548.8279627,5.5607357,12.487
KIC 10292000,kepler,variable,200.83849979,,2.37,12.488
TIC 319735319,tess,false_positive,2.9038027,5860.0,3.511,12.4889
TIC 444977814,tess,false_positive,11.3689753,5979.0,5.492,12.4889
TIC 291685334,tess,transit,2.0319883,12273.0056923,3.4937463,12.489
TIC 358070912,tess,transit,0.8831279,2068.0674877,1.651686,12.4923
TIC 268301217,tess,transit,0.9466787,16490.0,1.09,12.4933
TIC 235683377,tess,transit,0.4090681,1281.2294665,0.6165726,12.4934
KIC 8219268,kepler,transit,6.24667547,396.8,11.261,12.495
KIC 9899141,kepler,blend,1.33256944,20.6,3.89,12.496
TIC 458419328,tess,transit,4.6747218,8200.0,1.61,12.4963
TIC 403288821,tess,false_positive,0.5474737,1430.0,1.789,12.4978
KIC 6850504,kepler,transit,10.854095934,1034.4,3.7768,12.498
TIC 420112587,tess,false_positive,11.062666,4957.8780942,2.0842156,12.4989
TIC 184670625,tess,false_positive,0.5241284,2400.0,1.017,12.5004
KIC 9786017,kepler,eclipse,2.249000963,58776.2,9.6022,12.502
KIC 5130740,kepler,eclipse,210.30644361,46455.4,6.68665,12.504
KIC 8382339,kepler,blend,5.40597608,461.0,2.79,12.504
TIC 10552342,tess,false_positive,7.5414411,16900.0,2.454,12.5058
TIC 17150865,tess,false_positive,0.8706763,1861.0,1.007,12.5065
TIC 81212286,tess,false_positive,0.6850808,2675.7176662,1.0565887,12.507
KIC 9957668,kepler,eclipse,30.69533113,88771.2,5.94855,12.508
KIC 6612411,kepler,variable,8.46184728,411.2,35.525,12.509
KIC 5196851,kepler,variable,0.541396363,181.0,2.384,12.509
KIC 4636565,kepler,blend,2.81401302,55.7,5.801,12.511
TIC 137881699,tess,transit,2.9720774,6440.0,4.41,12.5119
KIC 3938073,kepler,eclipse,31.024310431,96480.3,7.63621,12.512
KIC 2554853,kepler,variable,309.494217,292.0,13.716,12.512
TIC 262530873,tess,false_positive,2.24172,23700.0,3.989,12.5145
KIC 5308537,kepler,transit,14.2651545,66.3,3.601,12.515
KIC 5563057,kepler,eclipse,1.049468616,22.0,4.848,12.519
KIC 5967194,kepler,variable,498.24938,522.6,8.73,12.519
TIC 126325985,tess,transit,3.312816,9473.166386,3.0522559,12.5192
KIC 8753657,kepler,transit,2.426304127,185.4,2.6624,12.52
KIC 10920086,kepler,variable,3.21318517,2046.1,15.47,12.52
TIC 68322189,tess,false_positive,1.2833689,20090.0,2.592,12.5209
KIC 11600889,kepler,transit,0.669310092,131.8,1.6274,12.521
TIC 470911286,tess,false_positive,1.6212474,1100.0,3.262,12.5225
TIC 82302240,tess,false_positive,2.5057108,3170.0,1.962,12.5225
TIC 344224831,tess,false_positive,8.0179256,8684.0,1.018,12.5227
KIC 3241619,kepler,eclipse,1.703347524,504406.0,3.3039,12.524
KIC 9724993,kepler,eclipse,7.863361238,18156.7,3.42771,12.524
KIC 3747262,kepler,blend,1.312459403,36.9,1.459,12.524
TIC 29336129,tess,false_positive,1.6363822,2383.8690387,5.2796046,12.5246
KIC 8713828,kepler,variable,1.25451792,,2.64,12.525
KIC 4950557,kepler,eclipse,24.714790706,208732.0,5.06776,12.526
TIC 153078576,tess,transit,2.7029187,5132.6782834,1.6998642,12.5264
TIC 436099179,tess,false_positive,0.8999342,1720.0,1.606,12.5284
TIC 27844066,tess,false_positive,1.8532983,10790.0,1.197,12.5299
TIC 143022742,tess,false_positive,14.6762658,3499.9379734,3.2320455,12.531
TIC 267561446,tess,false_positive,1.283251,1961.318203,2.012261,12.5313
KIC 6369548,kepler,variable,634.84739,542.6,16.186,12.532
TIC 9385460,tess,transit,3.3779614,7198.7471125,4.2709189,12.5329
KIC 10091257,kepler,eclipse,1.70192371,49833.0,3.0271,12.533
KIC 6131659,kepler,eclipse,17.527826808,347519.0,5.78491,12.534
TIC 419946164,tess,false_positive,1.7765395,14020.0,1.258,12.5348
TIC 283419843,tess,transit,2.6052674,11139.9639243,4.24521,12.5375
KIC 4245897,kepler,eclipse,11.2570616,690235.0,29.059,12.538
KIC 5621125,kepler,transit,14.80075082,501.4,5.762,12.538
TIC 452810327,tess,false_positive,2.3540172,6660.0,2.36,12.5398
KIC 12459808,kepler,blend,0.502446098,11.4,1.803,12.54
TIC 192520375,tess,false_positive,0.9109508,4720.0,1.473,12.5405
TIC 43064903,tess,false_positive,6.261169,4005.022808,2.0369188,12.5405
TIC 165551882,tess,false_positive,12.1582804,3430.7762638,2.1406837,12.5441
TIC 441334829,tess,false_positive,4.4433921,6480.0,3.414,12.5449
KIC 2305543,kepler,eclipse,0.681137796,105189.0,2.7287,12.545
TIC 294173437,tess,false_positive,5.555905,3750.0,3.459,12.5454
TIC 335489455,tess,false_positive,2.1176601,2000.0,3.591,12.5455
KIC 4544628,kepler,blend,0.729724346,23.0,2.699,12.546
TIC 336267424,tess,false_positive,1.4821845,16269.2562793,2.5956827,12.5466
KIC 8822366,kepler,transit,30.8639476,256.5,8.864,12.547
TIC 26017005,tess,transit,4.0984741,16869.9465037,2.323409,12.5489
KIC 6029239,kepler,transit,8.512037736,597.8,2.1861,12.549
KIC 7295235,kepler,transit,3.179267286,200.9,1.0246,12.55
TIC 113919944,tess,false_positive,1.2297408,4020.0,1.234,12.55
KIC 1434395,kepler,blend,2.2227289,279.1,2.617,12.552
KIC 5024476,kepler,variable,222.068928,643.0,1.938,12.552
KIC 3230787,kepler,eclipse,17.734020239,186680.0,7.27595,12.553
TIC 349972412,tess,transit,2.4261538,754.8303067,2.1344641,12.5542
TIC 73649615,tess,transit,1.2392569,2917.3714571,1.0860452,12.5554
KIC 5384079,kepler,transit,7.05675145,130.0,2.0261,12.556
KIC 8649876,kepler,variable,10.4212788,148.0,28.4832,12.556
KIC 6616218,kepler,transit,2.46106962,84.2,2.184,12.557
KIC 1026957,kepler,transit,21.76129812,1300.7,1.243,12.559
KIC 6026924,kepler,transit,56.644452,104.6,16.551,12.561
TIC 197643976,tess,transit,3.535713,3116.0,2.148,12.5638
TIC 1101909431,tess,false_positive,23.2556119,35720.0,7.878,12.5638
KIC 8456679,kepler,transit,1.73513619,952.6,2.2741,12.566
KIC 10268714,kepler,variable,452.65206,175.1,19.87,12.568
TIC 151920165,tess,transit,3.4671474,4770.0,2.405,12.5695
TIC 283015592,tess,false_positive,3.7027104,12813.0,3.572,12.5696
KIC 4247991,kepler,transit,104.3519624,243.8,3.695,12.57
TIC 137543637,tess,false_positive,1.2833113,4450.0,1.353,12.574
TIC 44745133,tess,transit,7.8181434,3650.0,4.98,12.5757
TIC 120585579,tess,false_positive,6.340315,25410.703288,4.249306,12.5766
TIC 269269740,tess,false_positive,1.8639309,3640.0,3.297,12.5769
TIC 283702603,tess,false_positive,0.6691882,2850.0,1.347,12.5772
KIC 4763020,kepler,variable,384.09781,100.1,12.55,12.578
KIC 8579684,kepler,variable,2.08802799,70.8,24.017,12.579
KIC 9973855,kepler,blend,2.95600563,76.1,2.6717,12.58
KIC 4584865,kepler,blend,1.75254087,42.5,4.098,12.58
KIC 10471515,kepler,transit,3.7847507,33.5,2.924,12.581
TIC 172370679,tess,transit,29.0902271,37562.3332736,4.6769826,12.5826
KIC 8007262,kepler,variable,1.345078434,3025.0,10.19,12.583
KIC 9304101,kepler,transit,13.24503482,156.1,4.4078,12.584
TIC 172376068,tess,false_positive,6.1211661,4248.0,2.501,12.585
TIC 12611594,tess,transit,1.9155258,7383.1867077,3.5663951,12.5866
TIC 132534906,tess,false_positive,3.0617364,6620.0,1.947,12.5874
TIC 332558858,tess,transit,13.3368173,8210.0,4.384,12.5882
KIC 10531955,kepler,transit,2.344512589,58.9,1.4116,12.589
KIC 2444412,kepler,transit,14.91095177,864.5,3.325,12.593
KIC 8242350,kepler,eclipse,6.993576155,2924.0,21.2695,12.594
KIC 6678383,kepler,transit,11.427550984,500.9,4.6074,12.596
KIC 9849884,kepler,blend,5.35745121,78.2,2.592,12.596
TIC 22020459,tess,false_positive,1.3328042,1960.0,2.75,12.5961
TIC 374847873,tess,false_positive,2.0391741,5740.0,0.849,12.5964
KIC 10817600,kepler,blend,2.74703312,152.2,2.655,12.597
KIC 3532510,kepler,variable,106.779168,163.0,1.905,12.598
KIC 8254882,kepler,blend,0.92565941,30.0,1.488,12.6
KIC 6268722,kepler,eclipse,2.638432816,48488.0,2.42989,12.601
KIC 3546821,kepler,variable,561.08191,229.1,14.94,12.602
TIC 38686737,tess,false_positive,2.24704,18890.4,2.713,12.6038
TIC 4999813,tess,false_positive,2.0849517,2380.0,3.099,12.6063
TIC 144970275,tess,false_positive,2.5313424,5830.0,2.246,12.6067
TIC 27454084,tess,transit,348.5786062,3951.4233244,3.7493976,12.6087
KIC 5343976,kepler,eclipse,4.331392455,200403.0,3.7278,12.612
KIC 7976435,kepler,variable,3.33287187,,7.13,12.614
KIC 5039053,kepler,variable,401.38712,166.2,32.21,12.616
KIC 9086251,kepler,transit,6.89213244,82.0,1.725,12.618
KIC 10362031,kepler,blend,3.2136904,55.8,2.205,12.618
TIC 166648874,tess,transit,15.1512051,4955.304292,2.3438166,12.6196
KIC 12735740,kepler,transit,282.5253558,9746.4,10.7965,12.62
TIC 185482513,tess,false_positive,1.2368321,1930.0,2.144,12.6206
KIC 10387742,kepler,transit,3.03267135,42.4,1.774,12.623
KIC 3440118,kepler,transit,19.57783279,432.6,1.9857,12.624
TIC 1133072,tess,false_positive,0.846542,2524.567663,2.408837,12.625
KIC 5172274,kepler,eclipse,6.12650913,2434.0,15.43,12.625
KIC 7679812,kepler,transit,38.5763483,282.1,19.861,12.626
TIC 294599100,tess,false_positive,5.6133922,15850.0,1.424,12.6275
KIC 6071903,kepler,transit,24.30784323,677.1,2.6054,12.63
KIC 4768756,kepler,blend,2.40440112,27.1,5.49,12.632
KIC 9598315,kepler,variable,339.18109,157.9,5.34,12.637
KIC 7100673,kepler,transit,5.99273265,69.8,2.6502,12.639
TIC 102734241,tess,transit,10.9048392,4030.7760993,1.5530648,12.6396
TIC 321436679,tess,false_positive,2.1263167,7318.4567789,2.6213684,12.6396
KIC 9451096,kepler,eclipse,1.250390814,231167.0,3.7184,12.64
TIC 219467837,tess,false_positive,39.9753375,9160.0,6.088,12.64
KIC 7137213,kepler,eclipse,28.64338839,624.3,1.2246,12.642
KIC 8029197,kepler,blend,2.15292788,41.4,3.043,12.643
TIC 258871793,tess,false_positive,9.1469122,8770.0961182,4.618497,12.6445
TIC 389999924,tess,false_positive,4.7606207,7813.8313853,5.9420443,12.6453
KIC 4253860,kepler,eclipse,155.046089,2238.0,10.205,12.649
KIC 8288404,kepler,eclipse,519.80221867,77183.1,14.9678,12.651
TIC 219366908,tess,false_positive,0.6293198,3730.0,1.129,12.653
TIC 152685831,tess,false_positive,3.4714171,3580.0,3.006,12.6532
TIC 71854732,tess,false_positive,3.1004285,12784.0,3.513,12.6532
KIC 9471974,kepler,transit,190.3200468,1141.7,15.284,12.654
KIC 3554819,kepler,variable,43.22793081,,1.39,12.654
KIC 7024511,kepler,blend,66.1544958,1972.0,6.945,12.655
KIC 10028352,kepler,eclipse,1.75147897,76.7,7.89,12.655
TIC 292797572,tess,false_positive,2.8013515,4590.0,5.405,12.6554
TIC 311408969,tess,transit,3.5852284,16909.228538,3.0197224,12.658
KIC 11768970,kepler,eclipse,15.541358818,10308.2,2.44433,12.658
KIC 9655419,kepler,eclipse,1.92149487,1006.0,1.891,12.659
KIC 9450647,kepler,transit,9.940666412,520.2,3.9092,12.663
KIC 6152521,kepler,variable,0.94895231,57.7,3.952,12.669
KIC 7943535,kepler,eclipse,4.719336335,12367.1,2.83787,12.672
KIC 7955301,kepler,eclipse,15.32763411,17749.0,6.0662,12.672
KIC 11259686,kepler,transit,34.4359387,424.5,5.82,12.674
KIC 9936080,kepler,variable,355.79978,172.3,5.972,12.674
KIC 12062667,kepler,blend,2.92928244,268.6,6.794,12.674
TIC 293978434,tess,false_positive,1.5971426,2150.0,3.316,12.6746
TIC 288144647,tess,transit,3.8553342,6624.0,1.895,12.6758
KIC 5527172,kepler,eclipse,3.183961388,39268.0,3.7875,12.678
KIC 10801100,kepler,variable,102.653705,687.3,53.5887,12.678
TIC 144700903,tess,transit,2.32664,7844.7831198,1.6497284,12.6785
TIC 32408928,tess,false_positive,1.0435229,4970.0,1.476,12.6825
TIC 327210623,tess,false_positive,2.128423,11080.0,2.872,12.6827
KIC 3969687,kepler,transit,16.3583482,116.4,9.858,12.683
TIC 27916356,tess,transit,3.2346944,10156.5613928,3.5710893,12.6877
KIC 4840327,kepler,eclipse,26.737139497,53516.1,4.68919,12.688
KIC 8553788,kepler,eclipse,1.606163631,144603.0,4.92516,12.691
KIC 4548098,kepler,transit,3.82315697,47.2,2.388,12.692
KIC 8553907,kepler,eclipse,42.032096076,391261.0,11.6768,12.694
TIC 289441015,tess,false_positive,1.5342604,1768.0,3.271,12.695
KIC 7601918,kepler,blend,0.621361411,45.0,1.0628,12.696
TIC 284305328,tess,false_positive,2.2963814,7950.0,2.649,12.6967
KIC 4814502,kepler,transit,4.94330596,126.2,2.9334,12.697
KIC 11199725,kepler,blend,1.032967155,127.3,1.17,12.698
TIC 172630205,tess,false_positive,0.599092,1290.0,1.232,12.6989
KIC 8008067,kepler,transit,15.77111067,547.1,5.0574,12.701
KIC 11250587,kepler,transit,7.256962446,463.2,4.9402,12.702
KIC 4035675,kepler,eclipse,2.873657901,43895.0,2.1054,12.702
TIC 219041246,tess,transit,10.4419896,3992.4372644,1.714349,12.7022
KIC 5024414,kepler,blend,1.525924746,74.1,1.955,12.705
KIC 8240797,kepler,transit,13.09390911,398.7,2.2805,12.706
TIC 161032923,tess,transit,3.9652485,3680.7544436,1.0112593,12.7067
TIC 83181153,tess,transit,,3407.8486864,5.1289452,12.7079
TIC 373614579,tess,false_positive,8.2064867,29281.2259569,2.9678542,12.7085
KIC 8429415,kepler,blend,1.352564873,56.7,3.469,12.709
KIC 12159249,kepler,transit,3.74443645,73.3,2.9191,12.71
KIC 8684730,kepler,transit,46.15119482,1817.3,6.3427,12.711
KIC 12785320,kepler,transit,19.96367208,270.9,2.6403,12.713
KIC 9304842,kepler,variable,131.68018,2067.0,14.73,12.714
KIC 5425908,kepler,variable,289.76961138,,3.19,12.714
TIC 390048041,tess,false_positive,3.0491667,6641.051542,4.0262835,12.715
TIC 77102895,tess,false_positive,1.0962372,2460.0,2.336,12.7158
KIC 9717943,kepler,transit,6.11010439,59.7,2.314,12.716
TIC 366119858,tess,transit,48.2590904,6743.0,6.299,12.7199
KIC 4472818,kepler,transit,70.9672087,784.7,6.9623,12.72
KIC 10407464,kepler,blend,0.93373711,12.9,3.151,12.72
KIC 2989404,kepler,transit,1.6783263,146.3,2.5123,12.722
TIC 100267480,tess,false_positive,0.87741,12050.0,0.472,12.722
TIC 260609205,tess,false_positive,4.4617755,18854.6431909,5.4532494,12.7222
TIC 229091748,tess,false_positive,0.4568,3428.7,0.548,12.7226
KIC 8559863,kepler,eclipse,22.470494368,45979.0,7.39097,12.723
KIC 6443392,kepler,variable,0.776976021,21245.0,1.95401,12.723
KIC 4255422,kepler,eclipse,165.40574995,66402.0,13.6363,12.724
KIC 4469825,kepler,variable,253.87706,265.6,11.18,12.724
KIC 9159461,kepler,variable,80.519237,92.5,4.044,12.725
KIC 10136549,kepler,transit,3.29276797,80.7,4.8069,12.727
KIC 3642289,kepler,transit,6.002548291,202.0,4.1628,12.73
TIC 305512837,tess,false_positive,3.0223957,14800.0,3.272,12.7316
KIC 9243795,kepler,eclipse,14.443127448,41685.3,8.33598,12.732
TIC 437156845,tess,false_positive,3.4906402,4580.0,1.586,12.7325
KIC 8669092,kepler,variable,1.000840564,2714.4,1.3292,12.733
KIC 2576224,kepler,blend,2.21701025,29.4,2.148,12.734
KIC 5098757,kepler,variable,2.954598,337.8,24.79,12.734
TIC 190981760,tess,false_positive,3.5463582,6020.0,4.168,12.7345
KIC 10613718,kepler,variable,0.587938916,7339.5,1.40211,12.735
KIC 11760860,kepler,transit,2.41660149,83.6,1.9699,12.737
KIC 4069213,kepler,eclipse,5.194256813,38851.4,7.25775,12.739
KIC 6461675,kepler,variable,342.830882,450.7,3.826,12.739
KIC 9449320,kepler,variable,28.34230575,,1.65,12.74
KIC 5436415,kepler,variable,273.223848,469.9,3.787,12.741
KIC 10219361,kepler,variable,117.634213,253.1,3.82,12.742
KIC 8190354,kepler,blend,1.615758517,41.7,1.734,12.743
KIC 7464205,kepler,variable,151.31847,105.4,16.45,12.744
KIC 2576692,kepler,eclipse,87.87826191,339056.0,12.8138,12.744
KIC 3458687,kepler,variable,0.98376204,55.0,10.052,12.745
KIC 6205460,kepler,eclipse,3.722775537,107594.0,14.3309,12.746
TIC 7020254,tess,transit,20.2730282,17182.0,3.651,12.7462
TIC 287139872,tess,transit,32.7135406,1469.2598788,5.075467,12.7463
KIC 10386922,kepler,transit,296.6375817,2763.1,16.425,12.747
TIC 458686847,tess,transit,1.2916034,1566.7959545,1.3077871,12.7482
KIC 9093566,kepler,variable,0.94356284,13.4,5.721,12.749
TIC 413376180,tess,transit,1.3541342,20039.5506701,2.0812883,12.7492
KIC 7935997,kepler,variable,322.55663046,,3.74,12.75
TIC 2016376984,tess,false_positive,2.317939,13140.0,1.676,12.7509
KIC 10266852,kepler,variable,179.27230765,,2.21,12.752
TIC 452972453,tess,false_positive,3.2358247,3260.0,3.629,12.753
TIC 287145649,tess,transit,3.6015056,13630.0,3.024,12.7533
KIC 11152950,kepler,blend,4.17363793,49.7,2.738,12.754
KIC 5641294,kepler,eclipse,2.6160943,29.3,21.34,12.754
TIC 156816238,tess,false_positive,2.1461672,14110.0,1.942,12.7553
KIC 8822585,kepler,variable,1.627538928,39.0,5.583,12.76
KIC 2570767,kepler,blend,1.89124453,31.0,5.08,12.76
TIC 61205803,tess,transit,4.2186625,18527.6525232,3.2580998,12.7628
KIC 6437993,kepler,variable,1.39797542,43.2,9.06,12.763
TIC 59843967,tess,transit,2.5167257,16406.5457432,2.5896099,12.7632
KIC 7364176,kepler,transit,135.1879934,663.4,8.8191,12.765
TIC 268823307,tess,transit,3.5484481,7022.0056891,4.5123025,12.7655
TIC 468987719,tess,transit,3.3326812,17008.0,3.125,12.7656
TIC 267572272,tess,transit,2.7974757,18699.8504805,2.2149132,12.7678
KIC 4732137,kepler,variable,393.946106,747.5,6.012,12.768
KIC 11075429,kepler,transit,23.9210408,158.3,5.174,12.768
KIC 12506417,kepler,variable,283.72675,84.6,15.49,12.768
TIC 443042089,tess,false_positive,0.5496848,2860.0,0.82,12.7683
KIC 5637036,kepler,variable,171.046664,731.0,2.438,12.769
KIC 12454461,kepler,transit,7.46718958,75.7,3.633,12.77
KIC 10649230,kepler,blend,0.447820618,58.3,0.4199,12.77
KIC 10984090,kepler,transit,51.07926451,736.8,6.3729,12.772
TIC 293075732,tess,false_positive,0.5666806,1530.0,0.722,12.7726
KIC 6718474,kepler,variable,590.44065,125.7,7.55,12.773
KIC 10130039,kepler,transit,25.0985083,167.6,2.7727,12.776
KIC 5179609,kepler,eclipse,43.9311596,9304.4,12.9395,12.776
KIC 8454250,kepler,blend,5.082722475,1974.1,5.9139,12.777
KIC 5306862,kepler,eclipse,2.025580416,44998.1,4.48448,12.777
KIC 8052474,kepler,eclipse,245.4382021,11311.6,14.502,12.777
KIC 5597970,kepler,eclipse,6.71738328,164979.0,3.60057,12.778
TIC 412257781,tess,false_positive,1.1894812,4130.0,3.047,12.7797
TIC 45684223,tess,false_positive,6.5832019,5280.0,3.135,12.7818
TIC 312899686,tess,false_positive,4.4138638,11300.0,2.387,12.7821
TIC 194179013,tess,false_positive,3.1785277,20330.0,5.974,12.7825
KIC 10528068,kepler,transit,158.6850022,898.3,11.5372,12.783
KIC 4285087,kepler,eclipse,2.243015737,277946.0,4.31675,12.785
TIC 290302097,tess,false_positive,2.9918201,3410.0,2.231,12.7858
KIC 11019987,kepler,transit,6.9131732,39.1,4.73,12.788
TIC 455784423,tess,transit,3.9365629,15461.0,2.19,12.7882
KIC 8378656,kepler,eclipse,3.62944008,130083.0,5.94104,12.789
KIC 9579641,kepler,transit,7.12594387,192.4,3.0014,12.791
TIC 260476837,tess,false_positive,2.23294,16930.0,2.032,12.7918
TIC 369581703,tess,false_positive,8.508462,10649.0,2.716,12.7919
TIC 263203229,tess,false_positive,5.0061978,6438.0,3.521,12.792
KIC 11341314,kepler,blend,9.8338474,57.6,14.585,12.792
TIC 70440470,tess,transit,3.0354017,16196.2158157,2.8809533,12.7923
KIC 5126932,kepler,variable,208.18711785,394.7,2.5404,12.793
KIC 3730176,kepler,variable,399.49671,139.3,5.351,12.796
KIC 7837526,kepler,eclipse,28.297207229,23193.1,3.94247,12.796
KIC 8613338,kepler,variable,527.29093,200.8,14.305,12.796
KIC 10581918,kepler,variable,1.801863222,262582.0,7.2492,12.796
KIC 6289257,kepler,transit,19.67409703,204.9,3.7535,12.797
KIC 9910942,kepler,blend,8.4803326,35.6,5.918,12.797
TIC 332534326,tess,transit,2.4993895,10610.0,2.99,12.7979
KIC 10219288,kepler,variable,3.381607,440.6,7.627,12.798
KIC 4569590,kepler,variable,41.3701638,6907.1,29.254,12.799
TIC 42763678,tess,false_positive,1.7246234,11820.0,1.979,12.7993
TIC 274198407,tess,transit,4.662632,1943.3492565,2.8167212,12.7994
TIC 130611752,tess,false_positive,0.4405893,1850.0,1.075,12.8004
KIC 1718958,kepler,transit,1.41975831,60.9,1.429,12.801
TIC 63189173,tess,transit,2.2984058,30832.0537335,2.0873186,12.8033
KIC 9886361,kepler,transit,7.03146295,85.4,5.922,12.805
TIC 376981340,tess,false_positive,4.0249712,20420.7314775,2.5421502,12.806
KIC 3846515,kepler,blend,0.888045184,90.6,2.1961,12.807
KIC 3114811,kepler,transit,11.08956602,148.1,6.2877,12.808
KIC 3102024,kepler,eclipse,13.782522208,248937.0,8.27762,12.809
TIC 270435047,tess,false_positive,1.8011961,2280.0,3.23,12.8114
KIC 6774408,kepler,eclipse,0.85450941,13.7,3.723,12.812
KIC 3324644,kepler,variable,2.882424694,67298.0,25.91,12.812
TIC 610976842,tess,transit,4.0248735,23775.0,2.384,12.813
TIC 56658270,tess,transit,8.8349261,6132.2553437,6.2442811,12.8131
KIC 8196180,kepler,variable,3.671661096,129243.0,4.29947,12.814
TIC 27244707,tess,false_positive,1.6882863,5190.0,2.636,12.816
KIC 4914566,kepler,transit,22.2420032,63.5,7.532,12.816
TIC 161687209,tess,false_positive,1.2529962,14080.0,1.083,12.8161
KIC 8098300,kepler,eclipse,4.305917719,361389.0,5.61993,12.817
KIC 7755636,kepler,transit,16.00496657,377.5,6.5047,12.818
KIC 9895004,kepler,blend,2.250826647,534.4,1.536,12.82
KIC 5168498,kepler,variable,219.74735,190.4,22.48,12.821
KIC 5031804,kepler,variable,1.37347867,289.9,12.62,12.821
TIC 269077474,tess,false_positive,1.3164901,3580.0,1.389,12.8212
TIC 309694541,tess,transit,3.3119514,5629.2157825,4.5870457,12.8222
TIC 389900760,tess,transit,5.7998189,8567.3390223,1.014374,12.8233
KIC 6197215,kepler,transit,10.61345333,150.2,0.9829,12.824
TIC 424699834,tess,false_positive,2.4011407,3193.9893038,3.6926411,12.8257
KIC 10019399,kepler,eclipse,11.805707539,2052.1,2.0494,12.829
KIC 8841616,kepler,eclipse,1.679585725,101786.0,7.34648,12.833
KIC 9119568,kepler,blend,5.54867998,68.9,4.665,12.837
TIC 368287008,tess,transit,3.3491408,7210.0,1.207,12.8387
TIC 46772529,tess,false_positive,10.6332248,36558.0,3.436,12.8397
KIC 9602421,kepler,blend,3.55661906,23.3,5.396,12.84
KIC 11656246,kepler,transit,18.11473813,241.5,5.2706,12.841
TIC 440113053,tess,transit,1.805376,21680.3724998,2.0790249,12.8416
KIC 3764714,kepler,variable,6.63449721,919.1,22.982,12.842
TIC 373576942,tess,false_positive,0.8912218,9160.0,1.846,12.8424
KIC 7024222,kepler,blend,1.633107509,60.8,1.491,12.843
KIC 6228703,kepler,eclipse,4.200206781,82364.4,5.21948,12.843
KIC 7132015,kepler,blend,6.99510404,71.8,1.7556,12.843
KIC 7588436,kepler,variable,23.3924063,62.3,3.416,12.845
KIC 4863956,kepler,variable,4.31978105,65.8,7.204,12.846
TIC 78055054,tess,transit,4.3888516,24964.547823,3.0184015,12.8461
KIC 6965293,kepler,eclipse,5.077746556,18836.7,3.1718,12.847
KIC 9022166,kepler,transit,72.3826983,366.4,8.279,12.848
KIC 10933561,kepler,transit,31.51779463,357.6,7.634,12.848
TIC 284254253,tess,false_positive,1.862908,3420.0,4.562,12.8482
KIC 6048024,kepler,eclipse,62.81584402,1688.4,2.6901,12.849
KIC 11027624,kepler,transit,394.6249514,2013.3,24.108,12.849
TIC 453289469,tess,false_positive,0.7799194,1920.0,1.543,12.8492
KIC 8143170,kepler,variable,28.787257509,49618.4,13.953,12.85
TIC 175476629,tess,false_positive,1.14057,5009.01,2.188,12.8509
KIC 4178606,kepler,transit,42.3520039,512.6,7.773,12.852
KIC 7269493,kepler,transit,1.907810683,120.5,1.8707,12.852
KIC 8958359,kepler,variable,245.059374,165.0,9.549,12.854
KIC 5565707,kepler,blend,1.2940561,51.2,0.97,12.855
KIC 9693006,kepler,transit,2.88878583,40.9,2.977,12.858
KIC 2581554,kepler,transit,47.1484324,1113.8,3.1347,12.86
KIC 5450893,kepler,transit,4.82051088,40.9,3.588,12.861
KIC 2997178,kepler,blend,5.95077813,761.8,5.6,12.861
KIC 7940533,kepler,eclipse,3.905532605,73081.0,6.8091,12.862
KIC 9728465,kepler,blend,7.35390869,92.9,2.061,12.865
KIC 2142522,kepler,transit,13.32354078,116.6,3.873,12.867
KIC 4912589,kepler,eclipse,34.188302705,118440.0,3.01179,12.869
KIC 7109680,kepler,variable,81.871309,98.2,1.606,12.869
TIC 415969574,tess,false_positive,10.45776,8773.24,3.148,12.8691
KIC 8711794,kepler,transit,8.981014925,1059.3,1.8478,12.87
KIC 11075737,kepler,transit,2.586639524,217.7,2.253,12.872
KIC 4037428,kepler,eclipse,4.264729569,22672.0,2.2075,12.873
TIC 233497719,tess,false_positive,3.801591,18950.0,2.752,12.8746
KIC 5471690,kepler,blend,0.962815183,20.7,2.581,12.876
KIC 10407086,kepler,blend,0.933747395,30.9,4.798,12.877
KIC 5440435,kepler,variable,78.04064906,,2.15,12.878
KIC 5308387,kepler,blend,0.620739667,108.2,2.477,12.878
TIC 87597187,tess,false_positive,2.0449361,29540.0,2.732,12.878
KIC 11348086,kepler,variable,391.420272,236.7,3.84,12.879
KIC 11774991,kepler,transit,37.8154157,286.4,4.662,12.879
KIC 3857860,kepler,blend,8.2344072,59.2,2.808,12.88
KIC 6548447,kepler,variable,10.768391927,107382.0,12.5252,12.88
KIC 8560280,kepler,blend,85.338393,633.0,8.5,12.881
TIC 286696848,tess,false_positive,8.9279009,49560.0,3.278,12.8814
KIC 8395660,kepler,transit,13.57078281,511.7,3.3539,12.882
TIC 233948455,tess,transit,1.4822451,21920.0,1.595,12.883
KIC 7049771,kepler,variable,381.85852,362.9,16.121,12.883
KIC 9652166,kepler,variable,0.646523404,25.2,3.917,12.884
KIC 8121310,kepler,transit,22.20809549,463.2,7.3327,12.885
KIC 5780885,kepler,transit,4.885488596,7458.4,5.16165,12.885
KIC 5350244,kepler,transit,12.5722897,86.5,4.765,12.885
KIC 6065010,kepler,variable,159.05846,194.3,10.08,12.885
TIC 305739565,tess,transit,3.3704313,5610.0,4.608,12.885
KIC 10079317,kepler,variable,236.25776888,168.4,3.3549,12.885
KIC 8023317,kepler,eclipse,16.579028045,37979.8,7.803,12.887
TIC 258796169,tess,transit,1.5538188,3449.9519182,0.923936,12.8872
KIC 4150804,kepler,transit,160.88451966,7590.4,10.8771,12.888
TIC 4616072,tess,transit,4.1876154,10906.185708,3.0070217,12.8893
TIC 172754786,tess,false_positive,4.1273472,18840.0,2.74,12.8903
TIC 151930063,tess,false_positive,5.2201338,6040.0,2.584,12.8919
KIC 8094120,kepler,blend,0.706423768,46.1,1.0597,12.892
KIC 6593363,kepler,eclipse,18.527824075,76231.1,5.88678,12.893
TIC 138644215,tess,transit,1.5449334,4941.8700913,1.1043459,12.8939
KIC 8027902,kepler,variable,1.79621807,47.0,10.16,12.895
KIC 10318874,kepler,transit,2.508057497,1507.6,1.1134,12.895
TIC 191373021,tess,false_positive,0.3013943,4894.0,0.407,12.8953
KIC 8113154,kepler,eclipse,2.586878667,25480.0,6.1614,12.897
KIC 10063208,kepler,transit,9.3281912,45.2,3.991,12.897
TIC 358072664,tess,false_positive,4.1934945,2710.0,1.873,12.8989
KIC 2309719,kepler,eclipse,54.35635067,10510.4,6.4345,12.899
KIC 2692377,kepler,transit,1.541676547,296.5,1.9118,12.899
TIC 27294830,tess,false_positive,0.7135221,4660.0,0.514,12.8997
TIC 325670253,tess,transit,3.3777419,17290.4349881,2.8147435,12.8999
KIC 9836959,kepler,transit,105.0145774,296.0,7.426,12.9
TIC 81231810,tess,false_positive,5.4521068,8170.0,4.702,12.9
KIC 8694309,kepler,blend,0.827351796,44.7,2.1885,12.9
TIC 457743020,tess,false_positive,3.251249,12040.0,2.123,12.9004
KIC 11709022,kepler,variable,0.71957289,,1.79,12.902
KIC 6627507,kepler,blend,7.37453336,304.4,3.745,12.904
KIC 4059887,kepler,blend,1.018347376,47.8,4.386,12.905
KIC 12301181,kepler,transit,6.14728341,119.7,2.7645,12.906
KIC 4639868,kepler,eclipse,53.100942624,19981.1,2.2868,12.907
KIC 9178502,kepler,variable,50.47759052,,2.02,12.909
TIC 34505005,tess,false_positive,5.1627718,19050.0,3.139,12.9093
TIC 86263325,tess,transit,4.5445569,35598.6327422,1.6368258,12.9113
KIC 9899181,kepler,blend,1.332560553,31.7,3.315,12.912
TIC 36574157,tess,false_positive,3.7804749,22150.0,3.615,12.9127
KIC 8510197,kepler,variable,591.37382,245.0,4.35,12.913
KIC 3634169,kepler,variable,2.9590637,23.6,28.81,12.913
KIC 4164922,kepler,transit,1.210693626,159.1,1.434,12.914
KIC 1293031,kepler,variable,0.53936593,145.0,5.434,12.915
KIC 5039441,kepler,eclipse,2.151384476,263861.0,3.34471,12.916
TIC 312548415,tess,false_positive,2.2437501,2880.0,3.821,12.9165
KIC 10976412,kepler,blend,3.75938475,133.1,1.188,12.917
TIC 408549705,tess,false_positive,9.5064017,8710.0,3.258,12.9177
TIC 149918151,tess,transit,1.540776,27310.0,1.705,12.9178
TIC 219466803,tess,false_positive,12.5951009,4280.0,0.876,12.9179
KIC 10736489,kepler,transit,6.842939,,2.8,12.92
KIC 3347485,kepler,eclipse,7.544804312,6501.7,8.2678,12.92
KIC 8415863,kepler,eclipse,27.533803402,48152.7,3.96227,12.921
TIC 83053699,tess,false_positive,3.3378852,5564.0,3.261,12.9214
KIC 3957082,kepler,blend,3.77881664,47.1,5.819,12.923
KIC 7847104,kepler,blend,1.284991846,29.1,2.274,12.923
KIC 11391667,kepler,eclipse,1.083736642,8930.8,1.57912,12.923
KIC 5218014,kepler,eclipse,10.845286549,7473.8,4.3876,12.923
KIC 7603200,kepler,transit,10.31282204,137.6,2.0138,12.925
TIC 114299824,tess,transit,4.2042078,12080.0,2.124,12.9264
KIC 4374339,kepler,blend,0.993703494,67.4,0.7645,12.928
KIC 4464689,kepler,variable,574.37064,227.6,11.89,12.928
TIC 17409453,tess,transit,9.72665,2287.0,4.584,12.9285
KIC 5195945,kepler,blend,14.53682228,1032.3,3.195,12.93
KIC 6362386,kepler,eclipse,4.592401261,87426.1,4.96038,12.93
KIC 6359798,kepler,eclipse,14.15402428,61625.1,4.47001,12.932
KIC 8719419,kepler,eclipse,12.62530918,39413.0,3.163,12.933
KIC 9084832,kepler,variable,568.08251,508.3,13.608,12.933
KIC 11086270,kepler,transit,31.71981013,363.4,4.819,12.935
KIC 11802615,kepler,transit,28.86236571,449.2,5.4033,12.935
TIC 126171392,tess,false_positive,0.7835688,7440.0,1.095,12.935
KIC 5443775,kepler,blend,3.307669761,243.1,1.672,12.936
TIC 126606859,tess,transit,1.1589013,3470.6759302,1.1688702,12.9374
TIC 102068384,tess,transit,2.5001361,13027.0636057,2.4822655,12.9376
KIC 8429668,kepler,blend,5.00749378,56.6,2.898,12.938
KIC 8751796,kepler,transit,4.45342418,46.6,3.654,12.938
KIC 5301955,kepler,variable,0.68396452,,1.3,12.939
KIC 5963582,kepler,transit,25.5433704,138.6,8.567,12.939
KIC 3972391,kepler,eclipse,0.634131057,27.1,2.851,12.939
KIC 9724984,kepler,blend,7.86335883,467.3,3.4303,12.94
KIC 9092897,kepler,variable,3.9169155,,2.11,12.94
TIC 172598832,tess,transit,3.2633165,5011.5725027,5.2814337,12.941
KIC 10419108,kepler,variable,507.48249,232.1,8.19,12.941
TIC 444523623,tess,false_positive,2.041659,3230.0,3.521,12.9447
KIC 7106437,kepler,variable,212.760495,195.8,3.703,12.946
TIC 368739874,tess,transit,3.3575477,26240.0,1.788,12.9463
KIC 7289157,kepler,eclipse,5.26640614,59294.0,3.6163,12.947
TIC 377165123,tess,false_positive,14.793901,8150.0,3.171,12.9474
KIC 6975129,kepler,transit,1.772451066,79.2,2.4592,12.949
KIC 4946049,kepler,blend,1.8789138,30.2,4.279,12.95
TIC 402740809,tess,false_positive,1.5801759,6187.0,0.645,12.95
TIC 201233610,tess,false_positive,21.05271,21440.0,4.91,12.9528
KIC 9473078,kepler,transit,0.693842661,49.3,1.6197,12.953
KIC 5809372,kepler,variable,34.6506368,502.5,10.287,12.954
TIC 408729765,tess,false_positive,4.6200781,3480.0,2.149,12.9551
KIC 7846730,kepler,eclipse,11.02822674,278035.0,8.275,12.956
KIC 4649440,kepler,eclipse,19.37070781,653.2,2.2466,12.956
KIC 9489524,kepler,transit,6.8873113,85.3,2.214,12.957
TIC 148523092,tess,false_positive,2.8562935,22525.0,3.785,12.9573
KIC 7985167,kepler,eclipse,0.692239369,62962.0,2.91121,12.958
KIC 6698670,kepler,eclipse,10.81589054,45399.6,4.73495,12.96
KIC 8505215,kepler,variable,79.87804945,,3.19,12.96
TIC 182470056,tess,false_positive,0.879268,4550.0,1.529,12.9604
TIC 405717754,tess,transit,4.4379727,16222.5125043,4.7176624,12.9614
KIC 5616489,kepler,variable,410.88527,2059.6,24.1,12.962
KIC 10414727,kepler,variable,253.40538,240.8,7.43,12.962
KIC 9533489,kepler,eclipse,197.1455327,5664.0,2.1145,12.962
KIC 9528430,kepler,eclipse,90.08255562,43252.2,19.7301,12.963
KIC 4758350,kepler,eclipse,1.120997701,145.6,11.243,12.964
KIC 5955621,kepler,blend,14.0801852,90.7,3.402,12.966
TIC 198485881,tess,transit,35.1896444,4524.9353925,3.3254029,12.9672
KIC 6846544,kepler,variable,499.88159,184.4,13.39,12.968
KIC 7700622,kepler,transit,35.58349688,937.6,3.9885,12.968
TIC 41875043,tess,false_positive,0.9602835,3132.0,1.497,12.9691
KIC 5603270,kepler,variable,103.284757,78.4,1.674,12.97
KIC 8948424,kepler,eclipse,5.888835386,19466.0,3.7988,12.97
KIC 6063220,kepler,transit,4.603575293,440.4,2.3499,12.97
KIC 6606282,kepler,eclipse,1.053573674,3063.0,1.70116,12.97
KIC 10676014,kepler,transit,16.78175788,908.0,3.7386,12.971
KIC 3757407,kepler,blend,9.089151782,110.1,3.1886,12.972
KIC 8749844,kepler,variable,361.51099,235.9,4.868,12.973
KIC 5525484,kepler,variable,315.502534,689.2,3.112,12.974
TIC 348673213,tess,false_positive,0.901465,3156.5658264,2.5562155,12.974
KIC 1868404,kepler,variable,6.12601169,40.2,1.733,12.975
KIC 8678345,kepler,variable,364.95068,824.0,0.636,12.975
TIC 339591840,tess,false_positive,,12855.6961211,4.6672536,12.9805
KIC 11296045,kepler,variable,46.0771501,,3.03,12.981
KIC 7031898,kepler,blend,0.566792595,19.9,2.637,12.982
KIC 7285616,kepler,blend,0.566802891,49.2,1.861,12.982
KIC 9278021,kepler,eclipse,3.359470825,2707.8,2.14715,12.983
KIC 8243263,kepler,eclipse,1.759276227,32091.2,3.19585,12.984
TIC 242460075,tess,false_positive,2.9098435,9480.0,1.928,12.9841
KIC 10427700,kepler,variable,0.616386349,79.4,0.8136,12.985
KIC 9966115,kepler,eclipse,8.947426242,85995.2,4.89701,12.985
TIC 268042363,tess,false_positive,4.6141256,4920.0,1.566,12.9858
KIC 7282872,kepler,variable,402.41511,780.6,5.156,12.987
KIC 7273277,kepler,transit,2.714078374,143.5,1.3115,12.987
TIC 295413003,tess,false_positive,3.0373017,6290.0,4.664,12.9875
TIC 264460005,tess,false_positive,3.0929206,5640.0,2.248,12.9876
TIC 273690178,tess,transit,14.8589888,4164.2633575,2.8916037,12.9879
KIC 4043190,kepler,transit,6.40087137,133.6,2.5561,12.988
KIC 6364582,kepler,transit,30.8609783,128.9,4.216,12.988
KIC 7109851,kepler,blend,1.086486129,66.0,0.8383,12.988
KIC 3098810,kepler,transit,40.80957343,436.1,3.158,12.988
KIC 5781192,kepler,eclipse,9.459993213,237595.0,5.3012,12.989
KIC 5015913,kepler,eclipse,1.179969562,1109.3,1.9745,12.989
KIC 7419318,kepler,transit,8.43639829,345.5,3.2451,12.99
KIC 5288570,kepler,blend,1.728528176,197.6,3.682,12.99
TIC 318054782,tess,false_positive,0.8335712,3340.0,1.509,12.9913
KIC 2307415,kepler,transit,4.6126736,133.2,3.0643,12.992
TIC 123495874,tess,transit,7.8914271,9822.0002486,4.2653156,12.9934
KIC 3328080,kepler,transit,4.76559056,67.5,2.2,12.994
KIC 5812648,kepler,variable,238.561202,260.2,11.9,12.995
KIC 9881662,kepler,transit,91.3514816,210.0,8.707,12.996
KIC 9466042,kepler,variable,9.2742685,,13.39,12.997
KIC 8803882,kepler,eclipse,89.465468,67.9,9.88,12.998
TIC 408203470,tess,false_positive,0.581322,3206.6010016,1.3261177,12.9984
KIC 7050060,kepler,blend,22.0425953,348.0,61.2018,12.999
KIC 9777757,kepler,blend,1.33254212,37.4,3.848,13.0
TIC 452483795,tess,false_positive,2.4515393,7520.0,3.005,13.0008
KIC 5966154,kepler,transit,151.8851881,360.6,12.091,13.004
TIC 452973397,tess,false_positive,1.9518831,9008.7240632,2.4551539,13.005
KIC 12365184,kepler,transit,69.72646639,4491.2,3.7177,13.005
TIC 303364023,tess,false_positive,10.3469945,1601.254739,2.5934713,13.0055
KIC 9790806,kepler,transit,1.93155546,504.9,1.614,13.007
KIC 10471167,kepler,blend,0.93374073,147.6,4.296,13.007
KIC 12306058,kepler,transit,20.4853893,89.5,10.229,13.007
KIC 5513893,kepler,blend,0.755103143,43.8,2.885,13.009
TIC 26583436,tess,false_positive,6.1429164,3871.0,4.475,13.0091
TIC 236775063,tess,false_positive,0.7409429,2460.0,1.084,13.0109
KIC 11356602,kepler,variable,323.2575,286.8,17.26,13.011
TIC 376939759,tess,transit,5.8176452,9178.0,2.577,13.0121
TIC 424747720,tess,false_positive,10.2813284,37333.9631684,2.4414916,13.0123
KIC 10549576,kepler,eclipse,9.089355023,101478.0,6.4006,13.015
KIC 11565903,kepler,variable,117.140785,337.1,3.401,13.015
KIC 4665989,kepler,eclipse,1.124033822,247561.0,5.5728,13.016
KIC 8035322,kepler,variable,613.82905,148.2,18.18,13.016
KIC 10155080,kepler,eclipse,1.930451347,53075.2,3.87956,13.017
KIC 7741048,kepler,blend,0.843400322,43.7,1.7606,13.018
KIC 12107021,kepler,blend,5.93719982,175.6,3.95,13.021
KIC 7919516,kepler,blend,0.575445783,29.3,0.8463,13.022
KIC 5534941,kepler,transit,3.70063251,68.6,5.408,13.024
KIC 9573539,kepler,transit,10.04556377,671.4,3.2027,13.024
KIC 6421483,kepler,eclipse,2.158398259,93038.0,8.1633,13.024
TIC 418971787,tess,false_positive,1.0638184,3220.0,3.191,13.0246
TIC 262531275,tess,false_positive,2.4843369,4450.0,1.154,13.0261
TIC 365712006,tess,false_positive,3.0436916,8182.0,2.414,13.0267
KIC 9463329,kepler,variable,615.81928,168.0,14.93,13.027
KIC 9115681,kepler,blend,1.86390886,176.1,4.414,13.027
TIC 237101326,tess,false_positive,1.5373948,2710.0,1.194,13.0273
TIC 434226736,tess,transit,3.4845543,13705.5317992,0.9158601,13.0275
KIC 6184894,kepler,transit,7.20281185,1832.6,2.8305,13.028
KIC 11954842,kepler,transit,12.98494603,257.2,3.4497,13.029
KIC 4366923,kepler,eclipse,646.28789332,58605.3,5.39144,13.03
TIC 235684392,tess,false_positive,21.7894491,12276.8028409,6.8044292,13.0309
KIC 12105785,kepler,eclipse,31.953038766,17703.4,8.0461,13.032
TIC 104022675,tess,false_positive,0.7428708,5167.0761421,1.5384325,13.0326
KIC 11519226,kepler,eclipse,22.16127178,5259.0,3.699,13.034
KIC 5020319,kepler,transit,16.71987303,523.1,3.317,13.034
KIC 6367628,kepler,eclipse,1.88984957,249668.0,19.45,13.035
KIC 11502179,kepler,blend,3.98855869,214.1,1.467,13.035
KIC 7133286,kepler,variable,38.51077573,84633.4,38.8558,13.035
TIC 387527558,tess,false_positive,3.623909,26979.8210456,2.6568012,13.0367
KIC 10212441,kepler,variable,354.78194,193.0,6.46,13.037
KIC 9362842,kepler,variable,444.89411,363.0,7.937,13.037
KIC 1871056,kepler,transit,140.10765,266.8,18.503,13.038
KIC 9873869,kepler,eclipse,4.994773558,259761.0,4.48893,13.038
KIC 10275887,kepler,eclipse,9.726748645,393412.0,19.4093,13.04
KIC 5735762,kepler,transit,9.673958488,952.7,3.2641,13.04
KIC 9236858,kepler,eclipse,2.537081943,245319.0,4.80903,13.04
KIC 8560927,kepler,blend,31.9714488,42.9,8.52,13.04
KIC 8569819,kepler,eclipse,20.849919614,313094.0,13.7687,13.04
TIC 71134735,tess,false_positive,2.3378945,4971.1871392,2.5247352,13.041
TIC 281541555,tess,transit,4.7423709,12650.8110411,2.4988145,13.0417
KIC 8231299,kepler,eclipse,0.562273947,67.0,3.1572,13.042
KIC 3641216,kepler,variable,358.54455552,,11.46,13.044
KIC 11669125,kepler,transit,70.6981724,357.7,6.632,13.046
KIC 5471489,kepler,blend,39.2820405,157.5,3.344,13.046
KIC 10290666,kepler,transit,5.45849914,255.9,4.0448,13.046
KIC 6707260,kepler,variable,13.4256161,142.3,11.781,13.05
KIC 10033279,kepler,blend,72.4914068,1063.5,3.612,13.05
TIC 36352297,tess,transit,1.5089635,13140.0,2.373,13.0501
KIC 5211199,kepler,transit,4.5620407,81.6,2.8521,13.052
KIC 10095512,kepler,eclipse,3.008602107,120272.0,4.34296,13.053
KIC 8242434,kepler,transit,44.96407458,811.6,4.981,13.054
KIC 8423903,kepler,variable,12.4964346,271.7,84.32,13.054
TIC 287563610,tess,transit,3.7993182,7590.0,2.302,13.0546
TIC 157528286,tess,false_positive,1.6562803,5610.0,0.929,13.0556
KIC 10232123,kepler,blend,1.343767797,4702.6,1.9405,13.056
TIC 255918903,tess,false_positive,1.7201092,7570.0,2.622,13.0566
KIC 10616571,kepler,eclipse,23.6731242,23112.9,14.3948,13.057
TIC 366602797,tess,false_positive,1.3574339,3380.0,2.315,13.0581
KIC 7455553,kepler,eclipse,3.258249472,1643.5,2.6358,13.059
KIC 11519134,kepler,eclipse,58.5850357,75468.0,3.5939,13.061
KIC 5698524,kepler,variable,228.196872,145.3,3.525,13.061
KIC 3656322,kepler,eclipse,1.831829703,40509.0,7.289,13.061
KIC 3120904,kepler,transit,42.9136635,160.6,5.227,13.062
TIC 251209368,tess,false_positive,3.0071496,3310.0,4.461,13.0632
KIC 4449752,kepler,variable,290.438547,212.9,12.85,13.064
KIC 9874581,kepler,variable,473.56314,327.4,5.087,13.065
KIC 9388557,kepler,variable,209.941369,477.3,2.97,13.066
KIC 11764462,kepler,transit,5.69919592,159.4,2.3906,13.069
TIC 468977648,tess,false_positive,2.090218,8180.0,3.329,13.0698
KIC 7885518,kepler,blend,1.72933255,29.7,3.631,13.07
TIC 63283780,tess,transit,7.9726644,3581.1493923,2.5395549,13.0702
KIC 7280953,kepler,blend,0.56680208,,1.22,13.072
KIC 6383595,kepler,variable,24.9097436,150.2,3.856,13.073
TIC 44745077,tess,false_positive,1.8756,5666.3,0.989,13.0734
TIC 103245940,tess,false_positive,3.2517862,18310.0,4.373,13.0742
TIC 271167979,tess,false_positive,0.3093954,7680.0,0.442,13.0744
KIC 3852476,kepler,variable,111.741576,238.8,3.83,13.075
KIC 6778289,kepler,eclipse,30.130130001,280751.0,13.4919,13.076
KIC 12353720,kepler,eclipse,1.953285321,1520.3,1.67598,13.077
TIC 155807906,tess,false_positive,0.4057204,2620.0,1.201,13.0777
KIC 6042031,kepler,eclipse,0.537110149,92.0,1.7976,13.078
KIC 10228942,kepler,eclipse,21.025447023,115743.0,6.52216,13.079
KIC 6113752,kepler,variable,406.45737,284.2,9.554,13.079
TIC 231702397,tess,transit,5.0780325,5923.1283069,1.2100353,13.084
KIC 6428602,kepler,variable,59.742966,284.9,6.78,13.084
TIC 365639282,tess,false_positive,10.8717,14603.37238,2.943958,13.084
KIC 12367464,kepler,eclipse,1.853209359,12319.1,1.7543,13.085
KIC 5895083,kepler,blend,2.25161215,23.9,2.1,13.085
TIC 347018922,tess,false_positive,1.1919382,2692.0,1.404,13.0852
TIC 1976308113,tess,false_positive,2.7568649,18380.0,2.312,13.0852
KIC 10341777,kepler,blend,0.933746709,18.6,3.435,13.087
KIC 9048145,kepler,eclipse,8.667826242,43491.0,5.06514,13.089
KIC 8750043,kepler,transit,2.29503515,172.1,1.654,13.09
KIC 8149484,kepler,eclipse,1.489457454,56.3,3.028,13.09
KIC 7622486,kepler,eclipse,2.27999662,12831.0,5.7777,13.092
KIC 8105398,kepler,transit,224.150923,348.6,12.455,13.093
KIC 5211470,kepler,eclipse,2.404293523,8150.9,4.4649,13.094
KIC 5347784,kepler,eclipse,9.58405667,119630.0,6.82752,13.094
TIC 189380158,tess,transit,1.9617969,14086.214603,2.7570171,13.0942
TIC 1001477809,tess,false_positive,7.6605425,5210.0,4.425,13.0949
KIC 4730442,kepler,blend,1.71051215,42.2,1.284,13.095
KIC 8773015,kepler,transit,15.604841,73.4,4.543,13.096
KIC 2441728,kepler,blend,0.856895349,82.2,1.3078,13.098
KIC 3866536,kepler,variable,7.65270746,641.1,79.8969,13.099
KIC 12404954,kepler,transit,3.247548814,209.7,2.5146,13.1
KIC 10935310,kepler,eclipse,4.128795314,154870.0,2.771,13.1
KIC 3248332,kepler,variable,7.363572395,129696.0,5.7545,13.102
KIC 10002261,kepler,eclipse,12.713794177,36718.7,2.44093,13.102
KIC 9965691,kepler,eclipse,15.68434493,791.6,44.463,13.102
KIC 11754430,kepler,transit,39.818832,199.1,10.757,13.102
TIC 9830791,tess,false_positive,3.5414573,5930.0,2.83,13.1021
KIC 9306677,kepler,variable,532.9307,181.4,3.89,13.103
TIC 131036011,tess,false_positive,11.0701242,11750.0,4.097,13.1038
TIC 20892672,tess,false_positive,3.10926,5448.84,2.506,13.105
TIC 337274055,tess,false_positive,4.8435717,6120.0,2.561,13.1052
TIC 98286422,tess,false_positive,2.9646096,27860.0,2.232,13.1057
KIC 8429450,kepler,eclipse,1.352576807,317484.0,5.49531,13.106
TIC 298074836,tess,transit,6.7662729,1998.3738721,1.0575063,13.1066
KIC 4664743,kepler,variable,1.27839331,19.5,6.343,13.107
KIC 3433668,kepler,transit,15.0219784,96.9,5.068,13.109
KIC 5897826,kepler,eclipse,33.80364366,13494.4,11.4813,13.109
TIC 224601047,tess,false_positive,7.2087245,4690.0,3.506,13.109
KIC 3558981,kepler,eclipse,2.98786272,42789.0,2.5814,13.109
TIC 115242351,tess,false_positive,5.6748327,8390.2038219,1.783,13.1099
KIC 5446285,kepler,variable,339.42934084,,7.5,13.113
KIC 4863260,kepler,blend,0.987069622,384.8,1.0092,13.114
KIC 6061773,kepler,transit,8.27745764,197.2,2.713,13.115
KIC 2720354,kepler,eclipse,2.821328194,64776.0,5.02692,13.116
KIC 8653134,kepler,transit,5.34264143,691.3,2.453,13.116
KIC 2998124,kepler,eclipse,28.597880332,85951.6,7.71925,13.119
KIC 7592339,kepler,variable,229.948531,154.2,1.813,13.119
TIC 9100874,tess,false_positive,6.1668344,13145.6121347,2.2619245,13.1198
KIC 7137725,kepler,blend,2.253551793,119.6,3.66,13.121
KIC 3245638,kepler,variable,232.822285,22617.0,0.99,13.122
TIC 288421619,tess,transit,12.9228111,8723.2564459,1.5980207,13.123
TIC 306547699,tess,false_positive,2.6985136,13510.0,4.856,13.1235
KIC 9850957,kepler,blend,8.48031302,107.0,5.988,13.124
KIC 5735878,kepler,eclipse,16.832079803,48374.6,7.79748,13.125
KIC 11453930,kepler,variable,0.687739345,37.6,0.1866,13.127
KIC 11069176,kepler,transit,15.3789014,185.1,4.662,13.127
KIC 6879171,kepler,transit,6.96352699,68.1,3.192,13.128
TIC 439867639,tess,transit,0.3711334,2322.6218151,0.4918187,13.1292
KIC 3742855,kepler,eclipse,6.397185875,18887.0,5.8638,13.133
KIC 10686909,kepler,blend,2.61854596,19.7,4.866,13.133
TIC 384386061,tess,false_positive,5.7626055,7420.0,3.963,13.1335
KIC 5991070,kepler,variable,0.94102954,34.5,4.415,13.134
KIC 4681152,kepler,eclipse,1.83592242,30745.9,5.9942,13.134
TIC 67247610,tess,false_positive,1.9740614,19601.2829646,2.1627229,13.134
KIC 9509207,kepler,variable,14.199840087,214604.0,5.98531,13.135
TIC 339250695,tess,false_positive,4.7262208,9512.9165619,3.2344044,13.135
KIC 9763612,kepler,transit,16.0505464,94.4,3.171,13.136
TIC 436875934,tess,transit,2.7535993,14460.0,2.141,13.1361
KIC 5017058,kepler,eclipse,1.161947482,129896.0,4.46886,13.14
KIC 7695445,kepler,variable,1.74336627,451.0,10.405,13.142
KIC 7049486,kepler,eclipse,26.718417546,72975.7,8.14155,13.144
TIC 123233041,tess,transit,3.5224751,8602.325645,3.2804955,13.1448
KIC 6780158,kepler,blend,2.464160779,116.7,2.427,13.145
KIC 10753394,kepler,variable,288.678554,242.5,9.197,13.145
KIC 9892816,kepler,transit,26.2347447,196.5,3.536,13.147
KIC 4738095,kepler,variable,309.933134,176.1,7.165,13.147
TIC 239722954,tess,false_positive,1.4958429,2830.0,1.534,13.1472
TIC 98283926,tess,transit,2.2920348,10585.2906021,3.1812507,13.1472
KIC 8058507,kepler,variable,15.80529628,,1.56,13.148
TIC 469436001,tess,false_positive,0.9739887,2904.0,1.594,13.149
KIC 3749508,kepler,eclipse,1.065731229,3639.6,1.7499,13.151
KIC 7045605,kepler,variable,361.526458,525.1,6.947,13.151
KIC 10663396,kepler,transit,23.8990075,293.4,15.955,13.153
KIC 8559796,kepler,variable,0.619303759,74.5,6.6038,13.154
KIC 4056616,kepler,transit,2.41434868,191.0,1.2701,13.156
TIC 36440357,tess,transit,9.2016496,13812.3233628,4.4317333,13.1573
KIC 8505674,kepler,variable,43.169798,120.8,9.686,13.158
TIC 268439377,tess,false_positive,0.9855374,3290.0,1.18,13.1591
TIC 71401634,tess,false_positive,0.2476684,2460.0,0.401,13.1599
KIC 10461045,kepler,variable,385.97241,162.0,12.167,13.161
TIC 289793076,tess,transit,3.0440495,22807.0101774,2.6523472,13.163
TIC 259233660,tess,transit,0.4489589,674.8277016,0.7637477,13.1638
TIC 160476088,tess,false_positive,0.4722347,3610.0,1.074,13.164
KIC 6277594,kepler,eclipse,3.66115536,34.3,14.807,13.164
TIC 157266693,tess,transit,3.8537616,18650.0,3.392,13.1648
KIC 9971475,kepler,eclipse,5.357409918,199157.0,4.28582,13.166
TIC 411347315,tess,false_positive,4.0662367,6676.0,3.721,13.1678
TIC 201642601,tess,transit,3.1316735,14915.6943722,2.4579197,13.1686
TIC 1528696,tess,transit,0.8820624,11755.4509288,0.5759672,13.1686
KIC 10601538,kepler,blend,1.463775066,45.1,0.953,13.169
KIC 7516073,kepler,variable,601.13797,172.8,15.26,13.17
TIC 343628284,tess,transit,8.0970819,4723.0724376,3.127852,13.1717
KIC 5653795,kepler,variable,118.314913,216.3,4.79,13.172
KIC 5653126,kepler,eclipse,38.49536985,93327.0,12.8716,13.173
KIC 6233890,kepler,blend,2.99540439,223.2,6.172,13.173
TIC 272212970,tess,transit,1.6091845,13450.0,1.63,13.174
KIC 11621223,kepler,transit,4.903321801,334.5,2.8887,13.174
TIC 435673126,tess,false_positive,11.5175506,12852.0,4.259,13.1744
TIC 404243877,tess,transit,3.2047072,7448.0,3.331,13.1749
KIC 8126531,kepler,variable,513.42784,523.2,6.278,13.175
TIC 155867025,tess,transit,2.1547472,49552.1823437,1.6582238,13.1751
TIC 19684256,tess,transit,1.3666563,21070.0,1.967,13.1758
KIC 9950612,kepler,transit,28.1224393,194.3,4.174,13.177
KIC 11251058,kepler,blend,2.25284817,60.0,3.069,13.178
KIC 7515212,kepler,transit,16.2580276,47.0,6.375,13.178
TIC 267867517,tess,false_positive,2.6816329,3100.0,2.695,13.1802
KIC 7900450,kepler,variable,25.4805211,159.0,10.701,13.181
TIC 162577466,tess,false_positive,3.6772391,13763.2116365,4.2517064,13.1815
KIC 6146838,kepler,eclipse,27.467217305,71766.5,4.17961,13.182
KIC 4484312,kepler,blend,2.24294107,39.4,2.532,13.182
KIC 6685609,kepler,transit,5.868066282,436.5,4.1246,13.182
KIC 6803202,kepler,transit,21.06075303,301.2,5.2472,13.182
TIC 355703913,tess,transit,2.1061569,12142.2238514,1.4688934,13.183
KIC 12506351,kepler,eclipse,1.22775877,46148.0,2.7545,13.184
TIC 445751830,tess,transit,3.4391954,32914.4087358,1.6681096,13.1858
KIC 6290382,kepler,eclipse,6.12810722,2336.0,2.824,13.186
TIC 42821097,tess,transit,3.8971203,6312.7462771,4.8258882,13.1861
TIC 289047954,tess,false_positive,1.4207284,4092.0,1.988,13.1872
KIC 4141587,kepler,variable,10.2239787,213.5,1.814,13.188
KIC 10491525,kepler,blend,1.09844642,45.0,1.528,13.19
TIC 467971286,tess,transit,2.2250514,13144.590055,2.3678871,13.191
KIC 9899193,kepler,blend,1.332567821,31.0,3.4844,13.191
KIC 10263598,kepler,variable,145.750554,385.6,13.999,13.192
KIC 4242692,kepler,transit,1.138548215,66.2,2.1482,13.194
TIC 279605855,tess,false_positive,1.972401,7460.0,2.435,13.1947
KIC 4740676,kepler,eclipse,3.454241684,88194.9,4.69505,13.198
TIC 63211674,tess,transit,8.6004516,3575.6614227,8.950521,13.1981
KIC 3839294,kepler,variable,137.665706,536.9,3.732,13.199
KIC 5308777,kepler,blend,0.944598153,200.9,4.018,13.199
KIC 5631630,kepler,transit,25.96190067,350.3,6.2732,13.2
TIC 60286662,tess,transit,8.5623289,4321.4694896,3.0961685,13.2027
KIC 6610219,kepler,eclipse,11.300987626,325703.0,10.5199,13.203
KIC 10982872,kepler,transit,2.024143568,239.4,2.5273,13.203
KIC 10322797,kepler,blend,1.213742728,31.7,3.596,13.203
KIC 2854839,kepler,variable,1.05569286,37.5,1.289,13.203
KIC 8644365,kepler,transit,19.9158863,143.2,6.191,13.204
KIC 7598128,kepler,eclipse,44.258173075,20541.7,7.58264,13.204
TIC 112037203,tess,false_positive,4.3622356,18670.0,2.645,13.2041
KIC 9763348,kepler,transit,15.77382794,313.6,4.957,13.205
KIC 6129694,kepler,variable,0.936751792,26.4,5.658,13.205
KIC 7886329,kepler,variable,0.567493852,7984.0,1.35349,13.205
TIC 134315574,tess,false_positive,1.5971584,5070.0,3.429,13.205
KIC 5768927,kepler,eclipse,4.390513938,46829.0,2.9472,13.209
KIC 6613006,kepler,eclipse,7.388833611,13063.5,5.62857,13.209
KIC 6805146,kepler,eclipse,13.779711352,25479.1,7.63871,13.21
KIC 5181817,kepler,blend,4.350413063,192.5,1.7694,13.211
KIC 10296163,kepler,eclipse,9.296746368,213838.0,6.88069,13.211
KIC 3449870,kepler,variable,61.438007,253.0,3.861,13.213
KIC 6058816,kepler,transit,73.7502765,233.1,13.309,13.214
KIC 5212220,kepler,blend,1.08749101,126.4,1.6192,13.214
TIC 299087490,tess,transit,38.4787613,23972.8957136,5.1869737,13.2147
KIC 8636434,kepler,transit,308.544422,586.8,18.503,13.215
KIC 11760231,kepler,transit,49.6075771,626.7,2.9575,13.218
KIC 11403530,kepler,transit,3.61460332,43.9,3.227,13.219
KIC 9210828,kepler,eclipse,0.82820657,118533.0,2.70353,13.221
TIC 25624952,tess,false_positive,3.1239462,5224.0,2.102,13.222
KIC 8883329,kepler,transit,9.18244299,87.6,4.318,13.223
KIC 5090803,kepler,variable,379.65261,82.3,19.04,13.223
TIC 16005254,tess,transit,3.7927572,24440.0,1.47,13.2239
KIC 11974540,kepler,transit,24.669192732,7382.3,7.03515,13.224
KIC 8564976,kepler,eclipse,152.8255989,2173.5,22.688,13.226
KIC 11565924,kepler,transit,13.32191461,133.5,6.213,13.228
TIC 388076422,tess,transit,2.5761796,49904.2528728,1.5879379,13.2297
KIC 4489844,kepler,blend,0.822314545,32.7,3.3374,13.23
KIC 12004679,kepler,eclipse,2.521245368,418375.0,4.24027,13.231
KIC 10341878,kepler,blend,0.933753371,47.3,4.438,13.231
TIC 108645766,tess,false_positive,2.974175,11707.257241,3.031634,13.2312
TIC 308396509,tess,false_positive,2.1481182,22124.5443864,3.9313069,13.2317
KIC 8128965,kepler,eclipse,7.140373046,205256.0,7.07032,13.232
KIC 5080346,kepler,variable,2.31169425,38.4,8.689,13.234
KIC 10657664,kepler,eclipse,3.273699006,6862.8,3.07626,13.234
KIC 7750342,kepler,variable,66.247851,666.0,4.04,13.234
KIC 11568987,kepler,transit,15.95995611,523.2,4.3149,13.235
TIC 308307606,tess,false_positive,9.8850244,9891.3681761,2.4234353,13.2361
TIC 406443564,tess,false_positive,1.1167145,12810.0,1.817,13.2364
TIC 29344935,tess,transit,2.76676,14947.4387827,2.6872178,13.2366
KIC 5856571,kepler,transit,9.59068586,544.6,3.452,13.237
TIC 55390413,tess,false_positive,1.8819016,5107.0,1.162,13.2387
TIC 27774415,tess,transit,4.9427985,11349.4838661,3.3153828,13.2394
KIC 1433531,kepler,variable,567.71329,259.4,12.85,13.24
KIC 10585852,kepler,transit,8.57504983,160.6,8.653,13.242
KIC 4574310,kepler,eclipse,1.306220168,481370.0,5.14519,13.242
KIC 6311637,kepler,eclipse,1.620813697,121323.0,5.9968,13.242
KIC 4678875,kepler,eclipse,1.87887673,824392.0,6.60887,13.244
TIC 305550963,tess,false_positive,1.5891628,3550.0,1.576,13.2445
KIC 10491031,kepler,eclipse,2.199069234,225250.0,6.30646,13.245
TIC 356461227,tess,false_positive,1.8418712,10500.0,1.633,13.2464
TIC 243641947,tess,transit,2.5926199,78210.0,1.269,13.2486
KIC 8823397,kepler,eclipse,1.506503686,477104.0,5.02151,13.249
KIC 5738634,kepler,blend,2.40435335,70.6,4.07,13.25
KIC 7668663,kepler,transit,6.4980147,190.9,2.4384,13.25
KIC 8504570,kepler,eclipse,4.00770453,168776.0,5.50884,13.251
KIC 5090690,kepler,eclipse,12.011661094,14293.6,3.77516,13.252
KIC 4058169,kepler,eclipse,282.5363563,29233.2,10.3088,13.252
KIC 8590780,kepler,eclipse,4.326946311,409031.0,5.55905,13.253
KIC 10646620,kepler,variable,2.41349123,57.0,11.29,13.253
KIC 6523216,kepler,eclipse,14.313157391,21566.9,8.90236,13.254
KIC 3732972,kepler,blend,1.540398683,73.0,1.5676,13.254
KIC 5310435,kepler,eclipse,4.931365987,255953.0,14.7088,13.254
KIC 7811057,kepler,variable,99.97889,117.9,8.76,13.255
TIC 178879588,tess,transit,3.0566277,12517.5203529,2.3926375,13.2554
KIC 10063802,kepler,transit,120.0183551,886.0,11.637,13.256
KIC 5185897,kepler,transit,6.83440674,177.1,2.2726,13.256
KIC 3852655,kepler,transit,11.62904159,88.0,2.97,13.256
TIC 304950588,tess,false_positive,7.4316274,13740.0,3.868,13.2566
TIC 77044471,tess,transit,2.6865064,12135.3375306,2.6567231,13.2576
KIC 5389540,kepler,blend,10.26231992,813.9,3.568,13.259
KIC 4349442,kepler,blend,12.720298433,283.6,2.4599,13.26
TIC 76505260,tess,false_positive,2.5336422,13290.0,2.865,13.2608
KIC 7919867,kepler,blend,1.60375114,51.0,1.498,13.261
KIC 9265521,kepler,variable,386.62189,193.2,17.72,13.262
KIC 8890924,kepler,transit,26.6565737,163.4,4.954,13.263
KIC 11923284,kepler,transit,2.757977384,211.0,2.1489,13.263
TIC 604863428,tess,false_positive,3.2358535,5460.0,3.777,13.2638
KIC 4281023,kepler,variable,230.385488,568.1,3.134,13.264
KIC 12306808,kepler,blend,7.334073405,326.9,2.7308,13.265
KIC 4056579,kepler,variable,239.179477,750.9,2.93,13.265
TIC 307956396,tess,false_positive,4.1508803,12290.0,2.256,13.2653
KIC 9117416,kepler,transit,3.15722086,49.7,3.762,13.266
KIC 7673192,kepler,transit,8.92114318,110.8,3.933,13.268
KIC 7938468,kepler,eclipse,7.226944171,682175.0,23.0124,13.27
KIC 7622059,kepler,eclipse,10.4032399,1056.2,23.85,13.272
KIC 6468938,kepler,eclipse,7.217010987,78713.8,4.4215,13.272
KIC 10253638,kepler,variable,7.4539297,,14.21,13.272
KIC 11666881,kepler,transit,4.919584997,425.7,4.1988,13.273
KIC 11074835,kepler,transit,6.03355539,89.5,10.049,13.274
KIC 1430305,kepler,variable,359.3259,246.2,9.836,13.274
KIC 9474222,kepler,eclipse,13.691790011,97563.5,5.64674,13.275
TIC 363851359,tess,transit,2.5441537,6780.0,2.128,13.2755
KIC 5894972,kepler,variable,3.34328534,166.8,27.29,13.276
KIC 7124026,kepler,blend,15.7455586,161.1,13.877,13.276
KIC 8288719,kepler,eclipse,0.755049082,26067.9,2.09643,13.276
TIC 392112968,tess,false_positive,1.1960086,11770.0,2.35,13.2785
KIC 7199774,kepler,eclipse,4.70818628,56545.0,3.278,13.279
KIC 5475712,kepler,eclipse,2.991884392,123880.0,7.5583,13.28
KIC 3353050,kepler,transit,5.0800579,222.8,5.207,13.281
KIC 9881258,kepler,eclipse,2.028512246,121562.0,5.00309,13.281
KIC 7509886,kepler,transit,6.0404622,241.0,1.98,13.283
KIC 8097825,kepler,eclipse,1.46842648,150998.0,6.6666,13.283
TIC 7088246,tess,transit,2.1605155,13774.8794619,1.4806956,13.2851
TIC 239136269,tess,false_positive,1.0590994,5155.2973108,0.9853402,13.286
KIC 10024701,kepler,transit,14.37504582,251.1,3.208,13.286
TIC 177612321,tess,false_positive,3.145502,6190.0,2.411,13.2863
TIC 131581522,tess,false_positive,3.059168,7610.0,4.992,13.2864
TIC 367333043,tess,false_positive,2.8778095,4830.0,2.824,13.2875
TIC 6663331,tess,transit,3.180362,21192.463324,2.111521,13.2887
TIC 9032368,tess,false_positive,1.632,5500.0,1.466,13.2889
KIC 10350571,kepler,transit,31.5925809,145.1,13.566,13.29
KIC 5513822,kepler,blend,0.755109271,23.2,2.619,13.292
KIC 6806632,kepler,variable,9.469191607,63501.9,9.55999,13.292
KIC 4365645,kepler,transit,4.16787814,168.1,2.2136,13.293
KIC 12356617,kepler,transit,988.8811177,5060.0,5.9504,13.293
KIC 4772095,kepler,variable,99.299502,408.5,3.631,13.293
KIC 9590976,kepler,transit,3.88688862,58.3,3.683,13.294
KIC 6471230,kepler,blend,1.752450163,55.5,3.0255,13.294
KIC 8882847,kepler,blend,42.2011587,178.1,8.479,13.294
KIC 5879448,kepler,eclipse,533.47707,210.6,23.71,13.294
KIC 2166206,kepler,blend,8.09695764,283.5,3.319,13.295
KIC 11135308,kepler,transit,1.877878538,47.5,2.39,13.295
TIC 437261733,tess,transit,5.4161129,14310.0,3.385,13.2958
KIC 11234677,kepler,eclipse,1.58742695,76162.0,2.66475,13.296
TIC 305478010,tess,false_positive,3.121339,26300.0,4.331,13.2966
KIC 5534965,kepler,eclipse,243.82122131,56799.3,10.9312,13.297
KIC 9909735,kepler,transit,4.66271902,1630.6,2.757,13.297
KIC 4365442,kepler,blend,1.714410345,50.4,3.336,13.297
TIC 39077574,tess,false_positive,7.1404043,8300.0,1.719,13.2971
KIC 9277896,kepler,transit,4.59489816,109.7,3.1381,13.298
KIC 8301013,kepler,eclipse,2.214029545,349110.0,5.64264,13.3
TIC 7904580,tess,false_positive,15.8346011,18000.0,4.676,13.3008
KIC 8440062,kepler,variable,366.71923,246.4,9.8,13.302
KIC 6068947,kepler,eclipse,0.573036404,4174.5,1.3176,13.302
KIC 10874614,kepler,transit,3.234699282,10558.7,3.59385,13.303
KIC 11872139,kepler,blend,1.75649346,27.5,3.429,13.306
KIC 8780959,kepler,transit,9.6310258,297.2,5.255,13.306
KIC 4563268,kepler,transit,4.16536757,120.0,3.2935,13.307
KIC 5651829,kepler,blend,0.772152075,43.6,1.78,13.308
KIC 4570949,kepler,transit,1.544928892,5817.3,1.43586,13.308
TIC 259168516,tess,transit,4.8026561,4358.1157678,1.1658648,13.3081
KIC 4365461,kepler,eclipse,1.714414962,110132.0,5.17207,13.309
KIC 5613330,kepler,transit,23.44970494,315.6,8.6567,13.31
TIC 336732544,tess,transit,3.2771118,15566.1440892,2.6850132,13.3102
TIC 340700241,tess,false_positive,7.7925448,16339.5347863,2.902988,13.3106
KIC 12206313,kepler,transit,184.262741,292.2,11.94,13.312
KIC 9953736,kepler,variable,0.50818743,54.9,3.433,13.313
TIC 382602147,tess,transit,2.1357026,29272.618489,1.9116457,13.3147
KIC 8979500,kepler,variable,113.556471,278.7,2.383,13.316
TIC 294315741,tess,false_positive,3.5678072,17670.0,2.968,13.3162
KIC 9704384,kepler,transit,5.50860699,203.9,3.0788,13.317
KIC 11189127,kepler,eclipse,2.671942657,15942.0,1.9119,13.318
KIC 9357578,kepler,variable,171.69799,878.0,2.904,13.318
KIC 10601549,kepler,variable,1.463773705,64776.0,1.9123,13.318
KIC 4069063,kepler,eclipse,0.504296702,5995.4,1.4145,13.318
TIC 146836153,tess,false_positive,2.3252878,29370.954615,2.277571,13.3181
KIC 2446113,kepler,blend,6.71725648,272.7,2.5207,13.319
KIC 3869825,kepler,eclipse,4.800653901,15304.4,9.0419,13.32
KIC 6269070,kepler,transit,2.7612237,66.8,3.681,13.321
KIC 5024252,kepler,blend,2.15052332,115.5,3.447,13.322
KIC 5297298,kepler,eclipse,34.193600311,13714.8,5.41382,13.325
TIC 441738827,tess,transit,6.0784031,1810.0,2.117,13.3257
KIC 8278371,kepler,transit,0.677374687,76.7,1.8361,13.326
TIC 84126162,tess,false_positive,3.6688102,8447.0,2.151,13.3268
KIC 3750350,kepler,variable,319.30633,155.2,6.74,13.327
KIC 10407047,kepler,blend,0.93374699,172.1,6.168,13.327
TIC 165202476,tess,transit,2.9093856,45160.0,2.075,13.3272
KIC 11087662,kepler,variable,264.63654,431.8,42.77,13.328
KIC 3836450,kepler,blend,1.540399732,57.6,1.63,13.328
KIC 10777591,kepler,transit,6.10968225,60.3,5.735,13.328
KIC 10779233,kepler,transit,201.118319,584.8,10.328,13.328
KIC 2720514,kepler,blend,1.371288853,66.2,1.4528,13.328
TIC 74484886,tess,false_positive,3.8505662,6070.0,2.499,13.3285
KIC 12835139,kepler,variable,350.609298,369.5,1.621,13.329
KIC 7732285,kepler,blend,4.39049637,113.5,3.0112,13.33
KIC 6369845,kepler,blend,27.6760342,266.8,4.234,13.33
TIC 169187982,tess,false_positive,1.764534,27120.0,2.187,13.33
KIC 7418173,kepler,eclipse,0.780632043,736.5,1.4109,13.331
KIC 3442055,kepler,transit,29.6193891,314.7,4.9595,13.331
KIC 5121511,kepler,transit,30.99664113,655.3,2.9182,13.332
KIC 2849805,kepler,transit,3.749105745,182.6,1.9826,13.333
KIC 5647638,kepler,eclipse,1.21607873,29.4,4.686,13.333
TIC 45465399,tess,false_positive,5.3763108,4040.0,2.339,13.3342
KIC 3965879,kepler,variable,55.00402906,,6.06,13.335
KIC 5025234,kepler,variable,1.77555333,83.5,14.41,13.335
KIC 4947556,kepler,transit,13.0267964,356.6,0.785,13.336
KIC 6365156,kepler,transit,10.21418792,303.8,5.8201,13.336
KIC 9898364,kepler,blend,7.132351753,744.1,2.9674,13.337
KIC 10132552,kepler,variable,191.528018,171.8,2.342,13.337
KIC 10878263,kepler,transit,4.699652821,351.4,2.553,13.338
TIC 33521996,tess,transit,3.3252703,34741.7763037,2.0538144,13.3383
KIC 11074541,kepler,transit,29.88487723,1275.7,4.5612,13.34
KIC 3629967,kepler,transit,85.6542476,476.0,6.866,13.34
KIC 7598111,kepler,blend,132.778041,9036.0,5.624,13.34
TIC 89876424,tess,false_positive,1.5380702,8770.0,2.226,13.3403
KIC 5084942,kepler,transit,3.105507835,904.6,1.7458,13.341
KIC 8417078,kepler,transit,23.6223571,57.0,6.852,13.341
KIC 11875511,kepler,eclipse,67.451045,7062.8,8.9387,13.342
KIC 7124613,kepler,transit,4.41746257,291.0,2.965,13.343
KIC 10407054,kepler,blend,0.933754669,89.3,4.048,13.343
KIC 10294608,kepler,eclipse,1.854491777,383431.0,5.14771,13.344
KIC 6847018,kepler,eclipse,16.66216657,27442.0,3.8762,13.344
KIC 11298298,kepler,transit,5.248667607,601.2,1.917,13.345
TIC 39926974,tess,transit,2.2604346,6082.0199641,0.9618922,13.3455
TIC 347442932,tess,false_positive,0.6646521,7197.0,1.272,13.346
TIC 348755728,tess,transit,4.5063838,12522.9613662,2.0392007,13.3462
KIC 6147573,kepler,eclipse,25.836831272,145045.0,6.32201,13.347
KIC 4991208,kepler,transit,2.44358543,59.1,1.852,13.348
TIC 28873762,tess,false_positive,3.105654,12400.0,1.999,13.3483
KIC 8022489,kepler,transit,197.5111484,2575.6,11.106,13.349
KIC 5036538,kepler,eclipse,1.061008464,408767.0,2.8029,13.349
KIC 6468138,kepler,transit,134.2520474,832.1,9.0636,13.35
KIC 12154526,kepler,transit,56.1886436,346.2,6.5272,13.351
KIC 9934274,kepler,blend,4.99471597,53.0,3.44,13.352
KIC 5281113,kepler,transit,11.17931581,90.6,3.103,13.352
KIC 6021193,kepler,transit,3.61460279,64.8,3.227,13.353
KIC 8800954,kepler,transit,704.962626,2319.1,18.003,13.354
KIC 7742408,kepler,transit,33.4969115,163.5,4.833,13.354
KIC 9003401,kepler,transit,21.1033014,192.5,2.059,13.355
KIC 8453191,kepler,eclipse,5.776764285,153902.0,6.99715,13.356
KIC 5364090,kepler,variable,354.63284,280.9,2.227,13.357
KIC 8869680,kepler,blend,7.03380109,138.5,6.4185,13.357
KIC 10023069,kepler,variable,266.977677,389.6,8.59,13.357
KIC 6289897,kepler,blend,1.55935718,49.7,2.892,13.357
TIC 280212554,tess,false_positive,1.1472535,4090.0,1.789,13.3574
KIC 3867615,kepler,transit,20.0983676,157.8,5.207,13.358
TIC 37242226,tess,false_positive,1.0681394,7290.0,2.082,13.3581
KIC 4827723,kepler,transit,7.23858162,268.2,3.1199,13.359
KIC 11241912,kepler,transit,14.42735088,117.0,4.857,13.359
KIC 9662475,kepler,blend,247.372131,513.4,3.271,13.359
KIC 8164262,kepler,variable,87.455958,1604.9,18.257,13.36
KIC 9162741,kepler,blend,1.368617188,126.9,1.6235,13.361
KIC 10155321,kepler,variable,15.705388,283.7,4.871,13.362
KIC 12304202,kepler,variable,0.66573903,,1.27,13.362
KIC 10801249,kepler,blend,1.67495622,35.9,2.994,13.363
KIC 11359305,kepler,eclipse,28.487107336,37662.9,3.77887,13.363
KIC 5649833,kepler,blend,0.597933473,106.0,1.918,13.364
TIC 322862882,tess,false_positive,1.2361087,19760.0,1.139,13.364
KIC 7778621,kepler,transit,7.28171395,111.6,1.723,13.367
TIC 403693875,tess,false_positive,3.5248693,24987.7992456,3.1475424,13.3675
TIC 159334269,tess,false_positive,1.1578392,9660.0,1.363,13.3675
KIC 12645761,kepler,eclipse,2.709570339,13170.8,5.57527,13.368
KIC 10407020,kepler,blend,0.933747751,76.6,3.9236,13.369
KIC 8191672,kepler,transit,3.548465446,7251.5,4.56904,13.369
KIC 2860594,kepler,eclipse,5.499941793,47751.3,11.3096,13.37
KIC 2015013,kepler,blend,27.8923345,139.6,2.204,13.373
KIC 8379547,kepler,eclipse,6.042029838,132864.0,8.0666,13.373
TIC 303883880,tess,false_positive,0.8970184,12070.0,2.434,13.3733
TIC 11439959,tess,transit,3.6188769,12658.2718767,4.3583808,13.3735
KIC 11566064,kepler,transit,30.6528935,269.7,4.99,13.374
KIC 8621026,kepler,eclipse,4.059428737,245217.0,5.26926,13.374
TIC 199289712,tess,false_positive,1.0092447,7501.0,1.472,13.3747
KIC 11090561,kepler,blend,35.8726918,916.3,4.402,13.375
KIC 7987086,kepler,eclipse,156.51657398,113337.0,12.2259,13.375
KIC 8308070,kepler,variable,401.5907,115.0,14.77,13.376
KIC 7810483,kepler,transit,29.92208104,345.3,2.7716,13.377
KIC 5652893,kepler,transit,14.00948631,169.9,3.399,13.38
KIC 5952366,kepler,blend,22.735911,2311.0,42.435,13.38
KIC 12058147,kepler,transit,1.54320541,91.2,2.5779,13.38
KIC 10519701,kepler,variable,334.87402,387.8,35.42,13.381
KIC 10735331,kepler,eclipse,213.3990406,13929.5,6.5043,13.381
KIC 5177859,kepler,transit,6.98472143,90.7,2.724,13.382
KIC 10916600,kepler,transit,5.57654782,53.6,3.673,13.383
KIC 7777818,kepler,blend,5.78159956,72.8,2.222,13.384
KIC 10615440,kepler,transit,10.8118317,76.8,2.627,13.385
KIC 2010152,kepler,variable,317.74527,206.6,17.54,13.385
KIC 6780367,kepler,variable,175.358905,215.0,5.34,13.385
KIC 6442246,kepler,blend,2.2127498,22.7,3.054,13.386
KIC 12254909,kepler,transit,5.349791,88.8,4.279,13.386
KIC 9873254,kepler,transit,14.70749512,262.0,3.1506,13.387
KIC 11250867,kepler,eclipse,2.252822538,269847.0,3.41062,13.387
TIC 238162973,tess,false_positive,11.8885643,35450.0,2.567,13.3872
KIC 9790965,kepler,variable,0.82206761,26189.8,3.8281,13.388
KIC 6525280,kepler,blend,1.710319812,43.6,2.983,13.388
TIC 291147951,tess,false_positive,2.5313956,9640.0,3.128,13.3888
KIC 10454632,kepler,transit,20.16037858,343.6,4.13,13.389
TIC 268727719,tess,false_positive,0.6257352,13403.1636987,0.8361985,13.3892
TIC 14614418,tess,transit,0.8378453,21355.7850721,2.1590096,13.3898
KIC 10337258,kepler,transit,13.28536452,377.6,6.283,13.39
KIC 11392017,kepler,blend,2.45570369,273.8,3.1,13.39
KIC 10847907,kepler,variable,0.535493486,54.0,2.57,13.39
KIC 5026187,kepler,variable,3.58966681,421.3,18.534,13.391
KIC 8524110,kepler,blend,0.79708975,19.3,3.301,13.391
KIC 5112567,kepler,eclipse,1.6156052,1582.0,14.55,13.391
KIC 3339538,kepler,eclipse,14.658013949,129645.0,3.03316,13.391
TIC 86451883,tess,false_positive,1.7561019,11010.0,2.858,13.3911
KIC 9774400,kepler,eclipse,10.818248422,13695.9,18.2848,13.392
TIC 268604331,tess,transit,5.0141991,6026.126007,4.5606871,13.3926
KIC 6185717,kepler,eclipse,11.702203927,28998.7,2.75173,13.393
KIC 8424002,kepler,transit,20.35971899,345.7,2.1521,13.393
KIC 9702072,kepler,transit,4.182001885,847.4,2.2209,13.393
KIC 10464666,kepler,eclipse,131.73630485,58381.2,5.28476,13.395
KIC 8766650,kepler,transit,12.43929428,254.3,3.176,13.395
KIC 2860793,kepler,blend,2.62982665,126.4,6.213,13.395
KIC 8581658,kepler,eclipse,3.481657589,347012.0,4.75315,13.396
KIC 9418994,kepler,eclipse,32.003815635,17120.2,4.31197,13.396
KIC 3835670,kepler,transit,14.55730897,956.9,7.7643,13.397
KIC 11463950,kepler,variable,4.0551242,148.7,12.0,13.397
KIC 4742414,kepler,transit,15.458056682,4253.2,8.79536,13.398
KIC 7970760,kepler,eclipse,7.64941291,236246.0,6.56935,13.398
TIC 29830212,tess,false_positive,7.3164282,37130.0,2.235,13.3994
KIC 3337432,kepler,blend,2.97600846,103.2,4.274,13.4
KIC 11015108,kepler,transit,39.30944096,1132.1,5.77,13.4
TIC 272086159,tess,false_positive,16.155373,71225.723174,1.556705,13.4004
TIC 149601126,tess,transit,23.3418536,6473.602151,6.4129373,13.4006
KIC 9851983,kepler,variable,1.456383399,212.2,11.838,13.401
KIC 8280511,kepler,transit,5.24970432,61.9,2.746,13.404
TIC 301031110,tess,transit,3.8304162,12299.893921,3.1251205,13.4041
KIC 4149450,kepler,transit,3.215109385,158.0,4.365,13.405
KIC 10232693,kepler,blend,0.990516282,101.6,2.019,13.405
KIC 3230578,kepler,eclipse,6.337614357,1807.4,1.742,13.406
KIC 6934587,kepler,eclipse,1.570919281,65124.0,3.2232,13.406
KIC 7198881,kepler,variable,182.467019,1020.0,7.607,13.408
KIC 8499922,kepler,variable,45.680876,350.3,2.293,13.409
KIC 8646141,kepler,variable,168.858303,119.1,12.964,13.409
KIC 6137779,kepler,blend,21.5324915,100.5,4.156,13.41
TIC 305048087,tess,transit,5.4361667,4797.1288482,1.5419673,13.4102
KIC 4587448,kepler,variable,2.23416013,,2.12,13.411
KIC 6125481,kepler,transit,23.20579353,342.5,4.3243,13.413
KIC 12470041,kepler,eclipse,14.66769462,29862.0,2.4462,13.415
KIC 8677186,kepler,variable,586.63177,199.9,7.299,13.416
TIC 295807723,tess,false_positive,0.6972223,6460.0,1.095,13.4161
TIC 304025075,tess,false_positive,3.0290563,22300.1175043,3.3148084,13.417
TIC 273774284,tess,false_positive,17.2182695,4810.0,7.888,13.4177
KIC 3832716,kepler,variable,1.141877248,309490.0,4.33931,13.418
KIC 11045383,kepler,eclipse,41.16676097,5386.3,2.2133,13.418
KIC 7368103,kepler,eclipse,2.182515126,114931.0,6.8413,13.419
KIC 3838004,kepler,variable,2.344138713,110.8,0.4495,13.419
KIC 3939150,kepler,transit,33.0063185,278.1,7.118,13.42
TIC 391880567,tess,transit,6.2123114,8220.6122538,2.5257039,13.4202
KIC 7610663,kepler,transit,3.03196812,81.5,1.723,13.421
KIC 6607357,kepler,transit,7.69994466,70.9,4.432,13.421
KIC 10266860,kepler,blend,2.17813954,28.6,2.063,13.422
TIC 159098316,tess,transit,3.578757,11391.7385882,3.1806502,13.4231
KIC 5991936,kepler,blend,6.09740316,568.5,4.635,13.424
KIC 7257373,kepler,eclipse,5.233450136,430422.0,8.57374,13.424
KIC 1571511,kepler,eclipse,14.022451457,20082.9,8.08619,13.424
KIC 5397905,kepler,blend,0.618060842,25.1,1.892,13.426
KIC 8311864,kepler,transit,384.847556,189.9,9.969,13.426
KIC 11673802,kepler,transit,5.28790754,343.9,8.5274,13.427
KIC 7430034,kepler,transit,49.6220669,505.5,7.222,13.429
KIC 5966660,kepler,blend,1.906633332,268.0,3.0825,13.429
KIC 10937609,kepler,eclipse,2.570431263,76826.0,5.49699,13.43
KIC 8804397,kepler,transit,60.0853848,432.2,7.007,13.43
KIC 4042088,kepler,variable,3.22598684,,1.67,13.43
KIC 8940700,kepler,variable,190.60563,153.6,14.33,13.431
KIC 8972058,kepler,transit,2.403640701,74.9,1.4012,13.431
KIC 7203179,kepler,variable,2.245738777,483487.0,8.61629,13.432
KIC 6442377,kepler,transit,30.22910274,443.4,6.6751,13.432
KIC 5288744,kepler,variable,333.71634048,420.2,4.8236,13.435
KIC 8745553,kepler,transit,62.134919,147.5,8.711,13.435
KIC 9631995,kepler,transit,7.891448838,10344.6,4.2854,13.435
KIC 3446746,kepler,transit,13.14496741,300.8,3.6399,13.435
KIC 5688683,kepler,transit,2.790643481,202.0,0.6871,13.435
KIC 6584167,kepler,variable,0.733724504,45.9,2.208,13.436
KIC 3634051,kepler,transit,453.54212,861.0,17.026,13.436
KIC 8805348,kepler,transit,29.90721859,588.0,4.8475,13.437
KIC 8701327,kepler,eclipse,4.254417651,294547.0,6.55436,13.438
KIC 11512246,kepler,transit,7.10695741,131.0,5.1462,13.438
KIC 11804465,kepler,transit,4.437962934,16387.6,4.69813,13.438
KIC 7256460,kepler,variable,251.02304011,,3.11,13.439
KIC 5121173,kepler,variable,17.4352218,603.3,51.666,13.439
KIC 2853780,kepler,variable,589.17968,253.4,10.2,13.439
KIC 7601633,kepler,eclipse,15.663886949,5144.4,2.4775,13.439
KIC 9030447,kepler,variable,0.56669006,104.6,2.1674,13.44
KIC 8195877,kepler,variable,0.75509861,60334.0,2.6423,13.441
TIC 58046864,tess,false_positive,2.3651663,15360.0,2.462,13.4411
TIC 354442783,tess,false_positive,1.5224706,8545.4542713,1.3423331,13.4418
KIC 5105886,kepler,variable,389.169027,513.3,3.759,13.443
KIC 7090867,kepler,variable,308.255238,637.1,11.959,13.444
KIC 3352751,kepler,eclipse,3.495457889,114625.0,6.9796,13.444
TIC 230086768,tess,false_positive,34.9270483,110264.9392094,2.7546907,13.4447
KIC 4136466,kepler,transit,4.48758768,112.0,2.874,13.446
KIC 6755944,kepler,transit,0.692978457,61.0,1.1366,13.447
KIC 10552611,kepler,transit,3.10762684,77.2,2.361,13.448
KIC 9098810,kepler,eclipse,8.258181993,311858.0,3.9122,13.448
KIC 11569475,kepler,variable,1.31723412,422.7,7.284,13.449
KIC 6543645,kepler,blend,1.19550618,26.9,3.337,13.45
KIC 12069319,kepler,variable,231.157554,845.6,8.489,13.451
KIC 7137798,kepler,eclipse,2.25353739,182828.0,5.74622,13.451
KIC 7138841,kepler,variable,22.0495604,134.5,3.428,13.454
KIC 9838537,kepler,blend,1.33257715,27.1,5.158,13.454
TIC 126772538,tess,false_positive,1.4700596,4760.0,2.18,13.4542
KIC 7673841,kepler,transit,10.42317343,71.2,2.341,13.455
KIC 10356124,kepler,variable,12.3748247,390.9,90.01,13.455
KIC 7017437,kepler,variable,43.8496474,452.3,2.217,13.457
KIC 8671707,kepler,variable,401.73243,366.4,1.535,13.458
KIC 2852941,kepler,eclipse,11.57958162,,2.47,13.458
TIC 158388163,tess,transit,4.2253498,7240.8152367,2.7695297,13.4584
KIC 3839488,kepler,transit,11.13127159,211.2,4.2372,13.459
KIC 6060580,kepler,eclipse,2.313367981,13437.5,2.42645,13.46
KIC 9529856,kepler,eclipse,37.482223878,28976.8,4.81451,13.46
TIC 20182780,tess,transit,4.3533211,21740.0,1.894,13.4609
KIC 12252424,kepler,transit,8.925079516,977.5,2.6766,13.461
KIC 7762723,kepler,transit,9.88736642,68.0,4.23,13.461
KIC 5369827,kepler,transit,3.606940379,432.3,1.0418,13.461
KIC 10905641,kepler,variable,460.77905,239.3,15.541,13.462
KIC 5623839,kepler,variable,80.292171,158.6,1.936,13.462
KIC 11818872,kepler,transit,12.7372371,100.8,3.358,13.463
TIC 164892194,tess,transit,3.024111,7558.6411086,2.7209657,13.4633
KIC 3348090,kepler,blend,2.43585046,60.5,2.088,13.464
KIC 10549924,kepler,blend,0.715825886,40.6,1.212,13.467
KIC 12401863,kepler,transit,2.832647249,114.7,2.306,13.467
KIC 7584650,kepler,transit,44.9977604,170.2,9.686,13.468
KIC 4741126,kepler,transit,7.63846084,71.7,3.957,13.47
KIC 11873166,kepler,eclipse,0.734426335,99056.0,2.7415,13.47
TIC 129881395,tess,false_positive,3.3630421,20990.0,2.776,13.4704
KIC 9142742,kepler,variable,372.72688,331.7,12.751,13.473
KIC 6752002,kepler,transit,6.08003714,184.0,1.308,13.473
TIC 260271203,tess,false_positive,5.6492853,44346.559983,4.0424046,13.4734
TIC 100099031,tess,false_positive,1.2979921,10855.6558194,2.5298876,13.4735
KIC 9529744,kepler,transit,17.9346606,142.7,6.25,13.474
TIC 390157607,tess,false_positive,0.3859142,5590.0,1.189,13.4748
KIC 8299955,kepler,blend,2.6827683,79.8,2.957,13.475
KIC 5193813,kepler,variable,121.1825045,,2.97,13.476
TIC 142748283,tess,transit,6.3878202,5857.0164704,1.4551851,13.4764
KIC 5783732,kepler,variable,373.43233,166.7,16.5,13.477
KIC 8700506,kepler,eclipse,43.797829003,415020.0,7.70289,13.478
KIC 7950775,kepler,eclipse,8.966610607,59618.5,4.01883,13.478
KIC 7532973,kepler,transit,2.144632238,19836.9,6.2701,13.48
TIC 456042145,tess,false_positive,2.0474832,6790.0,3.159,13.4802
KIC 4571004,kepler,variable,21.131609,73.5,13.66,13.482
KIC 8804455,kepler,blend,2.392630668,101.5,1.3705,13.482
KIC 6046311,kepler,variable,0.957476003,450.7,0.6624,13.483
KIC 8845026,kepler,eclipse,66.46746217,12643.7,19.6638,13.483
TIC 234112540,tess,transit,4.0379012,15242.7058565,2.9331124,13.4831
TIC 165598669,tess,transit,3.3370666,31534.6212557,1.4698923,13.4832
TIC 330944099,tess,false_positive,3.6119975,11983.0,4.013,13.4836
KIC 6442340,kepler,transit,23.4433748,85.0,5.768,13.484
KIC 8330575,kepler,eclipse,0.957079167,48673.6,3.85011,13.484
KIC 3730335,kepler,blend,0.596087893,105.1,0.7159,13.484
KIC 4078693,kepler,eclipse,2.756536015,3590.8,1.5908,13.485
KIC 11235323,kepler,eclipse,19.668404822,352808.0,21.1764,13.486
KIC 10089911,kepler,transit,6.96704926,213.7,3.73,13.487
KIC 8323753,kepler,blend,6.71425632,283.5,3.339,13.488
KIC 3561464,kepler,transit,7.31945294,166.8,4.881,13.489
KIC 8240109,kepler,eclipse,2.30118753,87537.0,7.8216,13.489
KIC 9965439,kepler,transit,46.40626,469.1,7.0281,13.489
KIC 4478168,kepler,transit,14.58649856,378.7,4.0249,13.49
KIC 5991765,kepler,blend,9.25801294,88.1,2.854,13.49
KIC 6451125,kepler,blend,72.6549842,389.3,5.503,13.492
KIC 8559644,kepler,transit,224.7789355,3487.5,11.1899,13.492
KIC 6032920,kepler,variable,10.828825742,92.1,0.7275,13.492
KIC 8030148,kepler,transit,5.660669429,737.8,4.6483,13.494
TIC 80174172,tess,false_positive,1.1104301,4870.0,1.604,13.494
KIC 10905746,kepler,transit,9.8786461,1472.7,1.8915,13.496
KIC 11466960,kepler,blend,0.695954898,318.1,1.469,13.496
KIC 11918482,kepler,eclipse,0.94754848,11348.0,1.7347,13.497
KIC 10285631,kepler,transit,18.68405716,381.5,6.9329,13.497
TIC 374778982,tess,false_positive,2.3882776,12572.0,3.102,13.4977
TIC 106224626,tess,false_positive,3.3418892,24860.0,2.084,13.4979
KIC 10713616,kepler,transit,83.5781976,630.8,7.2487,13.498
KIC 3337438,kepler,blend,2.97606298,72.2,4.124,13.498
KIC 7020168,kepler,variable,203.8406,227.4,9.33,13.499
KIC 10593759,kepler,eclipse,3.132604547,9969.2,3.6337,13.499
KIC 9009036,kepler,transit,6.76289308,50.9,6.204,13.499
KIC 5120087,kepler,transit,17.97979816,459.1,5.5828,13.5
KIC 8397675,kepler,eclipse,0.553261874,1038.1,0.8875,13.501
KIC 4839180,kepler,eclipse,4.426344495,276139.0,5.84235,13.501
TIC 95057860,tess,transit,3.5809733,36850.0,2.18,13.5011
KIC 12691412,kepler,blend,6.90522317,420.3,3.533,13.502
KIC 2582800,kepler,variable,615.16033,267.1,3.958,13.503
KIC 11558217,kepler,variable,362.85801,151.6,17.03,13.503
KIC 9899410,kepler,blend,1.332545609,278.2,3.997,13.504
TIC 8348911,tess,transit,2.326343,4153.6144436,1.2195051,13.5042
KIC 10342097,kepler,blend,0.933735579,351.4,3.892,13.505
KIC 4483235,kepler,variable,1.7609276,57.3,5.189,13.505
KIC 4545926,kepler,blend,2.4826619,37.0,2.115,13.505
KIC 8517433,kepler,variable,0.652956712,50.0,0.627,13.506
KIC 6425957,kepler,transit,20.30652862,715.4,2.8014,13.506
KIC 6343576,kepler,blend,6.39903778,186.6,3.15,13.507
KIC 6362874,kepler,transit,0.974868896,197.6,1.6191,13.507
KIC 5530881,kepler,eclipse,5.082523739,276277.0,5.04732,13.508
TIC 153197346,tess,false_positive,2.642447,4700.0,4.373,13.509
KIC 6265665,kepler,transit,44.2018402,235.6,4.949,13.509
KIC 11922678,kepler,blend,3.51295674,83.1,3.06,13.51
KIC 11616200,kepler,eclipse,1.718649321,190567.0,3.94095,13.51
TIC 273234825,tess,transit,125.8659048,11477.528288,9.1490581,13.5102
KIC 9079915,kepler,blend,0.812678859,39.3,0.841,13.513
TIC 30499203,tess,false_positive,2.4330551,15280.0,1.882,13.5137
KIC 2711131,kepler,blend,2.85889907,55.7,1.465,13.514
KIC 8492101,kepler,blend,4.05943749,105.4,3.245,13.514
KIC 7701809,kepler,variable,30.2111162,92.6,4.202,13.514
KIC 10971944,kepler,variable,496.17566,293.0,11.63,13.515
TIC 275562670,tess,false_positive,1.5810556,33340.0,2.437,13.5159
KIC 7097965,kepler,transit,7.72085047,267.0,1.8264,13.516
KIC 8377197,kepler,blend,1.215181097,39.7,1.295,13.516
KIC 2708203,kepler,blend,1.89125855,67.9,5.415,13.517
KIC 5477805,kepler,blend,5.00673576,191.2,1.9398,13.518
TIC 126357909,tess,false_positive,1.2247985,7640.0,1.645,13.5184
KIC 7281668,kepler,blend,0.566798545,36.9,5.224,13.519
TIC 304130406,tess,transit,3.2464257,8430.0,2.082,13.5215
KIC 5195172,kepler,transit,1.480283464,60.5,2.486,13.522
KIC 5716932,kepler,transit,56.4931698,411.9,8.704,13.524
KIC 5716508,kepler,variable,4.75307877,933.0,2.35,13.524
KIC 11100383,kepler,transit,12.92489803,959.0,2.6811,13.524
TIC 310267134,tess,false_positive,0.5438807,3390.0,0.78,13.5252
KIC 3428359,kepler,variable,77.66967809,,3.01,13.528
KIC 5095269,kepler,eclipse,18.611957253,124833.0,4.24721,13.528
TIC 155995204,tess,false_positive,9.30734,42774.4,4.683,13.5281
TIC 387690507,tess,transit,6.3875739,23994.2960408,2.5660579,13.5287
KIC 9665922,kepler,blend,1.545388842,52.8,3.037,13.529
KIC 11357192,kepler,eclipse,186.5168116,5752.4,3.1968,13.529
KIC 6699562,kepler,eclipse,46.270524872,66244.1,8.93033,13.529
TIC 234282389,tess,false_positive,0.7320175,4520.0,2.577,13.5294
TIC 108939482,tess,false_positive,1.1870337,8164.5762553,2.7329029,13.5295
KIC 8277797,kepler,transit,4.33722007,358.5,2.4973,13.53
TIC 271971130,tess,transit,19.2879579,4773.5508832,2.1841643,13.5308
KIC 6197038,kepler,eclipse,9.751720174,332900.0,16.1937,13.531
KIC 6363560,kepler,blend,0.907818056,29.5,1.679,13.532
KIC 6267535,kepler,transit,6.07972016,290.8,7.1228,13.532
KIC 12356746,kepler,eclipse,0.502454299,37454.3,2.31547,13.532
KIC 12071006,kepler,eclipse,6.096030635,901661.0,18.4531,13.533
KIC 11044826,kepler,variable,260.54832,161.6,15.52,13.533
KIC 9662811,kepler,transit,43.0343364,541.6,6.571,13.534
KIC 8435232,kepler,eclipse,49.5740154,8772.9,63.196,13.534
KIC 6851425,kepler,transit,11.1199028,636.3,3.3759,13.536
KIC 5961350,kepler,eclipse,5.262652179,22650.6,2.85554,13.537
TIC 48276576,tess,false_positive,0.8334976,3841.4834968,1.452144,13.5379
KIC 8559152,kepler,transit,12.4128518,108.1,4.298,13.539
KIC 5791705,kepler,variable,614.39054,289.1,9.312,13.541
KIC 8429014,kepler,blend,9.72869627,252.2,5.628,13.542
KIC 10139390,kepler,variable,358.56462,170.2,11.64,13.542
KIC 3964109,kepler,transit,21.41624083,314.5,7.081,13.542
KIC 9543302,kepler,blend,13.0366377,154.6,3.184,13.543
KIC 2853889,kepler,blend,24.1876477,194.8,2.654,13.544
KIC 6967278,kepler,eclipse,395.07333,645.1,7.844,13.544
KIC 8977176,kepler,variable,0.50948306,74.6,3.14,13.545
KIC 5473556,kepler,variable,11.258825027,196280.0,8.9592,13.545
KIC 2306740,kepler,eclipse,10.306982793,341790.0,11.4277,13.545
TIC 32499655,tess,transit,2.7439029,13852.3979585,1.503168,13.5452
KIC 3955867,kepler,eclipse,33.65766894,15379.5,40.787,13.547
KIC 7470491,kepler,blend,0.902222843,29.7,2.0516,13.547
TIC 251878904,tess,false_positive,1.7025848,7466.6719822,1.848351,13.5477
KIC 11358392,kepler,eclipse,0.984971822,6683.5,1.64247,13.548
KIC 8644288,kepler,transit,3.504691252,315.1,1.9811,13.549
KIC 9850387,kepler,eclipse,1.374249107,136655.0,5.3181,13.549
KIC 5531694,kepler,transit,5.16949729,210.6,4.5122,13.55
KIC 2445134,kepler,eclipse,8.412008943,136113.0,5.41096,13.551
KIC 9632895,kepler,eclipse,27.32204488,77474.5,5.6716,13.552
KIC 10031409,kepler,eclipse,2.071939672,198766.0,4.45367,13.553
KIC 6066403,kepler,blend,1.303861044,598.2,4.0541,13.555
TIC 463681005,tess,false_positive,0.5465391,3122.1584293,1.6114979,13.5552
KIC 10259301,kepler,eclipse,244.83274973,40206.0,4.37001,13.556
KIC 7190639,kepler,variable,98.1020983,184.4,1.225,13.557
TIC 181804752,tess,transit,4.9899176,18931.4105812,1.3819654,13.5571
KIC 2570505,kepler,blend,1.89129338,33.8,5.677,13.558
KIC 2973509,kepler,variable,6.62761199,227141.0,6.15281,13.558
KIC 7967517,kepler,blend,0.579516759,27.0,1.342,13.559
KIC 3867593,kepler,eclipse,73.3377984,114900.0,9.029,13.559
KIC 11804952,kepler,variable,36.3192885,400.2,2.601,13.56
KIC 8560475,kepler,eclipse,7.41505161,937.0,2.061,13.56
KIC 5649325,kepler,blend,195.613824,1651.9,23.777,13.56
TIC 274762761,tess,false_positive,1.0332441,26111.5081972,3.8017836,13.5608
KIC 3836509,kepler,blend,1.540389045,485.7,1.8325,13.561
KIC 8953475,kepler,blend,2.6658312,40.8,5.771,13.562
KIC 2302548,kepler,transit,24.5709023,764.2,3.587,13.562
KIC 4736439,kepler,variable,194.896925,557.4,2.504,13.562
KIC 6922244,kepler,transit,3.522498429,9145.7,3.19843,13.563
KIC 10753734,kepler,eclipse,19.40669392,464521.0,5.27765,13.564
KIC 9087071,kepler,variable,209.238576,154.7,2.245,13.564
KIC 6041511,kepler,variable,0.97705114,20.1,2.33,13.566
KIC 11912987,kepler,blend,3.74786694,80.9,3.632,13.567
KIC 10018364,kepler,variable,105.6327297,,2.73,13.568
TIC 113295476,tess,false_positive,1.820443,7330.0,2.643,13.5689
KIC 12053823,kepler,variable,28.7850347,102.9,2.102,13.57
KIC 6707942,kepler,eclipse,9.014220178,34085.6,2.76441,13.57
TIC 282091493,tess,false_positive,3.3789946,11150.0,3.332,13.5709
KIC 9455526,kepler,variable,60.0546149,326.1,3.435,13.571
KIC 7694615,kepler,blend,0.631106722,49.2,0.9942,13.572
KIC 7455981,kepler,transit,14.4540329,79.7,7.183,13.572
KIC 5031882,kepler,variable,1.00960235,31.9,7.847,13.572
KIC 6065351,kepler,variable,14.1166583,449.3,9.12,13.572
KIC 12365000,kepler,eclipse,1.262742487,15911.0,1.7433,13.573
KIC 8081187,kepler,transit,37.3228722,307.5,7.2146,13.573
KIC 9904006,kepler,transit,55.1866213,375.5,9.133,13.573
KIC 8827575,kepler,transit,15.6112238,113.5,3.873,13.573
KIC 8685497,kepler,transit,4.4096675,132.7,2.1418,13.574
KIC 11724091,kepler,eclipse,1.559090282,226981.0,4.95211,13.575
KIC 2441495,kepler,transit,12.49340725,715.7,2.2614,13.575
KIC 9597058,kepler,transit,12.05705659,523.9,2.3462,13.576
KIC 3733628,kepler,transit,13.89963233,1121.7,3.5791,13.577
KIC 8494617,kepler,transit,22.9221181,140.3,8.2,13.578
KIC 6199056,kepler,eclipse,1.169010526,165.9,1.1717,13.579
KIC 6185711,kepler,blend,11.70219638,639.7,2.6658,13.579
KIC 11911561,kepler,eclipse,8.870415578,873.1,1.2864,13.579
KIC 8962094,kepler,transit,68.1609897,295.6,5.662,13.58
KIC 10154388,kepler,transit,12.06222962,300.2,2.0584,13.581
KIC 12505503,kepler,transit,3.4327371,63.2,4.001,13.583
KIC 8611832,kepler,transit,45.3486381,162.9,4.858,13.584
KIC 9086001,kepler,variable,256.52387,126.1,9.07,13.585
KIC 5288543,kepler,eclipse,3.457078812,315517.0,5.24058,13.585
KIC 11394027,kepler,transit,14.38682567,569.6,2.1417,13.586
KIC 2833632,kepler,variable,241.647602,361.7,1.742,13.586
KIC 9941550,kepler,variable,476.727302,1035.7,9.327,13.587
KIC 11135119,kepler,variable,383.937324,627.7,2.884,13.588
KIC 6608090,kepler,variable,438.81524,332.8,6.75,13.589
KIC 10190777,kepler,transit,1.411230023,388.2,1.4325,13.59
KIC 8652999,kepler,blend,15.160166,307.9,5.856,13.59
KIC 8409588,kepler,eclipse,1.360834768,1570.5,1.4886,13.591
KIC 6531801,kepler,variable,0.515875396,1773.0,1.21,13.591
KIC 4773155,kepler,eclipse,25.706001174,464960.0,10.969,13.592
KIC 4449034,kepler,eclipse,38.13853099,1230.2,3.8617,13.592
KIC 10140843,kepler,variable,367.19796,146.1,15.92,13.592
KIC 10659313,kepler,eclipse,15.249335907,34565.1,3.82224,13.593
KIC 5786676,kepler,transit,11.95474513,903.4,2.1433,13.594
KIC 5113822,kepler,transit,67.0930642,1254.2,7.334,13.595
TIC 319282294,tess,false_positive,1.1385671,6220.0,1.897,13.5964
KIC 5288577,kepler,blend,1.72853003,99.1,3.819,13.597
KIC 3541946,kepler,transit,1.311842968,245.1,1.7876,13.597
KIC 6037581,kepler,transit,9.59993246,271.2,4.3206,13.598
KIC 3102309,kepler,variable,4.20253859,31.5,5.389,13.598
KIC 3542588,kepler,blend,3.47143963,99.8,3.663,13.599
KIC 7375795,kepler,blend,19.30112039,232.3,6.0752,13.601
KIC 8950853,kepler,transit,37.8145252,412.5,9.109,13.601
KIC 7897936,kepler,variable,363.17077,384.6,28.26,13.603
KIC 4950341,kepler,variable,611.09299,270.0,15.22,13.604
KIC 5770074,kepler,transit,63.0380366,658.7,7.3702,13.605
TIC 37348844,tess,transit,0.7668221,27011.2228725,1.1630505,13.605
KIC 4476423,kepler,variable,33.8542586,253.3,12.689,13.605
TIC 169176556,tess,transit,8.0250116,3499.9191249,5.0411326,13.6051
KIC 9412623,kepler,transit,6.1082945,61.1,3.493,13.606
KIC 5120225,kepler,eclipse,1.041619932,1840.5,8.1218,13.606
KIC 11867608,kepler,variable,227.6258,131.0,9.47,13.607
KIC 7376982,kepler,blend,2.31610674,33.6,3.347,13.608
KIC 9904059,kepler,eclipse,102.9641952,1896.7,15.735,13.608
KIC 1724513,kepler,blend,1.975208831,76.3,1.513,13.609
KIC 9455322,kepler,variable,180.890384,205.3,1.901,13.61
KIC 9011825,kepler,transit,37.3331165,187.8,7.643,13.611
KIC 5700330,kepler,eclipse,53.220416998,72895.3,17.7344,13.613
KIC 5621294,kepler,eclipse,0.938905082,358893.0,5.00453,13.613
TIC 419411415,tess,transit,1.6306523,68050.0,1.202,13.6136
KIC 8013289,kepler,variable,10.643110689,316.3,88.1118,13.615
KIC 1865042,kepler,transit,3.4815917,135.2,1.8069,13.615
KIC 8845221,kepler,eclipse,5.40346248,261346.0,7.6494,13.615
KIC 6265792,kepler,transit,0.935115863,64.8,1.6172,13.615
KIC 8039925,kepler,variable,20.2594232,82.6,19.27,13.618
KIC 5096590,kepler,transit,29.6099055,120.1,7.433,13.619
KIC 1027438,kepler,variable,110.61576622,,5.0,13.62
KIC 6706287,kepler,eclipse,1.267693801,333641.0,3.57993,13.62
KIC 8218274,kepler,eclipse,1.187352427,20703.0,4.999,13.623
KIC 8374394,kepler,variable,185.103836,581.4,4.19,13.623
KIC 5021732,kepler,eclipse,15.039464523,66876.8,5.39796,13.623
KIC 10074466,kepler,transit,35.01190875,436.7,2.868,13.624
KIC 8257407,kepler,eclipse,89.698168533,273106.0,5.5418,13.624
KIC 4932691,kepler,eclipse,18.11208877,116633.0,6.7828,13.627
KIC 11771430,kepler,transit,40.0306267,214.5,4.815,13.628
KIC 6206214,kepler,transit,13.53953595,134.2,4.389,13.628
TIC 459762279,tess,transit,8.7960328,23090.0,2.48,13.6281
KIC 9701962,kepler,transit,27.4784659,83.2,7.5,13.63
KIC 9029486,kepler,eclipse,3.138580493,233337.0,4.16343,13.63
KIC 7449844,kepler,eclipse,1.152216965,12072.0,2.2245,13.63
KIC 11126381,kepler,transit,33.7888028,649.2,5.496,13.631
TIC 419858461,tess,false_positive,2.5433707,55256.7333661,3.2214112,13.6313
KIC 10000941,kepler,transit,3.50472344,90.7,1.9464,13.632
KIC 8908102,kepler,eclipse,5.41460536,4080.1,33.787,13.633
KIC 6364247,kepler,blend,5.2443332,29.9,11.268,13.636
KIC 1297263,kepler,variable,153.521361,255.2,3.893,13.636
KIC 7663804,kepler,variable,321.00742,307.1,13.01,13.636
KIC 8229048,kepler,eclipse,2.739477089,32096.1,3.18229,13.636
KIC 3440230,kepler,eclipse,2.881100027,662832.0,9.43866,13.636
TIC 424196109,tess,transit,2.5432595,21300.0,1.12,13.6366
TIC 52689469,tess,transit,3.1413825,5433.0348726,4.4361226,13.6373
KIC 9240664,kepler,eclipse,10.78438513,233.6,1.408,13.638
TIC 273874849,tess,transit,1.4857148,21303.5958289,2.3275852,13.6414
KIC 5272233,kepler,transit,9.02436414,214.6,3.011,13.642
KIC 8444552,kepler,eclipse,0.589049151,61953.4,2.25397,13.643
KIC 4570931,kepler,blend,1.544927524,138.5,1.0134,13.643
KIC 7529266,kepler,transit,8.600153929,4510.2,9.0015,13.643
KIC 3831053,kepler,transit,6.14955931,333.7,5.5694,13.644
KIC 6628740,kepler,variable,0.532854237,50.9,3.231,13.644
TIC 361998994,tess,false_positive,1.84996,9350.0,2.954,13.6447
KIC 6448768,kepler,eclipse,16.486796364,48942.8,7.06797,13.645
KIC 9964801,kepler,transit,13.72462702,281.8,6.9758,13.645
KIC 7289162,kepler,blend,5.26648126,97.8,1.964,13.648
KIC 8088354,kepler,eclipse,2.897829967,163091.0,3.17788,13.648
KIC 8557374,kepler,transit,4.822969318,332.1,0.8752,13.648
KIC 6795089,kepler,variable,96.231257,938.0,2.488,13.648
KIC 10736223,kepler,eclipse,1.105094098,730498.0,4.38191,13.651
KIC 11121752,kepler,transit,3.93083997,101.4,2.932,13.652
KIC 11099109,kepler,variable,115.28415,415.1,11.39,13.652
TIC 201177276,tess,transit,5.4693888,32411.855989,1.8076781,13.6521
KIC 5796675,kepler,transit,16.080657264,3076.0,2.8701,13.653
KIC 9974142,kepler,variable,281.35877,278.5,7.74,13.654
KIC 9108085,kepler,blend,2.17489806,74.8,4.599,13.655
KIC 4679314,kepler,blend,3.84835742,84.2,10.18,13.656
KIC 7259298,kepler,transit,3.23941775,77.4,2.569,13.658
KIC 9630640,kepler,variable,3.661895766,35477.1,35.6374,13.658
KIC 5894825,kepler,variable,1.36293943,54.4,10.32,13.658
KIC 8244947,kepler,variable,223.52131732,,3.27,13.658
KIC 10026502,kepler,transit,101.952048,152.5,5.991,13.658
KIC 6677841,kepler,transit,35.7353616,778.8,8.491,13.659
KIC 10253547,kepler,transit,59.9809868,282.4,7.588,13.66
KIC 8784288,kepler,eclipse,1.827558898,314683.0,4.72808,13.661
TIC 178709444,tess,transit,3.4716808,30624.6434599,1.3816978,13.6615
KIC 8056651,kepler,blend,5.5834987,87.4,2.484,13.663
KIC 2857607,kepler,transit,41.8681996,150.7,5.783,13.664
KIC 8686373,kepler,transit,126.55719,366.4,8.079,13.666
KIC 6781535,kepler,eclipse,9.12208711,58790.4,4.62417,13.666
TIC 366576758,tess,transit,11.3909685,16337.7657792,3.8062467,13.6674
KIC 7286173,kepler,transit,56.4349933,580.0,4.7381,13.668
KIC 11200773,kepler,eclipse,2.489550708,29838.9,2.84685,13.669
TIC 158297421,tess,transit,3.9228016,31510.9004906,1.8736007,13.6699
KIC 6762188,kepler,eclipse,7.155547398,2568.8,4.5711,13.672
KIC 8583696,kepler,transit,50.28635977,1119.3,6.3212,13.672
KIC 3757590,kepler,eclipse,135.58607679,363134.0,5.54241,13.674
KIC 9032900,kepler,transit,67.5923754,4158.1,12.249,13.675
KIC 10068919,kepler,eclipse,43.56225858,51325.0,3.6873,13.676
KIC 6877673,kepler,eclipse,36.75892725,261730.0,15.5723,13.676
KIC 9142334,kepler,variable,502.658,216.0,19.51,13.676
KIC 4376629,kepler,blend,27.6775212,293.9,2.513,13.678
KIC 6116035,kepler,variable,449.57274,221.4,9.328,13.679
KIC 9637299,kepler,eclipse,1.882438182,344205.0,3.50695,13.68
KIC 12164634,kepler,eclipse,89.3313828,2177.6,11.919,13.68
KIC 5289857,kepler,blend,26.524553,174.5,2.359,13.681
KIC 8938628,kepler,eclipse,3.431126546,40248.0,2.7986,13.681
KIC 7377200,kepler,variable,471.65421,479.7,3.456,13.681
KIC 5271803,kepler,eclipse,0.5402463,1148.0,13.93,13.681
KIC 3851193,kepler,eclipse,1.341078755,112151.0,3.86492,13.682
KIC 4649305,kepler,eclipse,22.65117451,2250.0,3.6895,13.682
KIC 5598216,kepler,variable,373.8716,382.7,16.78,13.683
KIC 6880123,kepler,variable,323.972022,462.0,1.25,13.683
KIC 8878187,kepler,transit,3.032147946,488.6,3.8627,13.684
KIC 9009953,kepler,transit,234.240739,464.1,12.925,13.685
KIC 7033748,kepler,eclipse,2.19635512,266552.0,9.65516,13.685
KIC 10405546,kepler,blend,0.93373718,18.9,2.582,13.685
KIC 12012872,kepler,blend,14.395425,115.4,5.12,13.686
KIC 7211221,kepler,transit,5.62154315,172.3,2.4143,13.687
KIC 8480642,kepler,eclipse,31.59115876,1434.4,2.6431,13.687
KIC 9164788,kepler,variable,2.66811113,48.3,22.49,13.688
KIC 11572193,kepler,transit,10.6761592,151.0,4.594,13.688
KIC 4678919,kepler,blend,1.87885327,120.9,3.302,13.689
KIC 11409698,kepler,eclipse,10.26782676,247175.0,6.02685,13.691
TIC 264508014,tess,transit,3.3119026,7620.7493837,1.181072,13.692
KIC 9471268,kepler,transit,6.76690759,249.3,1.7062,13.693
KIC 8087812,kepler,transit,27.2106807,99.4,10.515,13.694
KIC 5709014,kepler,variable,287.46579664,,9.06,13.695
KIC 10616415,kepler,eclipse,1.120646438,322.5,1.7664,13.695
KIC 7366895,kepler,variable,289.86046,234.5,11.103,13.696
KIC 6690523,kepler,variable,148.666527,319.4,4.353,13.697
KIC 11968490,kepler,eclipse,0.539445498,25302.2,2.2821,13.698
KIC 4180280,kepler,transit,4.176254191,1360.1,3.6716,13.698
KIC 10094670,kepler,transit,22.06402,388.7,4.1,13.698
KIC 8352016,kepler,variable,40.0389613,109.4,1.711,13.699
KIC 11560397,kepler,blend,0.527673051,28.3,1.631,13.699
KIC 8193315,kepler,eclipse,2.62387291,232468.0,4.61248,13.7
KIC 7210749,kepler,blend,17.5859472,509.5,3.815,13.7
KIC 3348285,kepler,blend,0.803835923,52.6,1.397,13.7
TIC 432008938,tess,false_positive,9.653456,43088.5649,4.00937,13.7006
KIC 6345732,kepler,transit,7.44136102,79.7,4.554,13.701
KIC 2854914,kepler,transit,25.93406406,414.5,4.6142,13.703
KIC 9527334,kepler,transit,8.31377304,837.4,2.964,13.704
KIC 9266431,kepler,transit,18.39629744,680.2,2.7838,13.704
KIC 9207508,kepler,eclipse,2.015152464,561687.0,8.17997,13.705
KIC 5384802,kepler,eclipse,3.041547148,20690.7,3.22798,13.705
KIC 11145726,kepler,blend,0.619618218,50.3,1.2517,13.705
KIC 9181402,kepler,variable,223.31769215,,3.54,13.705
KIC 8142942,kepler,transit,5.756245244,623.6,1.071,13.708
TIC 161687211,tess,transit,1.2529966,31852.8076269,1.2067305,13.7088
KIC 6541920,kepler,transit,118.3786735,1083.3,9.5574,13.709
KIC 6766634,kepler,transit,321.2124365,2358.6,4.012,13.709
KIC 11090556,kepler,transit,4.13827684,63.8,3.449,13.71
KIC 6599975,kepler,transit,14.5565618,103.8,4.554,13.71
KIC 9762519,kepler,eclipse,7.51514595,117463.0,3.54486,13.711
KIC 6449291,kepler,blend,5.7768734,71.0,5.762,13.712
KIC 9177629,kepler,transit,5.60402307,224.9,1.0273,13.713
KIC 8773948,kepler,eclipse,33.46947449,164608.0,11.8874,13.714
KIC 4857213,kepler,transit,8.77425786,239.6,2.2245,13.714
KIC 7255910,kepler,variable,274.553579,218.3,5.95,13.715
KIC 11456839,kepler,variable,190.783023,1385.0,4.069,13.716
KIC 5374854,kepler,transit,23.7832097,256.5,7.939,13.716
KIC 6716545,kepler,transit,13.9093544,86.8,6.765,13.716
KIC 7831264,kepler,transit,5.968724048,510.6,3.651,13.717
KIC 6606653,kepler,eclipse,2.698021895,6721.2,23.192,13.717
KIC 6182849,kepler,eclipse,6.399107136,376769.0,5.21981,13.718
KIC 4862625,kepler,variable,225.66716,342.9,16.6,13.718
KIC 6707835,kepler,transit,22.24814617,613.7,4.1483,13.721
KIC 3124598,kepler,blend,7.07162308,123.0,2.587,13.722
KIC 7837302,kepler,eclipse,23.836808884,29684.7,6.02854,13.722
KIC 12021943,kepler,variable,6.0962602,30.4,10.4,13.723
KIC 7117126,kepler,blend,0.566717263,18.5,2.6079,13.724
KIC 9002278,kepler,transit,267.282521,471.9,7.788,13.725
KIC 10222603,kepler,variable,112.48226,195.7,1.923,13.725
KIC 8524346,kepler,blend,4.4697452,241.5,5.33,13.726
KIC 9912977,kepler,eclipse,0.9439372,279437.0,7.27446,13.726
KIC 9119405,kepler,variable,18.646323091,231000.0,8.853,13.729
KIC 3734501,kepler,variable,31.1911468,228.4,7.003,13.729
KIC 6206470,kepler,blend,1.80455062,39.7,2.166,13.73
KIC 7468295,kepler,variable,456.5734,397.5,5.465,13.731
KIC 10551346,kepler,variable,1.42796645,6012.3,12.8653,13.731
KIC 8821936,kepler,variable,371.51852,263.0,30.94,13.731
KIC 9673173,kepler,eclipse,21.294733865,123177.0,7.60143,13.731
KIC 8630840,kepler,variable,370.38642,186.2,23.94,13.732
KIC 5686974,kepler,blend,4.18224416,57.2,6.209,13.732
KIC 10657406,kepler,transit,1.682934607,142.7,1.8846,13.733
KIC 8747009,kepler,blend,410.11676,216.9,13.97,13.736
KIC 10268809,kepler,eclipse,24.70932686,29265.0,5.0698,13.737
KIC 10925104,kepler,transit,8.041347775,591.0,2.6332,13.738
KIC 8044608,kepler,eclipse,106.17593813,164738.0,10.4168,13.742
KIC 6279974,kepler,eclipse,0.805259257,1384.3,1.42246,13.742
TIC 204317710,tess,transit,2.8126485,13994.0625365,2.8737522,13.7426
KIC 6233573,kepler,blend,0.587470828,193.8,2.4382,13.744
KIC 8509346,kepler,eclipse,6.099032889,55374.3,4.82208,13.745
KIC 5807579,kepler,eclipse,17.844323157,222364.0,5.07999,13.745
KIC 6035124,kepler,transit,3.85690686,127.8,2.0808,13.746
KIC 9364609,kepler,transit,14.97436238,265.4,2.4461,13.747
KIC 11125797,kepler,transit,12.25384348,147.7,2.373,13.747
KIC 11297236,kepler,transit,88.6440015,625.5,7.82,13.748
KIC 6545018,kepler,eclipse,1.995728294,251876.0,6.43532,13.748
KIC 5894073,kepler,blend,10.5856758,178.7,4.911,13.748
KIC 7040629,kepler,transit,7.46662068,120.9,3.87,13.749
KIC 8628758,kepler,transit,14.37457572,335.8,4.7892,13.749
KIC 9963524,kepler,transit,10.04157214,1114.0,2.6577,13.749
KIC 6680911,kepler,variable,207.471349,229.2,7.469,13.749
KIC 7767162,kepler,transit,3.30040818,98.8,4.462,13.749
KIC 8692861,kepler,transit,13.7223682,571.1,5.1231,13.749
KIC 5393558,kepler,eclipse,10.217121652,205223.0,4.35647,13.752
KIC 7755741,kepler,variable,0.874236216,58.4,2.352,13.752
KIC 10555375,kepler,blend,5.80181368,269.6,4.119,13.752
KIC 10252275,kepler,transit,5.65245733,121.0,2.062,13.752
KIC 11073238,kepler,variable,452.40428,216.7,17.2,13.752
KIC 10815916,kepler,blend,1.68207624,54.7,1.519,13.753
KIC 11360571,kepler,transit,77.2550726,589.5,10.214,13.754
KIC 2304320,kepler,transit,16.54081386,370.0,2.5996,13.755
KIC 6063448,kepler,eclipse,76.01811375,80671.0,13.4849,13.755
KIC 3343866,kepler,blend,0.555973803,75.3,1.271,13.755
KIC 5113809,kepler,variable,1.547426532,532.9,16.1346,13.755
KIC 10920813,kepler,variable,53.7406575,116722.0,47.2475,13.756
KIC 8095441,kepler,transit,11.87457664,220.7,1.9797,13.756
KIC 4144238,kepler,blend,22.9138322,340.3,4.855,13.757
KIC 11547505,kepler,transit,0.938466959,217.4,1.3015,13.757
KIC 5000179,kepler,variable,3.6329347,,2.3,13.758
KIC 11359879,kepler,transit,4.942783419,11144.7,3.25346,13.758
TIC 48451130,tess,transit,30.3599812,19347.5990647,6.0823745,13.7589
TIC 237158650,tess,transit,4.1470144,2122.5107053,2.7715875,13.7592
KIC 5602409,kepler,variable,136.830243,464.3,2.956,13.762
KIC 10587105,kepler,transit,35.8656484,250.9,8.035,13.763
KIC 5802470,kepler,eclipse,3.79187443,230736.0,3.5521,13.764
KIC 9884104,kepler,transit,22.71443351,575.1,6.0875,13.764
KIC 2831055,kepler,transit,2.20923119,59.8,2.392,13.764
KIC 9426071,kepler,eclipse,28.714216138,43701.9,6.0624,13.765
KIC 8361905,kepler,transit,15.87360981,415.6,3.5246,13.766
KIC 9455325,kepler,transit,9.76785911,585.4,2.1649,13.766
KIC 9183378,kepler,transit,3.38557445,121.9,1.879,13.767
KIC 4376644,kepler,eclipse,27.677680103,11545.0,2.1704,13.767
KIC 7362534,kepler,blend,0.566789763,25.4,4.008,13.767
KIC 7466863,kepler,blend,11.9710626,421.8,2.7607,13.768
TIC 74197917,tess,false_positive,1.5040804,6130.0,2.955,13.7682
KIC 8868364,kepler,eclipse,421.42848194,96654.3,8.60447,13.769
KIC 10905239,kepler,transit,3.487688776,1298.8,3.83661,13.77
KIC 11521793,kepler,transit,27.08239734,423.2,5.0119,13.77
TIC 443616612,tess,transit,3.4712803,4280.3883109,2.4382015,13.7701
TIC 243333538,tess,false_positive,2.9985667,28040.9068572,3.025166,13.7703
KIC 10579570,kepler,variable,216.10910854,,3.95,13.771
KIC 5098444,kepler,eclipse,26.94927489,19963.9,10.6977,13.771
KIC 7626506,kepler,transit,8.408878137,798.9,3.4967,13.771
KIC 5437945,kepler,transit,440.7843755,2579.0,21.693,13.771
TIC 335590096,tess,transit,1.5229985,58060.0,1.196,13.7726
KIC 5709906,kepler,blend,3.39155966,28.4,3.87,13.773
KIC 4076952,kepler,eclipse,9.761172507,205866.0,11.4007,13.773
KIC 7838639,kepler,eclipse,2.113197701,57315.5,3.46341,13.774
KIC 8812360,kepler,variable,77.395279,437.0,5.26,13.774
KIC 7033671,kepler,transit,9.48965527,262.2,3.587,13.774
KIC 8234477,kepler,eclipse,4.028671454,113967.0,8.12253,13.775
KIC 10198109,kepler,eclipse,17.918743061,118355.0,4.36387,13.776
KIC 11294883,kepler,variable,427.65334,157.1,11.17,13.776
KIC 3342794,kepler,transit,14.17222858,246.8,2.6297,13.776
KIC 3241557,kepler,blend,1.703359172,57.6,1.914,13.778
KIC 10810838,kepler,transit,56.35407916,1037.0,3.4449,13.779
KIC 11449844,kepler,transit,38.47876629,23530.0,5.04169,13.779
KIC 7841368,kepler,blend,25.3710555,78.6,3.739,13.78
TIC 119262291,tess,transit,4.1747143,14026.6940585,3.8092867,13.7805
KIC 4636578,kepler,transit,11.1895709,143.3,5.3,13.781
KIC 7277317,kepler,transit,16.33888067,1718.4,9.3599,13.781
KIC 6803855,kepler,transit,71.4523167,216.9,6.276,13.781
KIC 8618226,kepler,eclipse,5.882036054,238518.0,5.16326,13.781
TIC 281541545,tess,transit,4.1470359,12886.987991,2.3197694,13.7813
KIC 6516529,kepler,variable,379.42818,403.9,11.24,13.782
KIC 7804128,kepler,variable,200.35091012,,3.78,13.782
TIC 62301521,tess,false_positive,18.4043334,9135.2110162,7.879331,13.7827
KIC 6124941,kepler,blend,5.670155713,536.7,0.9361,13.783
KIC 11651712,kepler,transit,14.53260546,328.9,2.4212,13.785
KIC 3233043,kepler,eclipse,0.379463865,1973.3,0.86896,13.787
KIC 9536048,kepler,blend,3.71186243,53.9,1.032,13.787
KIC 9711751,kepler,eclipse,0.855763492,131660.0,3.64361,13.788
KIC 9300285,kepler,blend,1.012672041,1197.6,3.0512,13.788
KIC 10958972,kepler,variable,331.78248134,,4.94,13.789
KIC 6198256,kepler,variable,3.54828691,70.9,3.281,13.79
KIC 9466429,kepler,transit,44.616751,239.7,7.831,13.791
KIC 10535897,kepler,blend,0.93372008,17.0,2.591,13.793
KIC 9959765,kepler,blend,1.33250451,27.4,4.143,13.793
KIC 8892910,kepler,eclipse,10.810132734,6165.2,4.4618,13.794
KIC 7919653,kepler,eclipse,2.105238039,94675.0,5.23595,13.796
KIC 10055126,kepler,transit,19.7383992,168.1,4.894,13.797
KIC 7778437,kepler,transit,5.014234733,6536.0,4.589,13.797
KIC 8736245,kepler,eclipse,2.534740757,364349.0,4.85013,13.798
KIC 9226339,kepler,blend,21.4618453,122.2,5.675,13.798
TIC 366622912,tess,transit,3.1148931,25980.7010915,2.3721346,13.7988
KIC 6605493,kepler,transit,9.30991834,114.5,3.455,13.799
KIC 3439096,kepler,blend,2.97601892,306.1,5.5,13.799
TIC 90504905,tess,false_positive,2.2645386,15019.9420903,3.8193701,13.7991
KIC 11769890,kepler,transit,122.8799543,717.7,7.835,13.8
KIC 7900695,kepler,variable,512.11636,315.4,9.557,13.8
KIC 11253711,kepler,transit,1.226223959,56.1,2.1689,13.8
KIC 10714072,kepler,transit,8.40693068,167.1,1.866,13.801
KIC 10971674,kepler,eclipse,2.380862632,32634.0,4.20416,13.802
KIC 9118858,kepler,variable,392.89275632,,4.93,13.802
TIC 360156606,tess,transit,27.3613778,20690.6684294,4.0586418,13.802
KIC 3323887,kepler,transit,38.90787517,6159.1,4.5271,13.803
KIC 5468555,kepler,variable,539.214259,300.6,3.464,13.803
KIC 6289459,kepler,variable,39.5931053,156.6,2.306,13.804
KIC 11442793,kepler,transit,91.9401253,482.9,9.195,13.804
TIC 158170594,tess,transit,1.7208555,10014.2587401,1.8346409,13.8046
KIC 6631721,kepler,blend,13.73808249,660.7,3.354,13.805
KIC 9639021,kepler,blend,2.21568076,43.6,1.515,13.805
KIC 9655129,kepler,eclipse,2.743978797,39994.0,6.442,13.805
KIC 9852050,kepler,variable,0.94242156,,1.89,13.806
KIC 5130563,kepler,blend,0.915782856,301.0,2.24,13.806
KIC 2141783,kepler,eclipse,116.5214317,771.5,5.577,13.806
KIC 11624249,kepler,transit,1.82708193,1164.7,1.96401,13.807
KIC 5881120,kepler,transit,4.85018974,64.5,5.676,13.809
TIC 302895996,tess,false_positive,0.567995,5208.552517,1.408867,13.8097
KIC 8293631,kepler,variable,449.557346,1193.1,17.227,13.81
KIC 5731312,kepler,eclipse,7.946367138,278086.0,2.58667,13.811
TIC 26054627,tess,transit,3.3176675,25010.0,1.796,13.8117
KIC 3858943,kepler,blend,25.9528725,164.1,12.434,13.812
KIC 6421188,kepler,eclipse,16.434352831,45699.5,5.15682,13.814
TIC 63452790,tess,transit,2.6843081,18209.9206621,2.7683352,13.814
KIC 2708172,kepler,blend,1.89114441,49.9,8.724,13.814
KIC 3851194,kepler,blend,0.918510251,52.6,2.587,13.815
KIC 8891278,kepler,eclipse,12.718711489,8378.9,2.48998,13.816
KIC 7207081,kepler,variable,239.25578975,,5.21,13.816
KIC 9873759,kepler,blend,4.99473798,99.5,3.05,13.819
KIC 7174617,kepler,eclipse,1.608363345,96134.0,2.1988,13.819
KIC 5308666,kepler,blend,0.784513087,316.6,1.9206,13.819
KIC 4826439,kepler,eclipse,1.237147407,435364.0,7.06623,13.82
TIC 96847781,tess,transit,3.5841,7727.5058354,2.689763,13.8205
KIC 5534702,kepler,variable,1.025465924,152685.0,3.71841,13.821
KIC 2305372,kepler,eclipse,1.40469182,702439.0,6.26327,13.821
TIC 405010127,tess,transit,13.2341261,18389.5092472,2.3705157,13.8215
KIC 9344623,kepler,eclipse,14.759477667,357470.0,9.7746,13.822
KIC 11649292,kepler,variable,384.558321,1330.0,4.76,13.822
KIC 7447200,kepler,transit,7.972510087,3139.0,2.9754,13.822
KIC 12110786,kepler,blend,1.112207126,54.7,1.35,13.823
TIC 44737596,tess,transit,2.788654,26339.9057953,1.8900186,13.8231
KIC 9164003,kepler,variable,149.356804,171.6,15.415,13.825
KIC 6752502,kepler,blend,4.305219002,9738.6,2.6845,13.826
KIC 6464285,kepler,eclipse,0.843651274,305452.0,2.80468,13.826
KIC 4458082,kepler,transit,8.93484887,135.9,2.579,13.827
KIC 6368175,kepler,transit,31.8245304,79.0,4.17,13.827
TIC 18885659,tess,transit,2.8890956,36105.0,2.232,13.8273
KIC 4644952,kepler,transit,31.7821117,570.2,3.856,13.828
KIC 9221517,kepler,transit,0.769854899,109.6,1.0243,13.829
KIC 11071207,kepler,variable,8.04963472,279647.0,6.00488,13.831
KIC 9334893,kepler,transit,31.8055128,141.7,3.979,13.831
KIC 8111919,kepler,blend,1.664980224,230.8,1.7455,13.831
KIC 6342980,kepler,variable,273.169948,283.3,2.701,13.831
KIC 10854768,kepler,transit,10.1171684,288.7,4.6677,13.832
KIC 9163674,kepler,eclipse,0.773144492,215961.0,4.05643,13.833
KIC 8123170,kepler,variable,1.03905082,43.8,3.035,13.835
KIC 12367310,kepler,eclipse,8.627475562,36784.3,4.65505,13.835
KIC 11752632,kepler,transit,0.984941669,81.4,1.9724,13.835
KIC 4246343,kepler,variable,139.54219147,,3.42,13.836
KIC 8415200,kepler,transit,4.52158614,106.2,3.4702,13.836
KIC 8107380,kepler,transit,14.00640392,716.4,4.6919,13.837
TIC 142938659,tess,false_positive,1.0049552,8600.0,0.92,13.8371
KIC 8183911,kepler,blend,8.30697421,158.7,2.76,13.838
KIC 6105462,kepler,transit,89.7224125,263.7,10.963,13.838
KIC 3656121,kepler,transit,76.7324556,685.7,6.243,13.838
KIC 8229361,kepler,variable,370.46262,347.9,9.541,13.84
KIC 8314801,kepler,eclipse,37.183276326,221205.0,14.0996,13.84
TIC 2760710,tess,false_positive,,30400.0,1.51,13.8409
KIC 7385509,kepler,blend,1.655467295,1059.4,3.2424,13.841
KIC 9656397,kepler,eclipse,204.74104758,333804.0,20.5357,13.841
KIC 11402995,kepler,transit,10.06083238,460.2,4.5718,13.844
KIC 10548411,kepler,variable,107.11003503,,2.12,13.845
KIC 6428942,kepler,variable,534.86668,565.0,8.19,13.845
KIC 11038580,kepler,variable,419.4596,131.8,13.53,13.846
KIC 11913052,kepler,blend,3.74785307,145.9,3.444,13.846
KIC 11560897,kepler,transit,110.978266,150.2,11.312,13.848
KIC 10397751,kepler,transit,3.4462125,83.5,2.101,13.851
KIC 8442463,kepler,variable,361.30991,275.6,12.968,13.851
KIC 9838468,kepler,transit,54.4099612,193.0,9.314,13.852
KIC 4946680,kepler,eclipse,8.665259912,1840.6,3.1088,13.852
TIC 278892590,tess,transit,1.5109447,10693.4881603,0.6401499,13.8529
KIC 8308639,kepler,variable,457.513348,562.5,5.763,13.853
KIC 7826659,kepler,transit,211.032819,1953.4,7.119,13.855
KIC 6143819,kepler,variable,28.1117095,119.4,1.689,13.855
KIC 9991621,kepler,blend,18.9257333,188.5,6.149,13.857
KIC 9307966,kepler,blend,3.37487541,53.8,3.085,13.858
KIC 2987433,kepler,eclipse,420.92920358,86013.1,17.3985,13.858
KIC 10722485,kepler,transit,7.84931877,68.2,3.747,13.858
KIC 4445630,kepler,eclipse,5.627911313,434329.0,7.08223,13.858
KIC 9837720,kepler,variable,353.04037,239.6,14.102,13.859
KIC 8548427,kepler,variable,168.84663,215.1,9.75,13.859
KIC 3661886,kepler,transit,12.50945798,155.3,3.479,13.86
KIC 8381693,kepler,variable,21.5702917,148.7,40.4,13.86
KIC 6721380,kepler,blend,6.44173995,107.7,1.635,13.861
KIC 7695093,kepler,eclipse,4.032762189,119350.0,4.14212,13.861
KIC 8165946,kepler,transit,6.42199919,161.6,2.6192,13.862
KIC 3859890,kepler,blend,4.34573349,73.5,2.246,13.864
KIC 3548044,kepler,transit,34.7630543,293.7,4.309,13.865
KIC 6048255,kepler,eclipse,0.57627248,,1.75,13.865
KIC 10989032,kepler,variable,2.305097141,5880.0,1.9378,13.866
KIC 10845188,kepler,eclipse,249.36211832,35830.4,8.3559,13.867
KIC 6069674,kepler,variable,495.71095,443.1,4.514,13.867
KIC 9368524,kepler,variable,229.86928,1659.0,12.91,13.868
KIC 7552701,kepler,blend,1.324247867,83.3,1.4759,13.869
KIC 6887321,kepler,blend,1.65746034,22.9,4.572,13.869
KIC 4990977,kepler,eclipse,2.649026189,52172.0,2.4698,13.87
KIC 6388770,kepler,eclipse,21.3419702,,10.73,13.87
KIC 4841374,kepler,transit,161.4746786,828.2,10.572,13.871
KIC 4908495,kepler,eclipse,1.560158562,240156.0,3.4248,13.871
KIC 8260269,kepler,blend,6.70995253,86.0,2.297,13.872
KIC 6020753,kepler,transit,16.28247625,792.6,2.9227,13.872
KIC 10535807,kepler,eclipse,1.481655821,59134.0,3.4913,13.873
KIC 7189825,kepler,variable,574.69029,276.8,4.269,13.873
KIC 9883606,kepler,transit,4.34195312,73.3,2.598,13.874
KIC 9540675,kepler,blend,3.55643514,45.8,8.529,13.874
KIC 8445775,kepler,eclipse,13.254134073,44979.8,4.34991,13.876
KIC 5962716,kepler,eclipse,1.804591904,137295.0,3.85009,13.877
KIC 12013615,kepler,eclipse,8.202869679,345937.0,7.29811,13.878
TIC 234825296,tess,transit,9.2432303,10879.9770333,2.4045872,13.8786
KIC 8036863,kepler,variable,476.80454,143.6,10.65,13.879
KIC 9945280,kepler,eclipse,0.651731691,20524.2,2.4602,13.879
KIC 3542928,kepler,variable,484.172005,518.2,4.566,13.881
KIC 9851845,kepler,blend,1.08195208,33.6,4.807,13.881
KIC 10965963,kepler,eclipse,6.64024496,224329.0,6.03491,13.881
KIC 11924426,kepler,eclipse,64.713168094,312970.0,5.69869,13.882
KIC 11188249,kepler,blend,2.75505467,85.5,3.426,13.883
KIC 12017140,kepler,eclipse,22.845241036,45676.5,5.3007,13.883
KIC 9872283,kepler,transit,3.126861192,794.6,1.1926,13.884
KIC 10220837,kepler,transit,1.962282625,68.3,1.45,13.885
KIC 7769072,kepler,eclipse,0.60886299,2019.5,1.27896,13.886
KIC 4386059,kepler,blend,2.90060781,124.8,2.563,13.887
KIC 9180566,kepler,variable,51.31346091,,3.94,13.888
KIC 12554051,kepler,variable,365.709623,1033.4,13.553,13.888
KIC 11868122,kepler,variable,384.92275,184.8,9.98,13.889
KIC 8081899,kepler,transit,4.16056658,75.8,2.61,13.889
KIC 4165960,kepler,blend,6.77449545,481.9,2.5416,13.889
KIC 6583107,kepler,variable,30.6261927,162.6,1.107,13.891
KIC 12555140,kepler,variable,655.25732,268.2,20.05,13.892
KIC 10470206,kepler,blend,46.56675437,801.1,7.831,13.893
KIC 5610698,kepler,eclipse,4.132521615,156249.0,12.4949,13.894
KIC 5823557,kepler,blend,2.4044122,42.7,4.575,13.894
KIC 5375194,kepler,transit,13.52252364,690.6,3.987,13.895
KIC 8695779,kepler,eclipse,10.238939876,3153.1,3.4851,13.897
KIC 7133294,kepler,transit,13.6471211,75.0,8.331,13.897
KIC 11967004,kepler,eclipse,1.941635737,69814.1,2.46683,13.898
TIC 23863106,tess,false_positive,3.3078803,32920.0,1.508,13.8994
TIC 176772671,tess,false_positive,1.3326579,37285.6090775,1.5960595,13.8995
KIC 9834719,kepler,eclipse,1.621668852,7662.0,1.7517,13.9
KIC 3848919,kepler,eclipse,0.52363021,367102.0,3.45121,13.901
KIC 3098194,kepler,eclipse,30.476518853,326626.0,10.2264,13.901
KIC 8953296,kepler,eclipse,0.784294574,212526.0,4.18831,13.901
KIC 9873604,kepler,variable,522.33888,423.7,13.53,13.902
TIC 348755723,tess,false_positive,4.503645,12525.725237,1.973292,13.9036
TIC 142211778,tess,transit,3.052057,9403.0926011,3.4817792,13.9069
KIC 6292732,kepler,blend,1.25338826,44.7,3.828,13.907
KIC 4769931,kepler,blend,1.87886973,181.9,3.876,13.907
KIC 10417704,kepler,variable,3.0082548,,2.38,13.907
KIC 8410727,kepler,transit,11.47609015,182.3,5.046,13.908
KIC 6852488,kepler,eclipse,2.172042913,154381.0,8.0331,13.908
KIC 6347299,kepler,transit,14.40090414,379.6,4.1682,13.909
KIC 5796186,kepler,variable,320.18471858,,11.94,13.909
KIC 5621299,kepler,blend,0.93891532,39.1,2.134,13.91
KIC 8177798,kepler,eclipse,1.450205839,25883.7,3.6373,13.91
KIC 2708420,kepler,blend,1.89129881,82.0,5.294,13.911
KIC 5036530,kepler,variable,2.735152701,283.3,0.1046,13.911
KIC 6149980,kepler,variable,603.3102,517.9,8.025,13.911
KIC 11147460,kepler,eclipse,2.053866175,5021.3,4.8045,13.912
KIC 8823893,kepler,blend,1.50650036,45.4,2.762,13.912
KIC 9244508,kepler,transit,40.5289885,360.7,10.604,13.913
KIC 5445681,kepler,transit,20.3504704,101.8,7.225,13.914
KIC 12008872,kepler,transit,14.8877665,252.5,4.981,13.914
KIC 8394721,kepler,transit,27.40229859,747.5,6.8491,13.914
TIC 192826603,tess,transit,2.6473051,21367.8824901,1.211281,13.9143
KIC 4862332,kepler,blend,0.8903331,134.1,2.643,13.915
KIC 7531677,kepler,blend,2.622134451,128.2,4.735,13.915
TIC 137903329,tess,transit,7.3405675,11139.7005929,3.2557004,13.9154
KIC 10337517,kepler,transit,4.29263699,61.4,2.7,13.916
KIC 4252226,kepler,eclipse,21.858963291,117113.0,6.32492,13.916
KIC 8487777,kepler,variable,96.120478,285.4,1.125,13.917
TIC 271042217,tess,transit,1.8555745,10888.0377261,2.3121742,13.9174
KIC 10063044,kepler,eclipse,1.009671584,155117.0,4.37759,13.918
KIC 8652577,kepler,blend,358.818895,666.1,2.503,13.919
KIC 8984706,kepler,eclipse,10.135401047,256062.0,5.6831,13.92
KIC 4372961,kepler,eclipse,2.53470797,328.2,20.143,13.92
KIC 9304561,kepler,blend,1.219049953,53.5,1.477,13.92
KIC 7050754,kepler,eclipse,0.615787196,110.6,3.067,13.921
KIC 8012732,kepler,variable,431.51734,5332.7,16.42,13.922
KIC 9777200,kepler,blend,1.332580225,46.3,2.057,13.922
KIC 8458207,kepler,eclipse,3.530164642,69923.0,4.11466,13.924
KIC 3247294,kepler,eclipse,67.41958542,182171.0,7.645,13.924
KIC 1996180,kepler,transit,3.02558494,128.3,3.0008,13.925
KIC 6421937,kepler,eclipse,359.534371,5732.0,24.205,13.925
KIC 2309587,kepler,eclipse,1.838514245,118965.0,3.2601,13.925
KIC 8554701,kepler,transit,31.1748311,200.2,3.79,13.926
KIC 3003991,kepler,variable,110.1552727,,2.04,13.926
KIC 7884986,kepler,variable,412.227551,819.5,4.303,13.926
KIC 10399137,kepler,variable,385.593209,282.9,2.799,13.927
TIC 169556484,tess,transit,5.3338848,4807.5367749,7.4448687,13.9271
KIC 11361646,kepler,transit,1.88899036,59.0,3.486,13.928
KIC 4149684,kepler,eclipse,4.320850062,75927.4,4.26661,13.928
KIC 10005758,kepler,transit,284.063137,1628.1,8.297,13.929
KIC 10481054,kepler,blend,2.03742712,36.0,3.939,13.929
KIC 8912730,kepler,variable,11.3775281,1651.3,12.918,13.93
KIC 5956038,kepler,variable,256.846143,1706.0,6.289,13.93
KIC 5294739,kepler,eclipse,3.735993484,617987.0,17.4877,13.93
KIC 9995402,kepler,transit,3.57551429,92.8,2.364,13.93
KIC 9649706,kepler,transit,1.569066598,147.2,2.7803,13.93
KIC 4953173,kepler,variable,3.36379289,136.3,23.7,13.931
KIC 2442359,kepler,blend,0.552834211,145.7,1.2887,13.931
KIC 7517261,kepler,transit,23.2385587,161.2,8.432,13.932
KIC 11194032,kepler,transit,28.51117639,1844.6,4.5941,13.933
KIC 11874338,kepler,eclipse,15.9750417,643.5,3.549,13.933
KIC 6766748,kepler,eclipse,7.002865192,349695.0,5.90232,13.934
TIC 271749758,tess,transit,11.714447,12763.9935022,3.5131822,13.9354
KIC 10545066,kepler,transit,19.7830259,373.2,5.4898,13.936
KIC 9963461,kepler,eclipse,10.581581895,112642.0,6.66929,13.936
KIC 8025718,kepler,blend,371.18648,317.9,19.929,13.937
KIC 9641144,kepler,blend,1.089076495,43.7,2.274,13.938
KIC 9527915,kepler,transit,13.22175358,876.5,2.7884,13.938
KIC 8359498,kepler,transit,3.578780566,11382.2,2.91089,13.938
KIC 6463499,kepler,blend,94.446856,436.4,7.502,13.939
KIC 8802165,kepler,transit,17.42115972,928.1,4.9974,13.939
KIC 3851949,kepler,eclipse,54.77145968,7224.8,37.1871,13.939
KIC 7808587,kepler,transit,6.24145791,163.7,3.0998,13.939
KIC 5774375,kepler,eclipse,1.549979213,370546.0,7.5945,13.939
KIC 9578686,kepler,transit,21.3851584,663.9,4.0819,13.94
KIC 6762829,kepler,eclipse,18.795269797,28241.1,9.9816,13.941
KIC 5959719,kepler,transit,6.73808701,92.9,2.591,13.942
KIC 10809677,kepler,eclipse,3.521050679,4879.8,3.5323,13.942
KIC 4645492,kepler,variable,508.04103,371.7,5.398,13.942
KIC 3534118,kepler,eclipse,178.4129899,37510.0,2.9298,13.944
KIC 8711548,kepler,eclipse,18.778162159,488408.0,8.1018,13.944
KIC 10816107,kepler,eclipse,2.161583501,50163.0,4.0537,13.945
KIC 10547378,kepler,eclipse,35.164087,1528.9,86.05,13.945
KIC 4644604,kepler,transit,14.48584765,457.1,3.1365,13.946
KIC 9101279,kepler,eclipse,1.811461128,921671.0,8.42343,13.947
KIC 8178616,kepler,blend,1.01884975,30.9,3.233,13.948
KIC 8738735,kepler,transit,28.7796446,253.2,8.349,13.949
KIC 11043167,kepler,transit,44.9306706,438.4,6.539,13.949
KIC 4656049,kepler,transit,40.6992062,429.9,7.074,13.949
KIC 7764367,kepler,transit,3.173914037,303.0,3.6069,13.949
KIC 9872831,kepler,transit,5.49548533,85.8,2.461,13.95
KIC 8509361,kepler,blend,6.0990118,227.5,3.6112,13.951
KIC 5695524,kepler,transit,59.7711433,574.5,4.843,13.952
KIC 6547322,kepler,blend,1.49131759,25.8,4.721,13.953
KIC 10092312,kepler,eclipse,4.468456599,906.7,1.4195,13.954
KIC 2969638,kepler,variable,1.97362159,,3.29,13.954
KIC 3942670,kepler,transit,12.6119685,76.5,6.372,13.954
KIC 7959310,kepler,variable,350.514,213.5,19.53,13.954
KIC 9663113,kepler,transit,572.376632,1743.4,24.42,13.955
KIC 8479386,kepler,eclipse,5.860377067,361615.0,10.4634,13.955
KIC 10096697,kepler,variable,191.272501,286.5,3.064,13.955
KIC 8316503,kepler,eclipse,5.065329723,155614.0,4.90392,13.955
KIC 9541089,kepler,variable,0.536650896,273.2,4.702,13.956
KIC 7303287,kepler,transit,330.071558,616.7,4.295,13.956
KIC 6311520,kepler,eclipse,0.941840589,388.3,5.06,13.956
KIC 5009743,kepler,transit,41.6980186,440.8,5.7047,13.956
KIC 8494542,kepler,transit,10.86062378,189.6,2.2874,13.957
KIC 9291629,kepler,variable,20.686460198,136154.0,37.7424,13.957
KIC 6938264,kepler,blend,1.121634781,71.5,1.155,13.958
KIC 9818381,kepler,transit,3.024092505,7765.0,2.8021,13.958
KIC 6768394,kepler,transit,11.8984948,130.9,3.015,13.959
KIC 10616829,kepler,eclipse,1.072934147,96883.0,4.50475,13.96
KIC 8506766,kepler,eclipse,48.93786896,7240.1,6.5868,13.96
KIC 6220470,kepler,eclipse,8.144135648,87880.8,8.88876,13.96
KIC 8957954,kepler,eclipse,2.179924994,253149.0,4.87581,13.96
KIC 1724719,kepler,transit,5.79179934,118.5,3.474,13.96
KIC 3952651,kepler,blend,32.9045733,662.3,4.402,13.96
KIC 9366617,kepler,transit,26.5487294,142.0,7.968,13.961
KIC 4157488,kepler,eclipse,5.197420145,91307.3,6.78534,13.961
KIC 8418018,kepler,variable,372.94844,253.5,13.879,13.962
KIC 10419312,kepler,blend,2.493237866,259.2,2.644,13.962
TIC 1333933,tess,transit,3.2757945,11304.975042,2.391701,13.9636
KIC 10342065,kepler,blend,0.93374614,1717.5,6.551,13.964
KIC 8651389,kepler,transit,15.13590453,255.7,2.236,13.964
KIC 4662363,kepler,variable,321.24194284,,10.16,13.964
KIC 7336754,kepler,eclipse,12.155241119,85531.5,6.84353,13.964
KIC 8480285,kepler,transit,16.2254975,120.4,6.471,13.965
KIC 5126627,kepler,variable,1.0094779,,3.72,13.965
KIC 10593535,kepler,transit,20.9254083,109.0,6.783,13.966
TIC 470381900,tess,transit,2.5005291,12579.3504758,0.8809865,13.9664
KIC 9597345,kepler,transit,124.5245224,689.9,9.654,13.967
KIC 4155328,kepler,transit,127.8334997,1829.9,10.914,13.968
KIC 3766353,kepler,eclipse,2.666961614,7583.4,2.4774,13.968
KIC 7212722,kepler,eclipse,2.316171991,251484.0,4.03025,13.969
KIC 8572168,kepler,blend,1.662710314,85.9,1.83,13.97
KIC 7888957,kepler,variable,363.346158,896.0,4.911,13.971
KIC 8608544,kepler,variable,348.68162,309.3,10.959,13.971
KIC 8483021,kepler,variable,361.91436,228.2,8.68,13.971
KIC 10586208,kepler,transit,23.58444746,429.2,5.5545,13.971
KIC 5175024,kepler,transit,23.4772553,141.4,6.735,13.973
KIC 10130646,kepler,variable,390.40832,251.9,7.916,13.974
KIC 7026477,kepler,variable,366.31509,336.0,12.41,13.974
KIC 11769146,kepler,eclipse,282.9656538,467860.0,21.4259,13.974
KIC 3116412,kepler,transit,12.99204853,270.6,6.0175,13.974
TIC 250111245,tess,transit,2.9304371,50830.0,1.73,13.9766
KIC 10525049,kepler,transit,15.5714121,173.5,2.294,13.977
KIC 11457726,kepler,transit,6.22161107,165.0,3.4117,13.977
KIC 1161949,kepler,variable,473.95103,330.6,11.778,13.978
KIC 6471229,kepler,blend,1.75251585,125.9,3.489,13.978
KIC 4285107,kepler,blend,2.243016513,299.6,2.721,13.98
TIC 124778445,tess,transit,1.6751568,17781.0520005,2.2718194,13.9819
KIC 6783732,kepler,blend,0.721335207,31.8,1.509,13.982
KIC 2438513,kepler,blend,8.3606759,194.8,6.287,13.982
KIC 11513441,kepler,blend,85.5692223,539.2,4.954,13.982
KIC 6629588,kepler,eclipse,2.264471713,187430.0,7.1803,13.983
KIC 4144873,kepler,variable,68.538296,1087.0,3.627,13.983
KIC 9569866,kepler,eclipse,1.480324075,400007.0,3.20209,13.983
KIC 5941160,kepler,transit,10.22215697,238.2,1.1939,13.984
KIC 11147276,kepler,eclipse,1.566528935,92511.0,3.2593,13.984
KIC 9886661,kepler,transit,5.082748362,276.7,1.7732,13.984
KIC 10597164,kepler,blend,4.5638537,71.9,13.05,13.984
KIC 10483644,kepler,eclipse,5.110771787,50681.0,2.48392,13.985
KIC 5963591,kepler,variable,146.931518,257.0,23.78,13.986
KIC 9209624,kepler,transit,6.79164656,102.6,3.343,13.987
KIC 5339567,kepler,transit,4.86638504,143.8,2.296,13.987
KIC 9458613,kepler,transit,21.77568158,797.9,7.9588,13.988
KIC 4840263,kepler,eclipse,0.957823876,104692.0,3.7232,13.988
KIC 5887316,kepler,blend,0.603086711,1242.8,1.0869,13.989
KIC 8836224,kepler,variable,194.48732212,,3.6,13.989
KIC 6062088,kepler,transit,3.162692075,503.7,1.9529,13.989
KIC 10208759,kepler,eclipse,2.287515702,358575.0,10.0879,13.99
KIC 8081389,kepler,eclipse,1.489442254,417901.0,5.51392,13.99
KIC 10161534,kepler,variable,198.232389,416.4,1.919,13.991
KIC 5309353,kepler,eclipse,1.376384817,365.9,1.745,13.992
KIC 8161561,kepler,transit,3.275821982,274.9,3.0427,13.992
KIC 12647110,kepler,variable,462.463589,1024.3,5.007,13.993
KIC 3530668,kepler,eclipse,1.946198513,130722.0,4.0336,13.993
KIC 10208894,kepler,variable,183.836254,1046.2,13.088,13.993
KIC 5370944,kepler,variable,35.40103336,,1.75,13.994
KIC 9101496,kepler,transit,67.844689,211.2,11.757,13.996
KIC 9536836,kepler,variable,320.347208,262.8,7.159,13.996
KIC 6629332,kepler,eclipse,2.155278342,20739.0,2.1064,13.997
KIC 5632701,kepler,blend,3.67515329,56.0,7.083,13.997
KIC 6774826,kepler,blend,7.13895376,254.2,4.568,13.997
KIC 7115785,kepler,transit,16.08786246,612.5,3.095,13.998
KIC 9530945,kepler,transit,7.69363627,295.1,5.0324,13.998
KIC 5213005,kepler,variable,484.58335927,,3.2,13.999
KIC 5809890,kepler,transit,2.853133997,277.1,1.465,13.999
KIC 5128673,kepler,transit,87.9724227,866.7,14.638,14.0
KIC 3217264,kepler,transit,160.0191598,1552.8,5.472,14.001
KIC 8162376,kepler,blend,0.706430188,50.8,1.301,14.001
KIC 8589754,kepler,eclipse,8.939461148,357832.0,6.19136,14.002
KIC 5696518,kepler,variable,0.96391996,,3.01,14.002
KIC 4472143,kepler,variable,472.071079,252.6,5.759,14.002
KIC 3745690,kepler,transit,13.54057461,461.0,4.4673,14.002
KIC 8414216,kepler,blend,11.93137992,122.1,3.639,14.003
KIC 9291368,kepler,eclipse,3.796448299,522879.0,11.5917,14.005
KIC 6665695,kepler,transit,5.378868001,483.4,2.7222,14.005
KIC 7021534,kepler,blend,9.06557317,243.4,1.6208,14.005
KIC 9658192,kepler,blend,1.886002102,47.4,1.021,14.007
KIC 5953297,kepler,transit,5.62006198,190.1,2.751,14.009
KIC 8622875,kepler,blend,374.71687,1126.2,52.986,14.012
KIC 6849046,kepler,transit,4.225384543,7563.0,2.82038,14.014
TIC 275717567,tess,transit,4.1723,46257.0,1.684,14.0157
KIC 4274816,kepler,variable,14.3641542,89.2,2.629,14.016
KIC 10328393,kepler,transit,7.62635494,296.1,2.4168,14.017
KIC 7041972,kepler,variable,222.06409878,,2.89,14.017
KIC 2987027,kepler,transit,17.276296682,10458.0,3.94738,14.018
KIC 12600735,kepler,transit,21.30020491,659.8,4.0852,14.02
KIC 4647949,kepler,variable,45.41810604,,5.3,14.022
KIC 3239945,kepler,transit,21.803708,246.4,3.369,14.023
KIC 4586482,kepler,variable,623.005238,140332.0,23.5615,14.023
KIC 5347537,kepler,eclipse,345.1846728,29988.7,6.5468,14.023
KIC 6148271,kepler,blend,1.78526527,1733.1,6.2233,14.026
KIC 5003117,kepler,eclipse,37.60936976,27590.8,6.8615,14.026
KIC 10788461,kepler,transit,9.2075634,1243.1,3.365,14.026
KIC 7123614,kepler,variable,520.58269,348.0,2.264,14.027
KIC 4446411,kepler,blend,0.62927655,839.5,0.9698,14.027
KIC 4157325,kepler,transit,12.20951755,538.1,4.1808,14.028
KIC 10614845,kepler,variable,0.573762943,48.3,2.196,14.028
KIC 9412760,kepler,transit,9.38740646,384.6,1.6165,14.028
KIC 9159242,kepler,blend,3.04468229,71.4,5.951,14.028
KIC 5213902,kepler,blend,1.194812329,189.5,1.3777,14.029
KIC 9651234,kepler,transit,96.9151707,862.8,6.065,14.031
KIC 9205938,kepler,transit,199.66876,251.9,8.996,14.033
KIC 9053086,kepler,eclipse,1.274841686,50253.0,3.5903,14.034
KIC 3970233,kepler,eclipse,8.254912972,19242.4,6.8822,14.034
KIC 8015907,kepler,transit,2.752359689,791.9,2.0722,14.034
KIC 4669402,kepler,blend,143.196381,618.1,10.424,14.034
KIC 3953106,kepler,eclipse,6.58729511,127965.0,8.3582,14.035
KIC 5307568,kepler,blend,2.62838097,89.9,3.193,14.037
KIC 7375100,kepler,variable,98.51783198,,1.65,14.037
KIC 9529733,kepler,eclipse,4.80912667,134093.0,7.9331,14.038
KIC 8380743,kepler,eclipse,1.018861199,291214.0,6.5005,14.039
KIC 8332986,kepler,eclipse,302.38867822,41320.0,3.1229,14.041
KIC 5376836,kepler,eclipse,3.479425638,19550.0,3.4479,14.041
KIC 4932442,kepler,transit,6.93365167,119.6,4.608,14.042
KIC 8612291,kepler,variable,37.0488669,,2.48,14.042
KIC 9412267,kepler,variable,542.16158927,,8.77,14.043
KIC 2860788,kepler,eclipse,2.629870555,101310.0,6.606,14.043
KIC 6191945,kepler,eclipse,6.8072842,14578.0,1.9477,14.044
KIC 6614926,kepler,eclipse,3.026764871,66719.9,4.32532,14.044
KIC 9936698,kepler,eclipse,2.856085147,173843.0,4.5776,14.045
KIC 4073089,kepler,variable,58.873429,226471.0,17.487,14.048
KIC 10156055,kepler,blend,2.42803503,73.8,3.045,14.049
KIC 9549472,kepler,eclipse,15.713787218,60384.4,11.3122,14.049
KIC 5374403,kepler,transit,40.8366307,264.8,4.956,14.05
KIC 9101271,kepler,variable,29.3657204,74936.0,8.7303,14.053
KIC 8689793,kepler,transit,3.554856338,232.9,2.1004,14.053
KIC 9962455,kepler,transit,5.77721259,134.3,2.462,14.056
KIC 11193263,kepler,transit,6.91134223,201.7,5.6743,14.056
KIC 8226720,kepler,variable,391.33068,277.2,12.37,14.056
KIC 11188254,kepler,blend,2.754024,172.2,4.15,14.059
KIC 6584273,kepler,transit,51.1104797,330.0,7.712,14.06
KIC 7219825,kepler,transit,17.23232894,509.8,4.5568,14.061
KIC 11415243,kepler,transit,168.81133,614.4,6.582,14.061
KIC 5474733,kepler,blend,0.883778461,120.1,1.6339,14.063
KIC 11724094,kepler,eclipse,1.47623061,39.1,2.032,14.063
KIC 8733497,kepler,eclipse,76.81985465,229165.0,5.16249,14.063
TIC 7439481,tess,false_positive,1.2540806,66025.099426,1.3435517,14.0644
TIC 120692092,tess,transit,3.4130781,4017.8298399,2.5787928,14.0672
KIC 5391407,kepler,eclipse,0.638697833,141454.0,5.1609,14.068
KIC 7105574,kepler,eclipse,20.726069913,118864.0,6.47393,14.069
KIC 6775985,kepler,eclipse,27.961084,6268.2,3.8741,14.069
KIC 9785454,kepler,eclipse,184.52015392,49269.0,15.3564,14.07
KIC 4165473,kepler,transit,13.02363236,607.0,3.9734,14.07
KIC 9266285,kepler,eclipse,5.61386908,57385.6,5.07753,14.072
KIC 5299459,kepler,transit,13.08424286,662.0,3.0401,14.072
KIC 5938970,kepler,transit,125.4132302,1345.0,2.3241,14.073
TIC 271898990,tess,transit,1.747633,16779.7987149,2.1850556,14.0739
KIC 9026749,kepler,transit,66.5576728,214.2,10.532,14.074
KIC 8683144,kepler,variable,267.970682,357.7,11.48,14.077
KIC 11922290,kepler,variable,114.661733,281.8,2.784,14.077
KIC 10583761,kepler,transit,2.685054445,252.7,1.0473,14.077
KIC 7763269,kepler,eclipse,6.40802979,7784.1,2.9288,14.078
KIC 5199426,kepler,eclipse,78.60436061,78104.0,4.65559,14.08
KIC 7220320,kepler,eclipse,0.752158047,37878.8,2.42733,14.082
KIC 5091614,kepler,eclipse,21.142458554,73960.9,5.17846,14.083
KIC 10001368,kepler,transit,4.76831033,251.8,3.2363,14.083
KIC 7691260,kepler,transit,3.989544192,190.0,1.591,14.083
KIC 9613070,kepler,eclipse,2.33211505,105949.0,2.96723,14.087
KIC 5039687,kepler,variable,5.8957069,129.7,56.84,14.087
KIC 3448130,kepler,transit,78.5461106,658.7,8.689,14.087
KIC 4937140,kepler,variable,215.044269,351.1,3.517,14.088
KIC 10098844,kepler,variable,35.080928,100.7,6.92,14.089
KIC 11499228,kepler,transit,19.7919389,383.7,3.787,14.09
KIC 11612280,kepler,transit,9.4061364,79.5,4.882,14.09
KIC 4946581,kepler,eclipse,28.615014,70.5,24.74,14.091
KIC 8042747,kepler,variable,469.52303,355.7,5.487,14.091
KIC 6048106,kepler,eclipse,1.559360638,280066.0,5.4458,14.091
KIC 10875937,kepler,variable,307.94735718,11296.0,15.0,14.092
KIC 8935352,kepler,eclipse,10.90962154,499921.0,17.8024,14.096
KIC 7898576,kepler,variable,8.64636188,218072.0,8.73607,14.097
KIC 4055304,kepler,transit,0.571038347,242.1,1.1267,14.098
KIC 7971389,kepler,eclipse,13.174807933,71070.9,3.37392,14.098
KIC 5992210,kepler,blend,0.641069613,78.6,1.033,14.098
KIC 5357545,kepler,transit,3.757294695,273.3,0.9269,14.099
KIC 5026023,kepler,eclipse,1.99638423,29.4,2.4,14.099
KIC 11461433,kepler,transit,1.916940872,105.1,1.4243,14.1
KIC 7870032,kepler,transit,16.87725775,818.4,3.7917,14.101
KIC 11403339,kepler,transit,4.79029482,142.0,2.7219,14.102
KIC 9518651,kepler,blend,2.17823752,44.0,2.259,14.102
KIC 2710623,kepler,blend,1.02087831,33.4,2.429,14.103
KIC 9652649,kepler,blend,2.48883033,51.4,4.268,14.103
KIC 12071037,kepler,blend,6.0959841,112.7,10.39,14.104
KIC 11015323,kepler,transit,34.18884323,1063.2,5.3278,14.106
KIC 5217586,kepler,blend,26.0692512,831.5,7.487,14.106
KIC 9887224,kepler,blend,0.874629873,68.1,1.782,14.107
KIC 6697756,kepler,transit,0.916142298,98.5,1.1555,14.107
KIC 3734418,kepler,transit,3.97599629,206.0,2.2029,14.11
KIC 10730070,kepler,transit,7.61758198,85.4,3.545,14.11
KIC 3438976,kepler,blend,2.97599368,55.0,4.023,14.11
KIC 9282687,kepler,eclipse,1.680425996,277249.0,5.4548,14.11
KIC 8773869,kepler,blend,1.576341127,335.1,3.1232,14.111
TIC 9804616,tess,false_positive,0.5168347,33190.706911,0.936413,14.1118
KIC 3847138,kepler,transit,11.72291212,492.2,4.2064,14.112
KIC 5386904,kepler,blend,4.8591441,2183.6,3.8588,14.113
KIC 4144576,kepler,transit,0.813166357,173.5,1.4122,14.113
KIC 9761573,kepler,eclipse,7.4413445,2234.0,2.8754,14.114
KIC 10215869,kepler,eclipse,5.017239915,144642.0,4.36126,14.115
KIC 12121118,kepler,variable,495.06538,417.0,21.09,14.116
KIC 9821078,kepler,variable,8.429438192,456346.0,3.94306,14.117
KIC 12404305,kepler,transit,22.18332255,748.1,5.1364,14.118
KIC 7747457,kepler,transit,1.5184181,196.8,2.842,14.118
KIC 4073707,kepler,variable,6.282033445,181787.0,8.3777,14.118
KIC 9602514,kepler,blend,3.55650737,293.6,8.545,14.118
KIC 12401132,kepler,variable,12.083457,312.5,3.536,14.12
KIC 9641103,kepler,blend,1.089057762,37.4,1.637,14.122
KIC 11601584,kepler,transit,34.205785079,183.2,5.1691,14.122
KIC 7664272,kepler,variable,341.01495,386.0,5.12,14.122
TIC 239277658,tess,transit,3.2509657,7218.2612358,3.2261161,14.1223
KIC 7619667,kepler,variable,103.22293786,,2.63,14.125
KIC 1849702,kepler,transit,39.8312536,388.8,2.442,14.125
KIC 7186259,kepler,variable,4.23965309,,3.29,14.125
TIC 234523599,tess,transit,3.7955178,52278.9940979,2.0198135,14.1266
KIC 5112198,kepler,variable,3.21559054,202.4,16.261,14.128
KIC 6949061,kepler,transit,23.2218115,210.4,2.744,14.128
KIC 9146018,kepler,transit,21.22349325,582.9,4.9416,14.129
KIC 6634133,kepler,blend,9.94221873,486.5,2.453,14.129
KIC 2990873,kepler,transit,16.22378479,262.3,2.5462,14.129
KIC 7908367,kepler,transit,12.2064304,1337.2,2.407,14.13
KIC 8587439,kepler,blend,8.39140024,134.4,1.193,14.13
KIC 7626370,kepler,transit,1.921437488,278.7,1.9046,14.131
KIC 7879433,kepler,transit,1.385787741,85.4,1.6449,14.131
KIC 4832273,kepler,variable,501.90703,306.9,12.43,14.131
KIC 10908248,kepler,transit,39.859505,155.5,7.987,14.131
TIC 272840455,tess,transit,6.8733768,3501.1631364,6.5660399,14.1348
KIC 6312314,kepler,blend,1.221204888,111.6,1.8511,14.135
KIC 4138951,kepler,transit,1.291233083,66.0,1.855,14.135
KIC 8492026,kepler,transit,4.30656389,257.0,4.1107,14.136
KIC 5771719,kepler,eclipse,12.264867364,11310.9,4.7366,14.137
KIC 8616637,kepler,transit,2.019997006,332.8,1.8073,14.137
KIC 8826168,kepler,transit,11.55103848,402.8,3.3601,14.138
KIC 2854698,kepler,transit,76.0498163,445.9,7.158,14.138
KIC 4989057,kepler,transit,7.23400381,453.3,2.165,14.139
KIC 11288051,kepler,transit,30.9505927,301.4,5.394,14.139
KIC 6350476,kepler,blend,1.110599919,157.6,1.3493,14.139
TIC 438490744,tess,false_positive,1.665878,85643.986097,4.956738,14.1396
KIC 7595157,kepler,transit,2.358952404,94.1,1.593,14.14
KIC 2167444,kepler,variable,2.43574046,6223.0,22.25,14.141
KIC 10619192,kepler,transit,1.485710994,20823.9,2.2874,14.141
KIC 7960547,kepler,eclipse,6.767341062,244952.0,4.49213,14.143
KIC 9472000,kepler,transit,31.5888979,360.6,3.438,14.143
TIC 427654774,tess,false_positive,5.222621,15867.9920175,4.693629,14.1431
KIC 6937529,kepler,transit,2.94648935,57.0,3.155,14.144
KIC 9044228,kepler,transit,0.934885365,270.4,1.4083,14.145
KIC 8631504,kepler,transit,14.8200596,184.9,3.902,14.146
KIC 9540450,kepler,eclipse,1.077358008,311051.0,3.6713,14.146
TIC 237751146,tess,false_positive,1.669769,10665.55057,2.0105348,14.1477
TIC 122441491,tess,transit,3.7970076,16421.7314916,2.5256778,14.148
TIC 466840711,tess,transit,2.4855428,17549.6797518,2.7385746,14.1491
KIC 7978202,kepler,transit,509.997402,1267.0,8.481,14.15
KIC 5444548,kepler,transit,13.24931848,647.6,4.4859,14.15
KIC 12120484,kepler,transit,17.2922631,203.1,7.042,14.15
KIC 9024568,kepler,variable,124.091252,281.4,2.172,14.152
KIC 11517719,kepler,transit,2.495780169,25070.0,4.2721,14.152
KIC 9458343,kepler,transit,11.89520436,184.3,3.433,14.152
KIC 7777372,kepler,blend,0.885123683,113.3,3.3865,14.152
KIC 6305192,kepler,transit,8.025118521,3120.4,5.3694,14.153
KIC 5359678,kepler,eclipse,3.115304946,149524.0,4.88748,14.154
KIC 6674908,kepler,blend,0.503199724,275.6,1.117,14.155
KIC 4282191,kepler,transit,41.7084063,330.0,8.567,14.155
KIC 6587002,kepler,transit,122.0804953,799.9,4.054,14.157
KIC 9658118,kepler,eclipse,24.0612744,440146.0,19.9438,14.158
KIC 5530112,kepler,transit,9.6887216,655.5,2.0,14.158
KIC 5513012,kepler,transit,0.679336747,240.7,1.2188,14.159
KIC 3632089,kepler,transit,5.32784157,87.2,4.696,14.159
KIC 6137704,kepler,eclipse,178.26802035,45753.9,5.86461,14.16
KIC 2569488,kepler,blend,1.52327807,924.2,3.813,14.161
KIC 5784803,kepler,variable,357.77096,216.3,12.999,14.161
KIC 7136729,kepler,blend,3.17319407,135.8,2.512,14.162
KIC 2162994,kepler,eclipse,4.101595158,366585.0,6.10362,14.162
KIC 5269407,kepler,eclipse,0.958871144,232350.0,2.74361,14.164
KIC 8873450,kepler,transit,24.2783801,714.4,4.564,14.164
KIC 11502172,kepler,eclipse,25.431861399,46564.7,5.23771,14.164
KIC 4551663,kepler,blend,12.07760884,151.0,2.233,14.166
KIC 11153121,kepler,transit,32.2753853,223.9,8.622,14.167
KIC 8260234,kepler,blend,5.71483873,286.2,2.748,14.167
KIC 5702939,kepler,blend,18.3980827,145.0,4.438,14.168
KIC 4484336,kepler,transit,8.94337724,215.1,2.469,14.169
KIC 8095099,kepler,eclipse,2.103239235,314928.0,7.08365,14.169
KIC 4247092,kepler,eclipse,21.05647572,1293.6,1.238,14.169
KIC 8939211,kepler,variable,27.0779813,347.5,138.54,14.17
KIC 10794242,kepler,eclipse,7.143708297,202685.0,5.83451,14.17
KIC 8487838,kepler,blend,1.061937837,52.0,2.31,14.171
KIC 5183357,kepler,transit,61.0373591,437.5,8.378,14.171
KIC 2438264,kepler,transit,15.90688891,924.7,3.9879,14.172
KIC 7203326,kepler,blend,9.087508013,140.6,2.7597,14.172
KIC 8193178,kepler,transit,10.64021008,455.3,5.4381,14.173
KIC 7117003,kepler,variable,428.32173928,316995.0,40.5992,14.173
KIC 6042214,kepler,blend,27.04627886,900.8,2.666,14.173
TIC 296898634,tess,false_positive,2.8534013,15830.0,5.176,14.1736
KIC 5389184,kepler,blend,1.06995136,54.8,1.322,14.174
KIC 8507073,kepler,eclipse,209.06299275,250913.0,10.0389,14.174
KIC 11287726,kepler,eclipse,4.737713268,105259.0,6.384,14.176
KIC 8041216,kepler,transit,8.508333104,646.5,3.4559,14.176
TIC 98669309,tess,transit,4.0035773,14273.8513137,2.0958153,14.1768
KIC 9516728,kepler,variable,368.48518,301.8,11.26,14.178
KIC 5806800,kepler,blend,125.288206,241.6,3.695,14.179
KIC 10480915,kepler,transit,19.58561177,532.9,1.755,14.18
KIC 10275074,kepler,eclipse,2.181555909,85406.9,4.41739,14.182
KIC 6429812,kepler,transit,94.289223,505.4,4.102,14.183
KIC 5779852,kepler,eclipse,252.0792347,5582.6,3.9808,14.183
KIC 9581498,kepler,variable,10.54884842,,1.17,14.184
KIC 7118545,kepler,eclipse,14.797219157,252699.0,7.61037,14.185
KIC 12164751,kepler,eclipse,2.630090609,516932.0,13.6817,14.187
KIC 10480921,kepler,blend,2.037440623,118.6,3.442,14.187
KIC 8891318,kepler,blend,363.706662,1624.6,8.553,14.188
KIC 5768816,kepler,transit,47.9869119,859.3,5.342,14.19
KIC 5816144,kepler,blend,7.384681,142.8,3.548,14.191
KIC 5213230,kepler,transit,52.6095103,203.7,8.202,14.192
KIC 5689351,kepler,transit,13.76710058,684.8,2.9105,14.194
KIC 3449540,kepler,eclipse,1.606003121,402550.0,4.88602,14.194
TIC 75262942,tess,transit,2.6634154,37522.94895,1.8429688,14.1959
KIC 7440748,kepler,transit,7.064252021,728.9,1.3867,14.196
KIC 6072593,kepler,blend,5.07538255,163.1,1.7,14.196
KIC 7045435,kepler,variable,0.93479255,247.5,4.5838,14.198
TIC 187309502,tess,transit,3.5868547,13809.758268,2.1273101,14.1986
KIC 6693640,kepler,transit,13.71938426,316.4,5.5677,14.2
KIC 3833007,kepler,transit,16.21774917,758.3,4.9274,14.2
KIC 6802536,kepler,eclipse,2.9788702,,9.3,14.201
KIC 11037335,kepler,transit,10.44635944,354.2,2.749,14.201
KIC 5622250,kepler,eclipse,16.294213708,174006.0,6.01687,14.203
KIC 4076976,kepler,blend,4.8807805,79.0,9.4,14.203
TIC 27846348,tess,transit,130.1648184,16452.7523128,8.3003425,14.2045
KIC 5181086,kepler,variable,494.62409,307.0,8.36,14.205
KIC 11076279,kepler,eclipse,1.47258471,224011.0,4.76885,14.206
KIC 6751874,kepler,transit,6.89226333,214.4,2.4921,14.207
KIC 4275721,kepler,transit,3.77359871,176.0,2.7282,14.207
KIC 3732035,kepler,transit,138.944022,530.2,10.611,14.208
TIC 193634953,tess,transit,2.9479689,24090.0,1.584,14.2085
KIC 11760931,kepler,variable,397.72733,232.8,11.683,14.209
KIC 6451936,kepler,transit,4.26374378,182.0,2.2725,14.209
KIC 7802136,kepler,eclipse,10.980246199,50078.0,3.74464,14.212
KIC 3655326,kepler,eclipse,15.066491533,106051.0,6.2852,14.213
KIC 9717958,kepler,variable,67.7125988,542.4,1.538,14.213
KIC 11858541,kepler,eclipse,5.674353343,36484.5,4.17722,14.215
KIC 11852982,kepler,transit,13.81504449,1032.6,2.3244,14.216
KIC 6504534,kepler,eclipse,28.162612575,37749.6,3.19576,14.216
KIC 12784167,kepler,transit,1.847892736,323.3,1.8904,14.216
KIC 5095082,kepler,transit,20.6579443,98.2,8.798,14.216
KIC 5273713,kepler,blend,1.337561836,41.0,1.575,14.217
KIC 5638699,kepler,variable,343.56446,179.6,18.94,14.217
KIC 5688997,kepler,eclipse,23.8706941,6386.3,3.4812,14.219
KIC 10525027,kepler,transit,3.27344784,262.5,1.7292,14.22
KIC 8051946,kepler,transit,1.4951513,52.0,3.43,14.22
KIC 7950644,kepler,transit,10.290994129,9655.7,4.28889,14.221
TIC 392747437,tess,transit,4.5184447,17173.0782566,3.8712531,14.2229
KIC 10717220,kepler,transit,21.0907909,417.6,4.751,14.223
KIC 10153855,kepler,transit,1.06378861,251.5,1.072,14.229
KIC 10345862,kepler,eclipse,58.28819056,156160.0,21.6014,14.231
KIC 5553624,kepler,eclipse,25.762056721,447716.0,14.8694,14.231
KIC 11122894,kepler,transit,38.86848956,1004.9,6.0573,14.232
TIC 32830028,tess,false_positive,0.516278,20289.210823,0.565611,14.2321
KIC 7107567,kepler,blend,0.812592362,6945.8,1.5646,14.235
KIC 4484356,kepler,eclipse,0.572079631,127786.0,2.27811,14.235
KIC 7132798,kepler,transit,4.12511935,114.7,2.877,14.236
TIC 103865797,tess,false_positive,2.2232698,31700.0,0.648,14.2399
KIC 9407689,kepler,variable,130.110715,251.9,2.227,14.241
KIC 5091808,kepler,variable,288.94276,160.6,11.43,14.242
KIC 3003673,kepler,variable,57.1143966,268.8,2.182,14.245
KIC 1718189,kepler,transit,21.85362905,355.6,3.439,14.246
TIC 37168957,tess,transit,1.9000862,25717.0085858,2.3058232,14.2465
KIC 4833421,kepler,transit,37.9962369,403.7,6.7751,14.247
KIC 8352537,kepler,transit,6.010383339,2652.1,2.1939,14.247
KIC 7977197,kepler,transit,6.91986988,170.1,3.4253,14.248
KIC 7831363,kepler,eclipse,2.81753381,3836.0,2.1551,14.248
KIC 3858767,kepler,blend,3.49550335,60.9,3.799,14.248
TIC 158551257,tess,false_positive,0.9023951,5385.0871091,1.6045865,14.2502
KIC 10006641,kepler,eclipse,0.894172544,86.2,0.8302,14.251
KIC 4813563,kepler,transit,36.5157639,861.3,3.6577,14.254
KIC 8542879,kepler,variable,136.355967,165.1,3.17,14.254
KIC 6147851,kepler,blend,3.06026014,59.9,2.545,14.255
KIC 10319341,kepler,blend,40.1043796,187.3,3.471,14.255
KIC 4479633,kepler,blend,0.475068516,110.1,0.8552,14.255
KIC 11046458,kepler,transit,3.311864148,5976.5,1.4049,14.256
KIC 8690001,kepler,variable,19.35954117,386979.0,12.8464,14.257
KIC 12302530,kepler,transit,52.6615266,1078.1,3.1592,14.258
KIC 9137257,kepler,variable,114.734287,242.9,3.724,14.259
KIC 5551504,kepler,blend,1.204529346,86.9,1.62,14.259
TIC 394357918,tess,transit,4.9019938,10774.951206,1.3243804,14.2612
KIC 10843590,kepler,transit,46.9026431,821.3,3.9264,14.262
KIC 6221385,kepler,transit,19.672324,649.9,4.812,14.263
KIC 11670599,kepler,blend,0.847588864,67.1,2.246,14.263
KIC 8360640,kepler,transit,4.0223109,227.8,0.853,14.264
KIC 12266636,kepler,transit,33.3856176,553.2,5.0361,14.264
KIC 11853878,kepler,transit,5.70940795,586.7,1.622,14.265
KIC 8939650,kepler,eclipse,1.827660875,46676.8,3.986,14.268
KIC 7534267,kepler,transit,39.4420781,172.4,7.029,14.268
TIC 44898913,tess,transit,2.7299049,7427.7249664,0.8257288,14.2683
KIC 8937762,kepler,eclipse,15.07277287,345.0,0.7794,14.269
KIC 9770983,kepler,blend,7.02932339,81.6,2.853,14.27
KIC 5036966,kepler,eclipse,62.7356439,243702.0,10.7925,14.27
KIC 11389771,kepler,transit,5.41908491,231.0,2.3379,14.271
KIC 4847534,kepler,transit,9.66857386,411.7,2.4656,14.272
KIC 10990886,kepler,transit,11.023474798,1795.5,1.4814,14.273
KIC 7982917,kepler,blend,11.8045536,128.9,3.195,14.274
KIC 10723750,kepler,transit,50.79034648,5671.1,10.8474,14.274
KIC 8210721,kepler,eclipse,22.673145675,65410.8,6.6324,14.274
KIC 5551240,kepler,transit,4.13960513,106.7,3.31,14.275
KIC 5213404,kepler,transit,20.7057153,115.9,9.678,14.276
KIC 5282051,kepler,blend,5.91037674,256.9,3.421,14.276
KIC 10004738,kepler,transit,56.4758069,1091.8,5.961,14.279
KIC 10858832,kepler,transit,5.263415218,1030.7,2.1446,14.279
KIC 5526717,kepler,transit,52.069002,558.3,3.0089,14.279
KIC 6437617,kepler,variable,293.60581,165.3,11.07,14.279
KIC 6521542,kepler,eclipse,2.212877035,376200.0,4.66961,14.28
KIC 7751294,kepler,variable,371.4589776,456.6,10.0734,14.28
KIC 9108058,kepler,eclipse,2.17491508,635412.0,8.4418,14.281
KIC 11867071,kepler,eclipse,3.963787093,25015.2,3.10316,14.281
KIC 10460984,kepler,transit,28.9869016,471.6,3.6233,14.282
KIC 9899256,kepler,blend,1.33254024,35.8,3.16,14.282
KIC 6756202,kepler,eclipse,290.7778719,225767.0,12.0525,14.282
KIC 4739194,kepler,eclipse,1.246585716,406770.0,4.62051,14.283
KIC 8491277,kepler,transit,9.61375316,797.9,4.654,14.283
KIC 10684670,kepler,transit,3.78861833,143.4,2.808,14.285
KIC 10975146,kepler,transit,0.63133171,434.5,1.1487,14.285
KIC 8017703,kepler,transit,247.354914,1291.8,8.677,14.287
KIC 4459924,kepler,blend,4.79176993,116.6,4.52,14.287
KIC 5683743,kepler,transit,4.147021189,3680.7,2.8997,14.288
KIC 10666242,kepler,eclipse,87.24250316,17860.5,4.1206,14.288
KIC 6119605,kepler,variable,260.02265,2060.7,12.009,14.288
KIC 4262581,kepler,transit,37.6468519,427.4,6.344,14.288
KIC 6508221,kepler,transit,18.20795835,1596.9,3.7965,14.29
KIC 9651668,kepler,transit,2.684328541,18136.5,2.69382,14.29
KIC 12217907,kepler,eclipse,43.204596783,202488.0,15.0402,14.291
KIC 9957627,kepler,transit,39.7529915,549.3,4.9641,14.292
KIC 10616317,kepler,variable,38.27772448,,1.73,14.293
KIC 11046025,kepler,transit,3.72020708,156.9,1.892,14.293
KIC 5460835,kepler,eclipse,21.539269242,143753.0,5.32432,14.293
KIC 9783760,kepler,eclipse,89.7398137,81096.0,3.26371,14.294
KIC 8540376,kepler,transit,10.692115,408.4,4.657,14.294
KIC 7047299,kepler,eclipse,35.882272887,101231.0,3.95004,14.295
KIC 3745559,kepler,transit,30.2541186,576.3,2.134,14.296
KIC 5475641,kepler,blend,1.069842837,540.3,5.275,14.298
KIC 3732894,kepler,blend,1.540379557,76.9,2.026,14.298
TIC 374177909,tess,false_positive,0.1638211,14983.0,0.492,14.2981
KIC 4160006,kepler,eclipse,1.018360336,393969.0,7.622,14.299
KIC 7025846,kepler,blend,2.340523247,175.4,3.156,14.3
KIC 10490960,kepler,variable,5.682410334,220418.0,5.33373,14.3
KIC 9119652,kepler,eclipse,1.1080999,380934.0,3.3542,14.305
KIC 8804845,kepler,transit,5.42586901,259.0,2.5342,14.305
KIC 11909686,kepler,eclipse,185.9526325,11106.9,3.5964,14.305
KIC 7779077,kepler,transit,16.84183355,822.1,2.6194,14.306
KIC 9821454,kepler,transit,11.8693144,101.9,4.653,14.307
TIC 142277868,tess,transit,18.9926881,223710.0,1.506,14.3088
KIC 7877496,kepler,transit,1.72086129,10184.5,2.0243,14.309
KIC 8168187,kepler,transit,18.3027235,186.7,8.262,14.31
KIC 6205897,kepler,transit,4.417692516,279.2,2.323,14.31
KIC 11177543,kepler,transit,38.3262237,392.1,3.073,14.31
TIC 212957629,tess,transit,3.0766835,18848.5607395,1.2491751,14.3109
KIC 5340878,kepler,transit,0.539915033,97.0,1.1466,14.311
KIC 2161623,kepler,eclipse,2.283466438,864260.0,7.7999,14.312
KIC 5456023,kepler,eclipse,131.97827736,345935.0,7.14981,14.313
KIC 7366065,kepler,blend,0.566803738,100.6,1.8481,14.313
KIC 3130300,kepler,blend,5.76573396,248.0,2.924,14.313
KIC 12470954,kepler,transit,1.902208647,2343.5,2.19877,14.313
KIC 4857058,kepler,transit,7.32851947,277.8,1.211,14.316
TIC 48217457,tess,transit,3.1208396,17027.4064902,2.405278,14.3168
KIC 9948002,kepler,eclipse,101.26336282,72792.5,17.8951,14.319
KIC 10468514,kepler,eclipse,0.84986054,6571.5,1.3875,14.319
TIC 329709756,tess,false_positive,12.5482879,49260.0,3.396,14.3196
KIC 6342333,kepler,transit,80.2321467,888.7,4.656,14.32
KIC 11912932,kepler,blend,3.74785358,98.2,3.713,14.323
KIC 11657891,kepler,transit,2.514628496,228.4,1.6239,14.325
TIC 299220166,tess,transit,3.2175184,12691.8036893,1.8986264,14.3258
KIC 9478990,kepler,transit,21.0871953,8894.7,5.92691,14.327
KIC 4367544,kepler,eclipse,1.19563447,8245.0,5.3934,14.327
KIC 10214873,kepler,blend,5.959695593,151.2,1.8383,14.331
KIC 5039129,kepler,blend,1.319677953,100.7,1.978,14.332
KIC 11134879,kepler,transit,4.30165843,739.4,2.1055,14.332
KIC 9418508,kepler,eclipse,11.0153889,3446.0,2.666,14.333
KIC 5014753,kepler,eclipse,3.170626881,14610.0,2.7189,14.333
KIC 9517242,kepler,variable,513.14417,223.8,14.13,14.334
KIC 3345973,kepler,blend,15.3466028,238.5,4.966,14.335
KIC 5647008,kepler,eclipse,0.799868354,4928.8,6.613,14.335
KIC 6699368,kepler,blend,3.690317047,465.5,1.3784,14.336
KIC 6128141,kepler,eclipse,1.872620976,1530.6,1.7626,14.337
KIC 9631762,kepler,transit,10.35586478,660.9,2.8431,14.337
KIC 3533469,kepler,blend,10.21507506,258.6,3.395,14.338
KIC 5342473,kepler,transit,4.64495172,147.4,3.366,14.338
KIC 7445445,kepler,transit,29.02235217,637.6,4.0263,14.338
KIC 3444098,kepler,variable,0.72359699,495.6,1.326,14.338
KIC 7365447,kepler,eclipse,2.525386934,124878.0,3.71613,14.34
KIC 4459503,kepler,variable,260.31119904,,3.23,14.34
KIC 10272389,kepler,blend,4.56447463,208.4,6.415,14.34
KIC 6594972,kepler,eclipse,10.819169459,437142.0,5.50262,14.342
KIC 4352168,kepler,eclipse,10.643743766,436506.0,6.29783,14.343
KIC 12365015,kepler,variable,0.59586463,,1.5,14.343
KIC 10189542,kepler,blend,24.614775,229.4,2.395,14.346
KIC 5880320,kepler,transit,8.19345065,115.4,5.234,14.348
KIC 6387450,kepler,eclipse,3.661326482,17846.0,2.5714,14.349
KIC 2581191,kepler,variable,172.178768,501.0,1.19,14.349
KIC 11669239,kepler,transit,41.8854433,687.4,6.763,14.35
KIC 10352938,kepler,eclipse,6.47173281,6472.7,7.1964,14.35
KIC 4247811,kepler,blend,2.05048377,60.5,3.67,14.352
KIC 8183288,kepler,transit,66.6504521,536.9,5.744,14.352
KIC 5266937,kepler,eclipse,5.917085496,563292.0,23.7545,14.352
KIC 8107225,kepler,transit,5.63252508,634.4,2.1448,14.353
KIC 10290447,kepler,variable,0.691561191,1901.0,5.23,14.353
KIC 4741777,kepler,variable,101.928291,243.5,2.171,14.353
KIC 8611781,kepler,transit,76.957056,367.1,9.551,14.353
KIC 11401845,kepler,eclipse,1.080695116,312773.0,7.449,14.355
KIC 4840818,kepler,eclipse,5.024768971,53046.4,3.82433,14.355
KIC 2442448,kepler,transit,76.6139446,498.7,10.22,14.357
KIC 4575824,kepler,eclipse,631.632,295.1,16.13,14.358
KIC 10397315,kepler,blend,2.17812769,61.7,1.645,14.358
KIC 6936977,kepler,eclipse,36.473115046,161926.0,2.91005,14.359
KIC 8958035,kepler,eclipse,7.981187121,7609.5,1.8071,14.36
KIC 8890783,kepler,transit,5.350156114,764.8,2.2647,14.361
KIC 6276994,kepler,blend,1.10601182,52.9,2.577,14.363
KIC 8016214,kepler,eclipse,1.587485742,246568.0,7.7489,14.364
KIC 7987866,kepler,transit,3.13877646,174.1,1.6663,14.364
KIC 9394920,kepler,variable,1.38385822,,1.0,14.367
KIC 3541800,kepler,blend,4.66229074,345.4,3.73,14.367
KIC 4673628,kepler,transit,3.951383138,405.7,1.0582,14.368
KIC 10384962,kepler,eclipse,2.879243323,48050.0,2.6273,14.371
KIC 3098843,kepler,blend,29.9756697,258.0,2.987,14.372
KIC 2446134,kepler,variable,39.1307086,201.0,2.295,14.372
KIC 8474892,kepler,eclipse,199.4424134,32171.9,7.2533,14.372
KIC 5031857,kepler,transit,24.81097206,2090.8,3.2245,14.373
KIC 7802719,kepler,transit,4.45743267,175.7,2.3226,14.374
KIC 9392016,kepler,variable,350.65158,248.1,7.976,14.375
KIC 9602562,kepler,blend,3.55653637,202.5,8.7,14.377
KIC 3962357,kepler,transit,14.55387488,319.7,6.973,14.377
KIC 11413812,kepler,transit,5.65378163,366.8,1.9483,14.377
KIC 8414159,kepler,eclipse,11.931131598,300506.0,5.56983,14.378
TIC 428685938,tess,false_positive,14.4896397,40070.0,1.898,14.379
KIC 8559589,kepler,eclipse,223.1127475,11538.8,8.9683,14.38
KIC 8241258,kepler,variable,480.19416,372.3,10.76,14.382
KIC 6867766,kepler,eclipse,12.964717746,3732.9,1.8303,14.384
KIC 8591693,kepler,transit,29.4557841,533.8,3.451,14.385
KIC 5035972,kepler,eclipse,49.26678528,8494.0,5.5692,14.385
KIC 6266741,kepler,transit,7.930583519,826.1,3.6083,14.387
KIC 10471090,kepler,blend,0.93376089,27.3,3.027,14.388
KIC 11391018,kepler,transit,30.360445359,21124.7,6.0134,14.388
KIC 7025851,kepler,eclipse,2.340534383,241360.0,4.43017,14.39
KIC 7871954,kepler,transit,1.937029968,312.3,1.4727,14.39
KIC 11867733,kepler,eclipse,384.356448,715.7,3.872,14.391
KIC 8042835,kepler,variable,2.38793696,114.3,17.302,14.394
TIC 269269546,tess,transit,4.45417,21409.0524466,2.27143,14.3945
KIC 9886221,kepler,blend,2.9926465,105.9,1.81,14.396
TIC 271424111,tess,transit,3.2687063,9692.5415934,3.6398573,14.3999
KIC 11147814,kepler,eclipse,95.178317934,128575.0,3.60125,14.401
KIC 5456319,kepler,blend,0.937923475,40.4,3.164,14.403
KIC 6028860,kepler,eclipse,0.422015793,1291.9,1.23416,14.403
KIC 5080636,kepler,transit,4.194496867,660.7,1.7807,14.404
KIC 10346522,kepler,eclipse,3.989144446,630524.0,20.7947,14.404
KIC 8558011,kepler,transit,0.638162933,109.7,1.2313,14.405
KIC 8547429,kepler,transit,11.6601667,181.0,5.882,14.406
KIC 7670485,kepler,variable,8.467706136,77323.6,4.05376,14.408
TIC 411697517,tess,transit,3.3863171,6259.8518041,3.2671057,14.4087
KIC 7269881,kepler,eclipse,0.306937807,119.2,0.5925,14.409
KIC 12735830,kepler,transit,31.827649,520.0,1.639,14.41
KIC 12055539,kepler,transit,12.27057043,295.5,3.002,14.411
KIC 4454752,kepler,transit,1.616883373,437.3,1.6325,14.411
KIC 6046540,kepler,transit,7.340714946,8510.5,2.9987,14.412
KIC 8074805,kepler,eclipse,170.8658492,29840.8,16.9895,14.412
KIC 7120108,kepler,transit,1.025857984,270.7,0.8069,14.413
KIC 6507427,kepler,blend,4.74254518,305.7,1.023,14.413
KIC 8591173,kepler,transit,12.2885046,342.1,2.807,14.414
KIC 10019643,kepler,transit,7.81100952,126.7,3.231,14.415
KIC 12251779,kepler,eclipse,14.844240386,83412.4,6.83577,14.415
KIC 10148521,kepler,blend,1.204274435,185.8,1.3362,14.415
KIC 3644649,kepler,variable,598.31791,283.2,16.07,14.415
KIC 11913072,kepler,blend,3.74779583,88.5,3.157,14.416
KIC 9528420,kepler,eclipse,4.70847097,32622.1,6.0503,14.417
KIC 8426567,kepler,transit,18.93055119,684.0,3.372,14.417
KIC 10936427,kepler,eclipse,14.361021578,459877.0,13.2895,14.419
KIC 6363494,kepler,eclipse,1.815632406,61573.6,3.35773,14.42
KIC 3645282,kepler,blend,0.673684895,51.1,1.161,14.42
KIC 10880507,kepler,transit,6.4802138,142.0,3.27,14.421
KIC 11875734,kepler,transit,99.7468804,1287.0,6.804,14.422
KIC 3728701,kepler,transit,51.1319346,382.3,6.019,14.423
KIC 6697716,kepler,eclipse,0.721624431,157754.0,2.54242,14.424
KIC 3559935,kepler,transit,29.9111886,942.0,6.6436,14.424
KIC 10591578,kepler,variable,44.51439331,,1.55,14.424
KIC 10187159,kepler,transit,7.96431492,746.0,1.5342,14.425
KIC 6279823,kepler,variable,485.52409,4147.0,11.04,14.425
TIC 281909674,tess,transit,4.0350444,11850.4722606,2.8526163,14.4266
KIC 4633570,kepler,transit,16.70920628,839.8,2.7052,14.427
KIC 9157634,kepler,transit,2.104721971,905.5,1.7547,14.427
KIC 6665223,kepler,eclipse,119.40817159,18563.3,9.3537,14.427
KIC 8742590,kepler,transit,49.4781446,496.6,2.493,14.427
KIC 5262539,kepler,variable,491.08027,335.6,7.42,14.427
KIC 5177104,kepler,transit,3.02168007,171.9,2.8264,14.429
KIC 9153246,kepler,variable,243.954706,291.7,2.562,14.43
KIC 11906217,kepler,eclipse,37.910213899,103474.0,3.11152,14.43
KIC 10813132,kepler,transit,4.76702759,163.4,2.013,14.431
KIC 7757698,kepler,variable,369.181947,913.0,3.239,14.433
KIC 10873260,kepler,transit,5.852968845,1146.5,4.5973,14.434
TIC 218795833,tess,transit,1.2652338,110215.6795079,1.2121003,14.4347
KIC 11569782,kepler,transit,2.787874175,197.4,2.0348,14.435
KIC 11671579,kepler,transit,5.17624997,78.7,5.261,14.435
KIC 9347066,kepler,blend,20.004714,115.7,2.952,14.437
KIC 3338885,kepler,transit,1.970340203,403.2,1.7901,14.438
TIC 27318774,tess,transit,3.2432488,17481.8216448,3.0748441,14.4394
KIC 6705026,kepler,transit,9.5084871,97.9,4.372,14.44
KIC 5623137,kepler,variable,419.95929,196.2,13.86,14.44
KIC 10332883,kepler,transit,1.151166776,578.4,1.0907,14.44
KIC 11968513,kepler,variable,1.036592635,124498.0,2.40749,14.441
KIC 3326377,kepler,transit,13.22714056,812.0,3.2861,14.443
KIC 5530882,kepler,blend,5.0825188,105.0,3.328,14.445
KIC 8330548,kepler,blend,1.914158508,7829.2,3.2917,14.446
KIC 9006449,kepler,transit,21.5262958,190.0,8.392,14.447
KIC 12121570,kepler,transit,91.500873,704.8,4.842,14.447
KIC 6891543,kepler,blend,1.752567456,607.3,5.4993,14.449
TIC 328513434,tess,transit,1.7904917,47315.0,1.223,14.4506
KIC 9579072,kepler,variable,612.882452,631.0,2.024,14.453
KIC 5449777,kepler,eclipse,7.216951388,4284.5,1.89082,14.454
KIC 6466939,kepler,eclipse,1.142946648,412554.0,3.40234,14.454
KIC 7090524,kepler,transit,6.73968289,142.0,4.183,14.455
KIC 10747439,kepler,blend,4.593594819,1455.2,2.6391,14.455
KIC 8613535,kepler,transit,9.47850818,184.6,6.154,14.456
KIC 8008206,kepler,transit,1.632916419,209.2,1.5599,14.458
KIC 9963009,kepler,eclipse,40.069674617,41865.1,9.3564,14.458
KIC 8748435,kepler,variable,259.85736,307.7,24.04,14.458
KIC 8351919,kepler,variable,323.77153,353.7,17.57,14.458
KIC 6527016,kepler,blend,0.542636318,74.6,1.2536,14.458
KIC 5629985,kepler,blend,2.27190723,149.0,5.383,14.459
KIC 8757824,kepler,transit,3.65690909,107.4,2.064,14.46
KIC 8494410,kepler,eclipse,208.86909724,21306.7,4.5707,14.461
KIC 7987749,kepler,eclipse,17.030857558,77832.4,4.24308,14.461
KIC 4914399,kepler,blend,1.23708565,803.8,5.743,14.462
KIC 6685646,kepler,variable,244.86662,289.5,10.56,14.462
KIC 3440861,kepler,variable,3.50376155,,3.16,14.463
KIC 5728139,kepler,transit,5.334082429,4676.5,6.2226,14.463
KIC 4840156,kepler,blend,2.69487041,62.1,2.553,14.464
KIC 9410930,kepler,transit,1.855557556,10570.1,2.35672,14.465
KIC 6690082,kepler,transit,2.1395563,266.1,2.0678,14.466
TIC 138364831,tess,transit,1.6255124,10095.3614497,2.6590029,14.4669
KIC 5480640,kepler,transit,58.0337426,807.1,5.584,14.467
KIC 10857342,kepler,eclipse,2.415925551,560970.0,9.7769,14.467
KIC 6497146,kepler,transit,35.2330694,352.8,3.674,14.467
KIC 6967430,kepler,blend,2.00383703,42.3,3.473,14.467
KIC 3115480,kepler,eclipse,3.693702974,25208.0,3.37146,14.469
KIC 7220429,kepler,transit,8.03753796,286.5,2.9118,14.471
KIC 11495458,kepler,transit,10.45839865,306.8,3.154,14.471
KIC 12061222,kepler,transit,17.20522898,1080.6,3.6688,14.472
KIC 10989274,kepler,transit,16.17803,449.0,5.18,14.472
TIC 135100529,tess,transit,4.3415097,103523.691837,1.7793909,14.4733
KIC 9164836,kepler,eclipse,48.118812545,69850.7,5.27958,14.474
TIC 299876474,tess,false_positive,2.5950111,28870.0,2.524,14.4757
KIC 10134152,kepler,transit,39.3135699,500.1,5.0137,14.476
KIC 12256520,kepler,transit,33.2407985,341.9,4.675,14.477
KIC 10031643,kepler,blend,8.5898708,87.7,4.806,14.478
KIC 7975727,kepler,eclipse,22.418319842,11929.1,5.349,14.479
KIC 6628237,kepler,eclipse,3.840130917,60401.0,2.8951,14.479
KIC 7841925,kepler,transit,14.16400071,728.1,4.3031,14.48
KIC 4171955,kepler,variable,383.61248,619.3,12.263,14.481
KIC 10320341,kepler,eclipse,30.114681501,87057.3,5.68713,14.482
KIC 2711597,kepler,eclipse,0.98041685,105.7,0.919,14.484
KIC 2708278,kepler,blend,1.89124187,105.8,4.415,14.486
KIC 10616679,kepler,transit,8.600099313,2791.6,4.0077,14.486
KIC 9390653,kepler,transit,9.549277089,1826.9,1.5832,14.486
KIC 9003126,kepler,variable,208.02789,255.0,10.82,14.487
KIC 9049550,kepler,eclipse,23.81490574,79201.0,1.9948,14.488
KIC 3426367,kepler,transit,2.10433534,242.1,1.1168,14.488
TIC 27990610,tess,transit,2.8164979,19270.727034,2.6896665,14.4889
KIC 6105359,kepler,variable,235.544698,299.3,8.93,14.489
KIC 3848972,kepler,eclipse,0.741057213,1996.3,1.05299,14.489
KIC 11614617,kepler,transit,24.7577652,458.7,6.998,14.49
KIC 8367298,kepler,eclipse,5.1348689,115.8,48.69,14.49
KIC 11621897,kepler,variable,21.6817115,73.5,7.18,14.491
KIC 5608566,kepler,eclipse,4.396999852,4576.8,1.875,14.491
KIC 10258558,kepler,eclipse,20.867855659,82601.4,5.73122,14.492
KIC 7295570,kepler,eclipse,3.6037011,16112.0,2.994,14.492
KIC 9142225,kepler,variable,583.73632,338.6,15.75,14.495
KIC 8618147,kepler,variable,345.128277,324.4,15.925,14.495
KIC 8244190,kepler,blend,1.09206833,219.2,1.8596,14.495
TIC 271431851,tess,transit,7.8864218,6241.5672443,4.9429378,14.4952
KIC 2715135,kepler,transit,5.747711909,820.1,1.8923,14.496
KIC 9761615,kepler,transit,1.79110997,167.5,2.0917,14.496
KIC 11176166,kepler,transit,9.8788502,454.7,2.951,14.496
KIC 8885643,kepler,transit,3.40165617,155.9,1.9617,14.497
KIC 10960995,kepler,eclipse,1.558544209,225588.0,3.3727,14.498
KIC 4349935,kepler,variable,0.792023257,176.6,3.2604,14.498
KIC 9967771,kepler,transit,0.53835407,190.2,1.5045,14.498
KIC 8288741,kepler,variable,0.659299289,1118.5,0.6908,14.499
KIC 10965008,kepler,transit,81.1701587,1183.2,8.358,14.499
KIC 10404582,kepler,transit,37.8658964,395.2,4.782,14.5
KIC 6607644,kepler,transit,0.971915957,73.7,1.6023,14.5
KIC 7941635,kepler,eclipse,0.762724045,9782.2,1.98818,14.5
KIC 11461844,kepler,transit,13.6823798,179.6,4.153,14.5
KIC 8158127,kepler,transit,9.42889884,565.4,4.4481,14.5
KIC 8580438,kepler,eclipse,6.496031958,108889.0,5.21924,14.502
KIC 6037187,kepler,transit,41.8059544,434.4,6.057,14.502
KIC 1725193,kepler,eclipse,2.96384168,35652.8,5.4768,14.502
KIC 9851662,kepler,transit,15.0539886,221.5,4.422,14.503
KIC 6692833,kepler,blend,10.80487163,292.7,2.7215,14.503
KIC 3869014,kepler,transit,8.63847391,395.9,5.4566,14.507
KIC 5478055,kepler,blend,15.85238672,928.5,5.179,14.508
KIC 8891684,kepler,transit,374.878133,914.6,10.556,14.508
KIC 2831251,kepler,blend,5.81289843,76.3,3.979,14.51
KIC 8947520,kepler,transit,0.968527683,114.6,1.3672,14.511
KIC 11450414,kepler,transit,12.7983174,336.6,6.401,14.513
KIC 6281127,kepler,variable,588.10504,326.6,15.474,14.514
KIC 12058204,kepler,transit,5.53533152,260.6,2.793,14.514
KIC 9765975,kepler,transit,18.45848388,535.3,3.3703,14.516
KIC 8590776,kepler,variable,33.8938177,205.1,2.012,14.517
KIC 7368664,kepler,transit,12.874712426,3860.7,2.2491,14.517
TIC 259172249,tess,transit,4.2914879,19180.7233775,2.3462656,14.5179
KIC 7046804,kepler,transit,11.720123999,9763.3,3.0039,14.518
KIC 8219673,kepler,eclipse,20.131477716,8243.2,3.2806,14.519
KIC 6707833,kepler,transit,15.28467725,321.3,6.0768,14.519
KIC 6599305,kepler,variable,42.02646,190.0,2.553,14.519
KIC 7584778,kepler,blend,0.622303871,80.9,1.84,14.519
KIC 11656918,kepler,transit,62.1385979,886.3,4.2938,14.52
KIC 10064256,kepler,transit,5.95958637,133.1,2.899,14.52
KIC 10352603,kepler,eclipse,32.77897303,410080.0,19.1378,14.52
KIC 2308957,kepler,eclipse,1.109841858,300713.0,8.11952,14.52
KIC 6351097,kepler,blend,12.49117388,189.9,2.848,14.521
KIC 2975770,kepler,transit,71.52543938,5904.3,5.9189,14.521
KIC 3128552,kepler,transit,2.50475282,181.1,2.376,14.523
KIC 11455428,kepler,transit,22.1270885,418.2,4.472,14.523
KIC 9025971,kepler,transit,141.2415405,12990.5,6.7645,14.524
KIC 8879427,kepler,eclipse,16.31328124,71589.0,4.45731,14.524
TIC 305506996,tess,transit,2.3682389,48700.0,1.866,14.5249
KIC 9429631,kepler,blend,4.18587282,99.4,1.998,14.525
KIC 1572948,kepler,blend,3.0031801,374.7,2.814,14.526
KIC 12834874,kepler,transit,7.65880048,668.2,3.0427,14.528
KIC 7749318,kepler,eclipse,2.371589507,235104.0,3.5116,14.528
KIC 9818732,kepler,eclipse,45.035589512,404836.0,9.8341,14.529
KIC 11922648,kepler,blend,1.75643185,51.6,2.397,14.529
TIC 139158696,tess,transit,15.3573522,21072.3970721,3.5894467,14.5293
KIC 7116043,kepler,blend,0.566799725,46.7,4.097,14.53
KIC 10978763,kepler,transit,4.97760447,287.3,2.5719,14.531
KIC 6422155,kepler,transit,35.1184432,542.4,4.59,14.532
KIC 3340312,kepler,blend,30.5528972,865.2,5.269,14.532
KIC 11709124,kepler,transit,9.91937693,186.7,4.326,14.534
KIC 5780930,kepler,transit,16.7525077,338.3,3.174,14.534
KIC 6438379,kepler,variable,389.14115,347.4,7.93,14.534
KIC 8036287,kepler,transit,1.44445234,200.7,0.9753,14.536
TIC 404456775,tess,transit,3.0444485,30036.0,0.916,14.5372
KIC 7186665,kepler,eclipse,8.55935323,148.8,4.303,14.538
KIC 9596187,kepler,eclipse,0.953299962,2236.6,1.69478,14.538
KIC 10351767,kepler,variable,0.635069939,33117.3,2.07171,14.539
KIC 5726910,kepler,blend,2.43142974,146.6,2.713,14.539
KIC 7970629,kepler,eclipse,1.025534511,110948.0,3.52048,14.541
KIC 6310636,kepler,transit,0.921030497,101.5,2.6077,14.542
KIC 8760040,kepler,transit,18.2206024,201.8,5.109,14.544
KIC 11619964,kepler,eclipse,10.368552685,153233.0,4.37878,14.545
KIC 10923260,kepler,eclipse,7.436016459,106527.0,4.16284,14.546
KIC 10599397,kepler,eclipse,0.937406378,5079.6,1.9515,14.546
KIC 9729691,kepler,transit,8.689301216,1117.0,2.563,14.548
KIC 10186945,kepler,eclipse,0.793663156,186.2,0.8244,14.549
KIC 6758917,kepler,eclipse,2.236100588,27241.0,1.8643,14.549
TIC 441422655,tess,transit,1.5435057,25465.6222993,1.9863723,14.5499
KIC 8037145,kepler,transit,25.75274977,738.9,2.7678,14.55
KIC 9973109,kepler,transit,27.495634,483.3,4.858,14.55
KIC 6956216,kepler,eclipse,4.818863794,65936.5,6.2625,14.55
KIC 10617638,kepler,blend,0.710894157,122.6,1.0183,14.55
TIC 137683938,tess,transit,3.2903136,15334.2181362,1.7465253,14.5505
KIC 11498128,kepler,transit,106.247882,397.4,13.78,14.552
KIC 9661979,kepler,transit,69.8956789,548.4,5.276,14.552
KIC 6761777,kepler,transit,47.3128645,217.4,11.444,14.553
KIC 6047072,kepler,transit,4.27103727,180.4,2.2759,14.553
KIC 5865654,kepler,transit,23.9553986,228.7,3.204,14.553
KIC 4743508,kepler,eclipse,2.086076372,58858.0,2.4032,14.554
KIC 5988031,kepler,blend,2.55549176,113.8,9.083,14.554
KIC 11457191,kepler,eclipse,1.149198426,37721.0,4.1603,14.554
KIC 5436013,kepler,transit,25.8859397,217.1,4.548,14.556
KIC 6383821,kepler,transit,27.07237655,514.2,6.9592,14.556
KIC 5872150,kepler,eclipse,20.35509657,25079.5,5.33265,14.557
KIC 8008128,kepler,eclipse,14.854415674,77410.4,5.13753,14.558
KIC 11090765,kepler,transit,21.21712312,636.0,5.89,14.56
KIC 8142787,kepler,transit,178.139072,678.8,9.654,14.56
KIC 5461440,kepler,transit,40.606895,657.5,5.756,14.56
KIC 9827596,kepler,blend,1.45728997,71.3,3.582,14.561
KIC 3219995,kepler,transit,18.87058705,588.0,3.4701,14.562
KIC 9532424,kepler,blend,4.30908594,160.8,1.52,14.562
KIC 7047922,kepler,transit,19.76169247,392.5,3.9097,14.563
KIC 8112324,kepler,eclipse,0.575925434,137404.0,2.4676,14.563
KIC 9474232,kepler,blend,13.6917833,145.4,4.198,14.565
KIC 6428794,kepler,transit,169.135056,640.7,8.931,14.566
KIC 9286728,kepler,blend,3.04459739,66.1,7.638,14.567
KIC 10735564,kepler,eclipse,1.674984844,234579.0,4.92134,14.567
KIC 8081482,kepler,eclipse,2.819453322,71867.0,4.4127,14.569
KIC 10964440,kepler,transit,19.12947603,451.2,3.9622,14.569
KIC 7428736,kepler,transit,7.06321927,207.2,2.411,14.572
KIC 9076513,kepler,transit,2.437029217,244.0,3.2005,14.573
KIC 5024292,kepler,eclipse,4.301031137,204153.0,5.65214,14.573
KIC 6032517,kepler,blend,1.791406261,345.5,2.8159,14.574
KIC 1717528,kepler,blend,9.31392071,163.7,0.971,14.574
KIC 8959839,kepler,transit,22.7082375,298.8,3.503,14.574
KIC 9607164,kepler,transit,14.03490255,851.8,3.638,14.574
KIC 3123418,kepler,variable,563.94854,872.9,15.631,14.574
TIC 122785299,tess,transit,8.8849511,16966.9658671,1.9958507,14.575
KIC 7436177,kepler,eclipse,19.93364711,174830.0,8.6122,14.575
KIC 12504988,kepler,eclipse,5.093938816,25026.7,3.93144,14.575
KIC 3346154,kepler,transit,1.952711161,403.0,0.872,14.575
KIC 4902673,kepler,variable,329.71491,337.0,12.11,14.576
TIC 271354351,tess,transit,3.905126,23549.9259888,2.9136919,14.5787
KIC 8009500,kepler,eclipse,38.47674409,173168.0,5.10744,14.579
KIC 6364327,kepler,blend,5.24372504,234.4,17.136,14.579
KIC 8636600,kepler,transit,6.38671206,223.7,1.201,14.58
KIC 9895006,kepler,transit,10.56137217,238.4,3.2645,14.581
KIC 7762717,kepler,variable,462.26052152,,4.05,14.584
TIC 274002141,tess,false_positive,1.6197991,31095.0,0.95,14.5853
TIC 139104940,tess,transit,3.003901,10093.1737819,3.8750477,14.5855
KIC 7103919,kepler,transit,10.7769944,185.6,2.616,14.587
KIC 10418224,kepler,transit,6.8731664,3753.8,6.8569,14.588
KIC 7609553,kepler,transit,2.279523364,126.8,1.6202,14.589
TIC 268159158,tess,transit,4.7082414,10708.303583,3.7013817,14.5892
KIC 5807769,kepler,transit,7.99022379,165.9,3.273,14.59
KIC 9447166,kepler,transit,62.869463,341.7,6.842,14.591
KIC 8973000,kepler,eclipse,28.027891356,243231.0,17.3269,14.594
TIC 291013124,tess,false_positive,6.0368213,108361.0,1.984,14.5979
KIC 7456380,kepler,variable,368.72715,426.6,5.06,14.598
KIC 7091432,kepler,transit,11.55532445,250.0,3.499,14.598
KIC 9941859,kepler,transit,9.57665962,746.8,3.3603,14.598
TIC 202468443,tess,false_positive,2.0685871,38060.0,0.598,14.5982
KIC 10028792,kepler,transit,191.239133,1061.2,16.942,14.6
KIC 7830637,kepler,eclipse,121.5991278,10537.0,15.1596,14.6
KIC 7747425,kepler,transit,42.4729078,334.0,7.253,14.601
KIC 8953257,kepler,eclipse,3.221785738,46379.0,3.3411,14.601
TIC 38087018,tess,transit,1.7292681,23043.2055193,1.8278099,14.6026
KIC 4847801,kepler,blend,371.47786,264.9,12.3,14.603
KIC 3218908,kepler,transit,1.475323222,154.9,2.3155,14.604
TIC 299161524,tess,transit,12.611812,5274.0385549,4.7520365,14.6048
KIC 10139305,kepler,eclipse,2.173552528,3026.0,1.6107,14.605
KIC 4757437,kepler,transit,4.42535097,179.0,3.504,14.606
KIC 11137061,kepler,blend,1.88912273,60.2,4.219,14.606
KIC 10227501,kepler,blend,2.002779769,260.5,2.231,14.606
KIC 4645174,kepler,transit,15.0330623,132.2,6.326,14.606
KIC 6432345,kepler,transit,234.635652,868.5,6.965,14.607
KIC 10215422,kepler,eclipse,24.847087207,317670.0,7.28274,14.608
KIC 3836558,kepler,blend,1.54039744,127.6,1.787,14.608
KIC 8543278,kepler,eclipse,7.549299761,44575.7,2.46338,14.608
KIC 9570741,kepler,transit,15.77980122,541.4,4.0369,14.608
KIC 9846086,kepler,eclipse,37.86511904,6941.7,2.9799,14.608
KIC 4466677,kepler,transit,3.222975318,232.7,2.9247,14.609
KIC 9602538,kepler,blend,3.55646511,46.1,4.72,14.609
KIC 10122255,kepler,transit,27.6652847,469.2,6.633,14.609
KIC 8481129,kepler,transit,16.3012727,259.5,3.974,14.61
KIC 4824268,kepler,eclipse,152.15144795,151815.0,26.8612,14.61
KIC 10549023,kepler,transit,14.36270451,349.4,4.564,14.612
KIC 2576197,kepler,blend,2.217038096,543.7,1.8575,14.613
KIC 10554999,kepler,transit,2.735900074,428.9,1.9359,14.613
KIC 9851271,kepler,blend,8.48031229,351.1,7.105,14.613
KIC 11706658,kepler,eclipse,1.407937865,50793.0,1.585,14.614
KIC 8076630,kepler,blend,0.861643331,232.5,2.4318,14.614
TIC 122596693,tess,transit,3.5256535,23882.7029386,2.5111799,14.6147
KIC 9782691,kepler,transit,11.38840217,438.0,3.6949,14.615
KIC 10470993,kepler,blend,0.93374417,31.3,3.385,14.616
KIC 5685113,kepler,variable,37.078668,147.4,4.403,14.617
KIC 8984755,kepler,blend,0.734573766,68.4,1.295,14.617
KIC 9392702,kepler,eclipse,3.909314318,97123.4,5.36124,14.618
KIC 6863839,kepler,blend,1.926353494,185.1,2.5305,14.618
KIC 5730389,kepler,blend,2.759573341,382.0,6.999,14.618
KIC 7269974,kepler,transit,13.69942266,1292.9,4.3409,14.619
KIC 7770471,kepler,variable,1.157804607,605713.0,4.66082,14.62
KIC 10189546,kepler,transit,24.61480613,1798.0,2.6602,14.621
KIC 3660924,kepler,transit,4.24153629,188.1,2.971,14.621
KIC 11244137,kepler,transit,2.03387483,73.6,3.097,14.621
KIC 3937519,kepler,transit,5.89661966,144.0,3.154,14.622
KIC 10074700,kepler,eclipse,365.620697,27188.0,32.263,14.622
KIC 9364290,kepler,transit,5.26211833,194.5,3.244,14.623
KIC 6947164,kepler,eclipse,70.58284717,150931.0,8.81169,14.624
KIC 9735426,kepler,transit,8.08801663,952.9,1.8334,14.624
KIC 5629353,kepler,transit,7.5844241,1005.0,3.918,14.624
KIC 7296086,kepler,blend,0.890737359,195.8,1.9257,14.624
KIC 8120608,kepler,transit,22.40777833,661.3,3.2881,14.625
KIC 5088591,kepler,transit,14.5324483,1355.9,3.13,14.625
KIC 3230753,kepler,blend,17.7337356,217.3,5.558,14.625
KIC 9933600,kepler,variable,230.70578883,,2.69,14.626
KIC 6705137,kepler,blend,5.59727625,200.8,1.659,14.626
KIC 11656302,kepler,eclipse,22.264806569,19372.6,8.7941,14.626
KIC 5032842,kepler,variable,18.40783671,,1.55,14.628
KIC 6034945,kepler,transit,9.11500269,268.3,4.558,14.63
KIC 9271752,kepler,transit,11.36113254,569.5,4.1886,14.63
KIC 11818607,kepler,transit,5.05661302,137.9,3.926,14.63
KIC 11401182,kepler,transit,0.927859786,515.3,1.4279,14.631
KIC 4544907,kepler,transit,46.8776724,539.8,10.041,14.632
KIC 6199702,kepler,blend,0.805259637,341.8,0.9779,14.633
KIC 3109930,kepler,transit,37.8102649,570.3,8.733,14.633
KIC 8162789,kepler,transit,10.161023528,1653.9,3.1627,14.633
KIC 3128793,kepler,eclipse,24.68662378,8052.3,15.168,14.633
KIC 11303322,kepler,transit,38.1303324,180.4,6.53,14.633
KIC 8229458,kepler,transit,1.646801683,284.2,1.1966,14.634
KIC 6890618,kepler,blend,1.574063832,1118.1,5.6357,14.636
KIC 8218379,kepler,transit,16.57099265,644.9,2.9052,14.64
KIC 6842682,kepler,transit,7.56126152,180.6,2.851,14.64
KIC 11718144,kepler,transit,16.4581861,435.8,1.9637,14.64
KIC 6291033,kepler,transit,3.705991661,501.4,5.1658,14.641
KIC 9576197,kepler,eclipse,7.964440392,68454.0,9.1701,14.641
TIC 60074373,tess,false_positive,3.190373,42550.0,2.684,14.6435
KIC 5977804,kepler,blend,3.31976683,48.0,4.523,14.644
KIC 5809954,kepler,eclipse,137.8645881,2363.0,1.922,14.645
KIC 1722276,kepler,variable,569.934135,18904.0,4.1904,14.645
KIC 11228612,kepler,eclipse,2.980479588,375343.0,3.72527,14.647
KIC 12459913,kepler,transit,12.91385906,487.9,5.3685,14.647
KIC 10158729,kepler,transit,58.601926,396.4,5.522,14.649
KIC 12164770,kepler,blend,2.63009438,388.9,11.226,14.651
KIC 9412445,kepler,blend,10.18670759,261.2,7.498,14.651
KIC 8751933,kepler,transit,86.64764448,7311.6,4.2326,14.651
KIC 11358389,kepler,transit,17.7838298,247.1,3.997,14.651
KIC 9714550,kepler,transit,4.73292061,151.6,1.746,14.651
KIC 9518558,kepler,blend,2.178142613,172.7,0.906,14.652
KIC 11357185,kepler,variable,185.243906,383.9,3.276,14.652
KIC 12207117,kepler,variable,1.6031794,,0.91,14.653
KIC 4049124,kepler,eclipse,4.804469712,132624.0,3.51946,14.654
KIC 10482160,kepler,transit,7.34373964,574.4,1.1784,14.657
KIC 7838675,kepler,transit,1.005205893,97.5,1.63,14.658
KIC 6525209,kepler,blend,1.71029474,158.9,2.946,14.658
KIC 11966253,kepler,blend,0.643468999,108.0,1.1108,14.658
KIC 3120308,kepler,blend,10.26558924,254.6,3.879,14.658
KIC 10342041,kepler,blend,0.933746515,2936.6,6.6522,14.658
KIC 5438757,kepler,transit,10.35078415,273.1,6.253,14.659
KIC 5607631,kepler,blend,20.5696575,401.5,4.263,14.659
KIC 10141938,kepler,variable,360.76458,383.7,21.22,14.659
KIC 3834364,kepler,eclipse,2.908454772,64325.0,2.6005,14.661
KIC 10275077,kepler,variable,363.35755,395.3,19.85,14.661
KIC 3533483,kepler,variable,308.185801,708.7,3.689,14.664
KIC 4665991,kepler,blend,1.12401084,43.6,3.052,14.665
KIC 11073351,kepler,transit,2.820190603,467.5,2.554,14.665
KIC 6124512,kepler,transit,8.38395796,108.5,5.2,14.667
KIC 8439323,kepler,transit,4.62602867,346.9,0.643,14.667
TIC 143032776,tess,false_positive,12.4856615,67270.0,2.538,14.667
KIC 6205228,kepler,transit,3.770590654,314.4,2.029,14.668
KIC 11773022,kepler,transit,45.15535633,6208.7,5.7845,14.669
KIC 8949247,kepler,eclipse,23.799939273,60186.4,5.02319,14.669
KIC 6750902,kepler,eclipse,0.469334634,340.4,0.8864,14.67
KIC 6629156,kepler,variable,0.71538172,,5.0,14.67
KIC 5686174,kepler,transit,14.28228147,983.2,2.6588,14.672
KIC 12115188,kepler,eclipse,0.495434094,287.9,1.2496,14.672
KIC 9850893,kepler,blend,8.48039789,259.7,6.249,14.673
KIC 10155434,kepler,transit,12.70636123,871.7,2.395,14.673
KIC 10614158,kepler,variable,4.46255312,22720.0,14.0957,14.673
KIC 8344004,kepler,transit,2.06190864,214.0,1.9743,14.674
KIC 8963721,kepler,blend,1.811460943,428.5,5.065,14.674
KIC 8358008,kepler,eclipse,10.064687893,10088.0,3.59854,14.674
KIC 11497977,kepler,transit,4.79860021,817.4,3.0384,14.675
KIC 9964748,kepler,blend,1.183818383,84.3,1.393,14.675
KIC 10426656,kepler,transit,6.05729966,385.2,3.7419,14.678
KIC 11244682,kepler,transit,3.490785878,336.8,1.4513,14.678
KIC 9305831,kepler,transit,3.246732048,6998.2,3.0535,14.678
KIC 6233466,kepler,eclipse,15.873380595,208362.0,8.0429,14.679
KIC 10513530,kepler,transit,16.54967098,744.5,4.3808,14.68
KIC 5737869,kepler,blend,26.2402438,174.0,3.024,14.68
KIC 11465651,kepler,transit,31.3351094,264.9,6.071,14.681
KIC 10363300,kepler,eclipse,0.934926138,131941.0,3.1925,14.681
KIC 10990917,kepler,transit,11.04605365,308.3,4.799,14.681
KIC 12156174,kepler,transit,56.6746666,883.1,5.516,14.682
KIC 7456001,kepler,transit,40.0686713,970.9,5.8875,14.683
KIC 8565266,kepler,transit,6.412512953,1156.4,5.2677,14.684
KIC 5388229,kepler,variable,0.61810542,12264.0,6.666,14.684
KIC 9541322,kepler,blend,9.40527028,470.9,2.076,14.685
KIC 5545815,kepler,blend,4.35370136,168.9,1.913,14.685
KIC 8226050,kepler,transit,34.2685741,699.3,4.8251,14.685
KIC 8246781,kepler,eclipse,185.02288222,43546.7,4.87326,14.685
KIC 8367113,kepler,transit,24.31574009,643.3,4.1344,14.686
KIC 6871071,kepler,transit,3.2828024,142.5,3.2532,14.686
KIC 8573193,kepler,transit,8.18504859,97.6,4.673,14.686
KIC 10934674,kepler,transit,16.54295261,726.0,3.8516,14.687
TIC 154220877,tess,transit,2.002703,25076.5147415,1.5778338,14.6877
KIC 12121470,kepler,blend,1.877350712,185.6,1.7478,14.688
KIC 9150827,kepler,transit,14.53410833,510.6,3.3094,14.688
KIC 5007345,kepler,transit,7.01074295,222.8,2.1787,14.689
KIC 10544677,kepler,blend,19.7352868,319.4,5.097,14.689
KIC 3865298,kepler,eclipse,9.53040216,321541.0,5.95809,14.689
KIC 9845898,kepler,transit,45.126216,373.1,6.656,14.689
KIC 12022718,kepler,eclipse,4.627775175,5675.1,3.4079,14.69
KIC 8164012,kepler,transit,1.252753881,200.0,2.1472,14.69
KIC 7918992,kepler,transit,1.434745129,200.7,1.862,14.691
KIC 7386200,kepler,variable,575.42002,401.7,17.22,14.693
KIC 5103942,kepler,eclipse,10.10176739,601.7,2.1267,14.694
KIC 8949512,kepler,variable,376.554588,481.0,3.182,14.694
KIC 9027909,kepler,transit,64.6589166,235.4,7.71,14.694
KIC 5709889,kepler,blend,0.526887517,119.9,0.8971,14.694
KIC 3247268,kepler,transit,12.21828097,1843.4,2.6969,14.696
KIC 8241736,kepler,variable,368.49828,581.9,14.903,14.697
KIC 10973664,kepler,transit,1.208462378,227.3,1.544,14.697
TIC 164786087,tess,transit,4.0822894,16484.9762858,3.2882557,14.6979
KIC 8611257,kepler,transit,99.2532336,538.0,7.208,14.699
KIC 5617854,kepler,transit,3.517494725,532.8,1.5639,14.699
KIC 7019524,kepler,transit,5.30873978,127.5,3.018,14.699
KIC 11192998,kepler,transit,34.25951418,1072.5,4.7743,14.701
KIC 9479460,kepler,eclipse,2.073873563,603811.0,6.5605,14.701
KIC 3122985,kepler,eclipse,0.993488979,24327.0,1.9694,14.701
KIC 12107008,kepler,blend,5.93725628,115.6,3.639,14.702
TIC 915110182,tess,transit,1.4328255,51089.4348604,2.0718518,14.7028
KIC 4179201,kepler,variable,326.70552,794.0,3.36,14.703
KIC 9588880,kepler,variable,77.97621155,,2.0,14.703
TIC 146463781,tess,false_positive,0.417921,41644.893112,1.843947,14.7034
KIC 5040223,kepler,blend,0.996023763,98.3,5.412,14.705
KIC 8620402,kepler,transit,14.1959621,196.2,3.605,14.706
KIC 9941387,kepler,eclipse,27.659607786,318404.0,4.16321,14.706
KIC 10963242,kepler,transit,6.1469956,249.6,3.3153,14.706
KIC 11823054,kepler,transit,3.137845914,305.7,1.91,14.707
KIC 10152836,kepler,eclipse,220.9290121,2456.5,7.335,14.707
KIC 3761319,kepler,variable,16.2480865,438.7,8.232,14.708
KIC 9940565,kepler,eclipse,2.139325409,6897.8,2.8056,14.708
KIC 4545187,kepler,transit,41.0081117,1004.5,4.376,14.708
KIC 12508335,kepler,eclipse,42.94386258,9207.9,3.7591,14.708
KIC 10454313,kepler,transit,4.221626193,658.0,3.0619,14.708
KIC 8845205,kepler,transit,18.47762694,2604.6,1.94,14.708
TIC 431999925,tess,false_positive,1.445433,16635.28994,3.684343,14.7095
KIC 3342467,kepler,eclipse,88.1804682,1138.6,5.033,14.71
KIC 5978559,kepler,transit,95.6114617,487.4,7.489,14.71
KIC 6152974,kepler,transit,20.172024672,5368.1,3.1488,14.711
KIC 4851356,kepler,blend,1.23513471,42.8,5.44,14.712
KIC 8565912,kepler,eclipse,1.012174295,323029.0,4.6617,14.712
KIC 8294484,kepler,eclipse,1.012694226,108504.0,3.6017,14.713
KIC 9767392,kepler,eclipse,1.457256942,364905.0,6.51381,14.713
KIC 3657176,kepler,blend,17.4166143,314.2,2.445,14.715
KIC 5562784,kepler,blend,25.33709016,2279.4,9.664,14.716
KIC 4275117,kepler,blend,1.00652785,125.9,1.3175,14.716
KIC 11453592,kepler,transit,2.8867624,631.8,0.9879,14.717
KIC 9007953,kepler,blend,1.38718209,45.5,2.595,14.718
KIC 11662184,kepler,transit,27.5722144,296.3,5.256,14.718
KIC 7119481,kepler,transit,25.85499978,610.5,3.8737,14.718
KIC 2557816,kepler,transit,9.3789167,563.5,3.3427,14.72
KIC 3847907,kepler,transit,3.573202801,2975.0,2.88,14.72
KIC 5471059,kepler,eclipse,2.636899795,426.2,0.9105,14.72
KIC 7906671,kepler,blend,45.1178526,389.2,3.737,14.72
KIC 6501635,kepler,transit,23.67513153,980.4,4.647,14.721
KIC 11923074,kepler,blend,1.75647084,69.5,2.538,14.723
KIC 5629538,kepler,transit,15.18727049,292.5,4.509,14.724
KIC 10330495,kepler,eclipse,18.060078203,58975.4,11.5759,14.724
KIC 5036705,kepler,transit,4.14789051,137.6,3.829,14.725
KIC 6863161,kepler,variable,1.98663794,63156.0,4.7585,14.726
KIC 6600515,kepler,variable,372.04697,673.4,14.29,14.726
KIC 6452742,kepler,eclipse,0.687772143,40368.3,2.56725,14.726
KIC 6600492,kepler,variable,312.61007,438.7,14.85,14.728
KIC 6846911,kepler,transit,14.02634692,403.6,1.2808,14.729
KIC 9953575,kepler,variable,362.69427,439.9,9.7,14.73
KIC 9597411,kepler,eclipse,1.575631524,25626.6,2.59202,14.731
KIC 5780715,kepler,blend,1.583160478,732.6,1.1935,14.731
KIC 8043052,kepler,eclipse,2.244600029,8611.0,1.9204,14.731
KIC 5706966,kepler,transit,24.0884178,387.2,3.952,14.731
KIC 8158324,kepler,variable,593.19521,227.3,25.65,14.733
TIC 268924036,tess,transit,2.0523417,34476.0907387,2.1224957,14.7344
KIC 4249725,kepler,transit,6.312508525,1286.0,2.7455,14.735
KIC 11124509,kepler,eclipse,4.446459958,5663.8,2.558,14.735
KIC 7620413,kepler,transit,2.543063763,152.0,2.8473,14.736
KIC 11724210,kepler,eclipse,5.746017234,29236.3,3.6347,14.737
KIC 5512513,kepler,eclipse,0.77459856,,2.71,14.737
KIC 6500206,kepler,eclipse,13.37499553,458.1,1.639,14.738
KIC 8746295,kepler,blend,6.85567248,197.7,2.268,14.738
KIC 8129005,kepler,blend,7.1403113,112.1,5.891,14.738
KIC 11337833,kepler,transit,51.3011844,498.9,5.359,14.739
KIC 5858519,kepler,eclipse,4.18236124,193983.0,6.70175,14.74
KIC 4454934,kepler,transit,33.4698571,370.7,4.749,14.74
KIC 5357901,kepler,transit,3.797018259,14431.2,2.2608,14.741
KIC 5122112,kepler,eclipse,3.055171082,8665.3,1.6798,14.741
KIC 11233911,kepler,eclipse,2.479948394,150682.0,5.7219,14.742
KIC 4380283,kepler,eclipse,0.872359598,267053.0,3.74512,14.742
KIC 8229696,kepler,transit,10.12805158,477.4,3.517,14.743
KIC 8043638,kepler,transit,17.58751692,1377.8,4.3773,14.743
KIC 9353314,kepler,transit,5.18498961,430.1,2.1397,14.744
KIC 6964159,kepler,blend,25.503628,204.4,3.913,14.746
KIC 7107802,kepler,transit,10.41728722,210.4,4.125,14.746
KIC 6595662,kepler,eclipse,2.680514453,195748.0,3.21178,14.746
KIC 8564674,kepler,transit,5.92972237,412.1,2.518,14.746
KIC 11656721,kepler,transit,13.64617478,633.0,3.4098,14.748
KIC 9844088,kepler,transit,3.750832927,2397.9,1.9457,14.749
KIC 9216775,kepler,transit,3.91794676,116.5,2.549,14.75
KIC 10489206,kepler,transit,4.164384505,2338.0,1.8464,14.752
KIC 9839081,kepler,variable,2.559236603,11273.0,1.6706,14.752
KIC 2830919,kepler,blend,1.54038914,71.8,1.683,14.753
KIC 10793172,kepler,transit,5.36375016,114.3,2.94,14.754
KIC 10724369,kepler,transit,55.6391882,853.0,7.316,14.755
KIC 11092040,kepler,variable,419.92898,233.5,14.55,14.755
KIC 3241344,kepler,eclipse,3.912679136,291510.0,3.556,14.756
KIC 5106313,kepler,transit,3.89524296,189.0,1.689,14.756
KIC 11651105,kepler,variable,13.8602646,481.1,74.26,14.756
KIC 1870398,kepler,eclipse,43.142257,283.2,61.73,14.756
KIC 2164169,kepler,transit,32.3122867,677.8,6.569,14.757
KIC 7773179,kepler,blend,2.15681538,106.5,5.115,14.758
KIC 6964929,kepler,transit,0.665025941,104.7,1.7542,14.758
KIC 11037818,kepler,transit,259.34304,349.7,16.04,14.759
KIC 5709725,kepler,transit,86.4943704,995.2,7.471,14.759
TIC 219189765,tess,transit,1.7318529,36359.4301748,1.6919639,14.7599
KIC 10342248,kepler,blend,0.93373458,127.7,4.364,14.76
KIC 11499757,kepler,variable,12.314402323,393895.0,5.8903,14.76
KIC 6383785,kepler,transit,3.62275506,180.6,2.7868,14.762
KIC 4848424,kepler,blend,1.50179931,100.1,3.275,14.762
KIC 5301750,kepler,transit,44.5520266,362.1,6.0,14.764
KIC 4254466,kepler,transit,42.3006282,507.9,4.372,14.766
KIC 8804283,kepler,transit,22.79020351,617.9,5.0394,14.766
KIC 8160953,kepler,transit,116.3311739,1586.3,7.025,14.767
KIC 5300878,kepler,eclipse,0.639721284,465918.0,2.69771,14.767
KIC 9589524,kepler,transit,22.18431824,1593.0,3.0397,14.767
KIC 8746310,kepler,eclipse,6.855624762,70873.0,3.02199,14.767
KIC 5781991,kepler,variable,501.51698,487.0,3.809,14.768
KIC 9652655,kepler,blend,2.48882685,80.2,3.487,14.768
KIC 5791986,kepler,transit,15.22895514,1124.8,2.5967,14.769
KIC 10464050,kepler,transit,4.469754641,553.9,1.813,14.769
KIC 8608490,kepler,eclipse,0.541405029,327656.0,2.7481,14.771
KIC 5360082,kepler,eclipse,11.35501209,19675.0,14.557,14.772
KIC 4647662,kepler,blend,1.06484622,42.4,3.287,14.772
KIC 12116489,kepler,transit,25.30291816,2105.7,4.4903,14.773
KIC 4929299,kepler,eclipse,0.868723418,197.1,1.4617,14.774
KIC 10420279,kepler,eclipse,45.43324862,414352.0,14.242,14.774
KIC 10973814,kepler,transit,20.34237838,564.6,2.3351,14.775
KIC 3964545,kepler,eclipse,3.012476415,198402.0,3.31903,14.776
KIC 8681734,kepler,transit,7.68478504,274.1,2.447,14.776
KIC 7599004,kepler,eclipse,2.41172358,3364.7,2.6311,14.777
KIC 10384798,kepler,transit,38.505224,695.2,5.941,14.777
KIC 8950568,kepler,transit,17.9134215,197.8,4.364,14.779
KIC 4829935,kepler,blend,16.9329284,488.3,1.218,14.779
KIC 11657614,kepler,transit,5.94228603,250.0,2.169,14.779
KIC 6666233,kepler,eclipse,0.512407185,329.2,1.0579,14.78
KIC 11493431,kepler,transit,2.343230566,246.5,2.0424,14.782
KIC 5992270,kepler,blend,58.4302648,1849.5,7.18,14.782
KIC 5801571,kepler,eclipse,0.838597429,2482.1,1.68668,14.784
KIC 4725292,kepler,variable,1.15495063,,2.31,14.785
KIC 9644411,kepler,blend,0.379412331,594.0,1.561,14.785
KIC 8904714,kepler,blend,5.2362026,2019.5,3.148,14.786
KIC 4281700,kepler,variable,222.84909312,,2.43,14.786
KIC 5526527,kepler,transit,16.7364755,1147.0,2.151,14.786
KIC 6975615,kepler,blend,2.065351521,173.2,2.661,14.788
KIC 7211469,kepler,transit,11.29689442,198.5,4.623,14.788
KIC 6960456,kepler,blend,5.07442951,250.2,4.064,14.789
TIC 26584326,tess,transit,4.959174,16934.66655,1.7965588,14.7897
KIC 12120307,kepler,transit,8.00504749,187.5,3.32,14.79
KIC 5962262,kepler,transit,8.61742738,154.9,2.713,14.79
KIC 10132908,kepler,variable,386.59946,380.7,3.305,14.79
KIC 10281311,kepler,variable,234.66319186,243.5,7.627,14.79
KIC 6962018,kepler,eclipse,0.634946497,426554.0,2.40541,14.791
KIC 3547760,kepler,blend,9.8480917,141.9,3.079,14.791
KIC 6422367,kepler,blend,4.33144839,216.4,2.58,14.791
KIC 3235672,kepler,variable,6.7210783,,7.46,14.792
KIC 8285970,kepler,variable,0.562498925,420.1,0.6743,14.792
KIC 7032421,kepler,eclipse,20.55848388,677.3,1.449,14.792
KIC 10604592,kepler,transit,2.18660188,122.3,1.585,14.793
KIC 2837111,kepler,transit,8.7348852,270.7,4.49,14.794
KIC 9583881,kepler,transit,18.00932214,3004.4,4.9611,14.794
KIC 7871395,kepler,variable,501.07647447,,3.21,14.795
KIC 5440472,kepler,variable,396.349253,413.1,2.685,14.795
KIC 5940165,kepler,transit,9.30413878,637.3,1.9254,14.796
TIC 280210963,tess,transit,2.8280391,28860.8258278,2.6215943,14.7971
KIC 6209677,kepler,transit,7.76845639,217.8,3.689,14.8
KIC 10669994,kepler,transit,2.71603664,98.5,1.744,14.801
KIC 4135665,kepler,transit,4.16811839,263.0,2.8084,14.801
KIC 7866921,kepler,eclipse,91.4999978,65496.0,19.5818,14.801
KIC 6877871,kepler,variable,0.536869783,221.7,4.164,14.801
TIC 272366748,tess,transit,3.8555897,16813.9237374,3.2379644,14.8018
KIC 5474613,kepler,transit,13.6164547,376.1,5.175,14.802
KIC 10577994,kepler,transit,15.31296388,864.9,3.0935,14.802
KIC 11360805,kepler,transit,26.7838935,365.3,4.584,14.803
KIC 3244792,kepler,transit,3.0570982,144.0,3.571,14.803
KIC 6060203,kepler,transit,1.022678654,129.2,1.3712,14.803
KIC 10904857,kepler,transit,3.120828136,16456.0,2.1878,14.804
KIC 4852528,kepler,transit,7.053527145,1480.1,2.3982,14.804
KIC 7098355,kepler,transit,29.00789166,906.3,5.0274,14.805
KIC 4770617,kepler,transit,8.45805119,258.7,2.998,14.806
KIC 4852297,kepler,blend,3.28931936,166.0,1.921,14.806
KIC 10010452,kepler,variable,358.74318,760.5,19.76,14.806
KIC 9284741,kepler,eclipse,20.729255112,341973.0,7.53677,14.807
KIC 8822216,kepler,transit,151.863949,747.0,8.577,14.807
KIC 3338660,kepler,eclipse,1.873380717,538716.0,10.1083,14.807
KIC 7037540,kepler,variable,0.858285844,43.4,1.799,14.808
KIC 9020160,kepler,transit,5.945043548,800.2,2.7004,14.808
KIC 4247807,kepler,blend,2.02487934,145.8,1.621,14.808
KIC 8483241,kepler,variable,373.72257,470.9,14.21,14.808
TIC 262499797,tess,false_positive,1.7509117,70067.1013669,1.4130673,14.8083
KIC 8564587,kepler,transit,5.729317577,865.4,1.1816,14.809
KIC 6049190,kepler,transit,70.468171,922.4,6.653,14.811
KIC 9714696,kepler,blend,1.433339604,305.2,1.3665,14.811
KIC 10070468,kepler,transit,1.68189051,83.2,2.992,14.812
KIC 6776401,kepler,transit,26.85323647,965.8,4.4557,14.812
KIC 10730250,kepler,blend,13.667809025,127.7,2.7993,14.812
KIC 10656823,kepler,transit,34.0963441,472.7,3.896,14.813
KIC 1026032,kepler,eclipse,8.460438928,76412.9,4.73492,14.813
KIC 9719634,kepler,blend,3.351556891,341.9,2.4005,14.815
KIC 4150703,kepler,blend,8.6532378,126.0,2.974,14.815
KIC 5895158,kepler,transit,1.093665854,218.4,1.4399,14.815
KIC 7286911,kepler,transit,11.55562042,441.5,1.6758,14.816
KIC 10332213,kepler,transit,2.522590567,210.2,1.406,14.816
KIC 9818462,kepler,transit,25.9421582,569.7,4.045,14.817
KIC 4740375,kepler,variable,471.95076253,,5.03,14.817
KIC 8625732,kepler,blend,31.97181,117.4,12.277,14.817
KIC 5959753,kepler,transit,8.30865307,836.1,3.2747,14.817
KIC 9899577,kepler,blend,1.33258981,78.4,3.987,14.818
KIC 3240158,kepler,transit,15.9868932,178.5,4.158,14.818
KIC 11255231,kepler,blend,13.6550963,196.3,4.117,14.818
KIC 10388286,kepler,transit,1.682695938,703.8,1.3867,14.818
KIC 5481148,kepler,blend,22.023514,1670.0,1.932,14.818
KIC 9181340,kepler,blend,2.131225773,2337.1,5.4932,14.818
KIC 4077526,kepler,transit,40.1015561,550.0,5.246,14.82
KIC 9451521,kepler,variable,231.521608,478.7,2.819,14.821
KIC 10798838,kepler,eclipse,62.127677128,37430.2,5.25005,14.822
KIC 11518142,kepler,transit,240.7990472,5022.9,16.666,14.822
KIC 12116380,kepler,transit,4.3394569,337.4,2.3652,14.822
KIC 7658229,kepler,eclipse,36.1826854,9471.7,4.2546,14.824
KIC 6838050,kepler,transit,6.51003001,602.8,3.3095,14.825
KIC 10156110,kepler,blend,4.85603482,76.7,3.078,14.826
KIC 11499192,kepler,transit,4.13592927,156.2,2.377,14.826
KIC 12400538,kepler,transit,150.2412582,2378.5,10.849,14.827
KIC 10718726,kepler,transit,3.595769013,383.7,3.1569,14.827
KIC 8409295,kepler,transit,82.292865,371.1,7.048,14.828
KIC 12170648,kepler,eclipse,0.299697755,346.9,0.8473,14.828
KIC 4243911,kepler,transit,1.922799706,259.7,1.8604,14.829
KIC 12418724,kepler,transit,20.55331441,678.3,5.3136,14.829
TIC 459323923,tess,transit,2.6520679,126188.0,1.53,14.8294
KIC 7698701,kepler,variable,321.55087,397.0,5.863,14.83
KIC 6029130,kepler,eclipse,12.591656377,302584.0,5.53385,14.832
KIC 5009189,kepler,eclipse,4.93913074,382.9,1.362,14.832
KIC 6665512,kepler,transit,6.92101452,529.7,4.3591,14.832
KIC 10031918,kepler,blend,8.5900471,137.0,3.463,14.832
KIC 5303185,kepler,variable,26.1537851,228.6,1.802,14.833
KIC 2860114,kepler,blend,0.941603153,462.1,1.1886,14.834
KIC 7289317,kepler,transit,16.83203175,326.0,4.031,14.834
KIC 3654095,kepler,blend,1.303576682,245.5,1.021,14.834
KIC 11502867,kepler,transit,3.217518511,14319.4,2.11481,14.835
KIC 8321314,kepler,transit,15.03366411,374.9,3.272,14.837
KIC 5962514,kepler,eclipse,0.790046373,149304.0,4.9939,14.838
KIC 7047207,kepler,transit,19.1187425,217.5,6.805,14.838
KIC 3747817,kepler,transit,184.77271,951.4,9.568,14.838
KIC 8257205,kepler,transit,148.4601819,1532.1,5.499,14.839
KIC 9653622,kepler,transit,19.0054098,542.4,1.843,14.839
KIC 9655792,kepler,variable,589.74851,462.4,12.74,14.839
KIC 9597729,kepler,blend,0.87630504,170.9,1.11,14.84
KIC 5371776,kepler,transit,5.315954488,965.9,1.1165,14.84
KIC 6432059,kepler,variable,0.76973817,,2.5,14.84
KIC 11308499,kepler,transit,12.51610549,263.0,4.853,14.842
KIC 8962007,kepler,blend,1.41435861,56.8,2.285,14.842
KIC 7681230,kepler,eclipse,0.962590772,1021.6,1.2569,14.843
KIC 10710755,kepler,eclipse,4.816610903,80226.0,3.82353,14.843
KIC 5386264,kepler,eclipse,12.435190544,71.9,3.8305,14.844
KIC 3836522,kepler,blend,1.540393027,526.2,1.75,14.844
KIC 7618231,kepler,variable,92.9314146,,2.35,14.844
KIC 5357470,kepler,eclipse,2.17257963,335.5,1.5794,14.845
KIC 9412462,kepler,eclipse,10.186578749,340671.0,10.6304,14.846
KIC 6231401,kepler,eclipse,6.091954982,36700.0,3.60482,14.847
KIC 9092496,kepler,variable,94.180473,1104.4,7.345,14.848
KIC 6200612,kepler,variable,370.50684,418.6,12.132,14.851
KIC 5535280,kepler,eclipse,74.985292949,105346.0,6.23451,14.851
KIC 6142862,kepler,blend,5.33459393,226.3,2.642,14.853
KIC 12557713,kepler,eclipse,7.214721393,46801.5,2.36464,14.853
KIC 6786037,kepler,transit,21.05349939,496.6,7.1605,14.854
KIC 8233802,kepler,blend,69.3788597,530.4,3.807,14.854
KIC 7661065,kepler,eclipse,4.150297119,593.4,1.2058,14.854
KIC 10676824,kepler,transit,6.45442931,586.1,2.6772,14.854
KIC 10422852,kepler,eclipse,1.398890216,66012.0,4.9641,14.855
KIC 9002237,kepler,eclipse,4.350087749,23593.0,2.6428,14.855
KIC 10664416,kepler,eclipse,25.3239215,1379.7,70.405,14.856
KIC 6937692,kepler,transit,35.18105723,987.7,7.545,14.856
KIC 8625925,kepler,transit,6.521209629,760.4,2.7975,14.856
KIC 8742270,kepler,eclipse,397.3958488,29825.0,6.1014,14.857
KIC 7023960,kepler,eclipse,30.882538697,24012.0,5.3737,14.857
KIC 7750740,kepler,eclipse,5.874197307,205698.0,4.26585,14.857
TIC 170849515,tess,transit,1.9416366,32945.1347849,1.9321358,14.857
KIC 6939670,kepler,eclipse,4.238855579,68002.0,5.2235,14.858
KIC 8355239,kepler,transit,20.13490007,1035.2,3.7962,14.859
KIC 7185710,kepler,variable,160.243128,556.4,5.393,14.859
KIC 10024051,kepler,transit,0.577369336,400.4,1.0852,14.859
KIC 9353742,kepler,transit,0.938750221,280.7,1.3568,14.86
KIC 7386827,kepler,transit,10.4188915,670.0,3.0069,14.86
KIC 8099138,kepler,transit,66.1843646,560.5,5.155,14.862
KIC 8806072,kepler,transit,40.05881661,1239.4,5.595,14.862
KIC 9850843,kepler,blend,8.48039,133.7,6.134,14.863
KIC 6307062,kepler,eclipse,75.378956896,539175.0,7.70352,14.863
KIC 9993529,kepler,blend,0.790539912,277.3,1.0567,14.864
KIC 8028465,kepler,variable,261.684363,817.0,3.892,14.864
KIC 11134079,kepler,eclipse,1.260575815,154278.0,2.36064,14.864
KIC 10201891,kepler,variable,372.30881,535.2,3.874,14.866
KIC 8612275,kepler,transit,7.18644594,402.0,1.4972,14.866
KIC 9532997,kepler,variable,49.763624,412.0,2.749,14.867
KIC 8934495,kepler,transit,4.592393816,1027.7,2.2748,14.868
KIC 7024045,kepler,variable,23.9341825,228.1,1.607,14.869
KIC 5440317,kepler,transit,2.31941571,96.4,1.591,14.869
KIC 5529738,kepler,blend,0.759762021,227.0,4.912,14.871
KIC 10600955,kepler,transit,65.6480892,588.7,5.746,14.872
KIC 10585887,kepler,variable,378.65484,247.8,11.3,14.872
KIC 4049108,kepler,blend,4.804469031,744.4,3.4587,14.873
KIC 8582291,kepler,blend,2.4681015,172.8,2.83,14.874
KIC 11506235,kepler,eclipse,20.413052415,92672.5,4.4621,14.874
KIC 5546761,kepler,transit,17.6700291,348.4,6.693,14.874
KIC 9906802,kepler,variable,9.26147679,,1.77,14.874
KIC 5978361,kepler,transit,9.17858526,796.5,2.1945,14.874
KIC 6841577,kepler,eclipse,15.53753378,209006.0,5.8262,14.875
KIC 8572936,kepler,eclipse,27.795762425,420329.0,15.5056,14.875
KIC 9839821,kepler,transit,180.921729,742.4,8.99,14.876
KIC 9847239,kepler,eclipse,28.507877538,24372.3,3.13331,14.876
KIC 9899153,kepler,blend,1.33256167,59.5,3.743,14.877
KIC 4750341,kepler,blend,1.97515457,66.1,2.633,14.878
KIC 7287415,kepler,transit,3.016182013,222.5,2.8349,14.878
KIC 11449918,kepler,variable,374.59003,267.9,15.19,14.878
KIC 10019708,kepler,transit,3.268695042,10091.4,3.45188,14.879
KIC 9910828,kepler,blend,8.48032079,170.7,5.791,14.879
KIC 11285870,kepler,transit,4.48494315,134.9,2.752,14.879
KIC 2580872,kepler,variable,15.926632768,271858.0,7.42888,14.88
KIC 6119921,kepler,variable,245.01902,375.9,8.56,14.881
KIC 11401767,kepler,transit,20.0545282,305.4,7.173,14.881
KIC 7461314,kepler,blend,0.773595312,93.0,0.781,14.882
KIC 6381846,kepler,transit,11.46347165,1048.6,2.599,14.883
KIC 9474485,kepler,eclipse,0.512581525,384482.0,2.54719,14.884
KIC 10462826,kepler,eclipse,50.467024395,103144.0,8.96181,14.884
KIC 3966801,kepler,transit,25.69581456,1130.8,4.0251,14.885
KIC 5906694,kepler,transit,13.06243545,464.3,3.244,14.885
KIC 9159198,kepler,blend,3.04463691,47.0,6.656,14.886
KIC 9577855,kepler,blend,2.21030572,92.0,2.492,14.886
KIC 3859079,kepler,transit,53.5292702,1086.1,5.668,14.887
KIC 8655076,kepler,variable,42.070868,386.2,1.293,14.887
KIC 5303551,kepler,blend,2.399069173,286.6,3.2576,14.888
KIC 7605600,kepler,eclipse,3.326193904,178470.0,2.08375,14.888
KIC 3955866,kepler,blend,16.8282542,655.3,39.098,14.889
KIC 5479973,kepler,eclipse,1.795273026,125416.0,7.3232,14.889
KIC 7877978,kepler,transit,56.5732318,688.5,4.188,14.889
KIC 5951416,kepler,variable,367.73299,503.9,10.158,14.892
KIC 12058931,kepler,transit,9.82578495,433.3,5.2498,14.896
KIC 7368137,kepler,blend,2.18242002,69.7,4.103,14.897
KIC 9758089,kepler,transit,92.7297248,1257.5,6.83,14.897
KIC 10717241,kepler,transit,12.37646897,1709.0,2.7075,14.897
KIC 6929841,kepler,transit,3.51575492,237.4,1.381,14.897
KIC 6606934,kepler,eclipse,37.80694072,106334.0,3.84264,14.898
KIC 3323289,kepler,eclipse,33.693201537,508772.0,7.44219,14.898
KIC 3103227,kepler,transit,225.585245,754.9,11.166,14.9
KIC 7885558,kepler,blend,0.864651455,67.7,3.461,14.901
KIC 10471005,kepler,blend,0.93374635,34.3,3.074,14.901
KIC 9520700,kepler,variable,2.136834989,346183.0,4.34882,14.902
KIC 5640085,kepler,transit,10.13958818,1155.9,2.6446,14.902
KIC 9651155,kepler,eclipse,1.07383154,31355.0,4.846,14.902
KIC 4665571,kepler,transit,4.60300256,302.5,2.6848,14.903
KIC 10006581,kepler,transit,40.1097817,732.0,5.2096,14.904
KIC 11177676,kepler,transit,47.0320478,367.8,5.892,14.904
KIC 3662635,kepler,eclipse,0.939375593,100893.0,2.8424,14.904
KIC 10799735,kepler,eclipse,37.590298548,19938.9,4.3855,14.904
KIC 6449552,kepler,eclipse,20.148807707,526949.0,8.52557,14.904
KIC 3239671,kepler,transit,147.97391,1267.1,6.854,14.904
TIC 67512645,tess,transit,3.3706303,166589.9107386,1.5183944,14.9046
KIC 9209183,kepler,variable,186.55347,334.5,13.57,14.905
KIC 7369523,kepler,eclipse,2.659418888,305233.0,6.98414,14.905
KIC 6953219,kepler,blend,0.566802325,288.4,1.842,14.905
KIC 4035640,kepler,transit,28.26727385,1160.2,4.5839,14.907
KIC 1872821,kepler,transit,10.27380957,352.8,3.252,14.909
KIC 10266615,kepler,transit,10.94026745,538.6,2.3494,14.909
KIC 10205598,kepler,variable,373.89398,730.0,27.66,14.911
KIC 5601258,kepler,transit,8.84784273,460.2,2.0572,14.911
KIC 9279669,kepler,transit,3.722158895,757.4,1.9941,14.911
KIC 8374499,kepler,eclipse,5.251918489,296478.0,5.59653,14.912
TIC 86005116,tess,false_positive,0.4916402,29113.0,0.453,14.9131
KIC 10600261,kepler,transit,52.8148051,553.7,7.309,14.915
KIC 5812960,kepler,transit,18.49234792,1655.5,3.4744,14.915
KIC 7765528,kepler,transit,7.03932913,836.7,3.514,14.915
KIC 1433980,kepler,eclipse,1.592634161,155156.0,8.9488,14.915
KIC 4832837,kepler,transit,2.628117322,936.8,1.8289,14.915
KIC 8416523,kepler,transit,0.341842017,285.6,1.1554,14.915
TIC 380517859,tess,false_positive,1.109435,27240.0,2.723,14.9156
KIC 3862246,kepler,eclipse,4.702495974,4787.3,2.3421,14.916
KIC 7282168,kepler,blend,0.56681727,35.9,1.779,14.916
KIC 9591728,kepler,eclipse,11.03571773,144955.0,5.62958,14.916
KIC 8975776,kepler,variable,224.469892,458.6,2.952,14.918
TIC 11561667,tess,transit,3.0876297,40411.8142459,2.2386246,14.9181
KIC 5775129,kepler,transit,3.84822189,203.9,2.013,14.919
KIC 5444491,kepler,blend,0.759740194,42.5,3.252,14.92
KIC 3342592,kepler,eclipse,17.177328207,24419.2,7.6702,14.923
KIC 9899414,kepler,blend,1.332564704,1049.5,5.9775,14.923
KIC 2305255,kepler,variable,24.5714867,506.4,29.96,14.924
KIC 10937029,kepler,transit,328.240201,13888.6,12.2726,14.924
KIC 7596240,kepler,transit,13.3997555,167.3,3.534,14.924
KIC 3231341,kepler,transit,8.14515981,446.8,5.073,14.925
KIC 9838949,kepler,transit,4.88084456,343.0,2.5574,14.925
KIC 7743464,kepler,eclipse,55.249007325,205671.0,5.15147,14.925
KIC 8127586,kepler,blend,16.6094904,272.9,3.189,14.926
KIC 6695622,kepler,blend,14.5567427,185.1,1.421,14.927
KIC 8709688,kepler,transit,4.17939037,172.8,2.647,14.927
TIC 324609476,tess,false_positive,0.733892,41803.8414084,0.9663799,14.9276
KIC 3337425,kepler,blend,7.04710032,400.9,2.926,14.928
KIC 7624297,kepler,eclipse,18.019651402,176998.0,5.08572,14.928
KIC 6200715,kepler,blend,3.723560726,540.0,3.435,14.93
KIC 9907129,kepler,transit,9.705693,140.8,7.702,14.93
KIC 7499571,kepler,variable,533.6593,533.5,12.81,14.931
KIC 6924203,kepler,transit,6.8833761,458.4,2.2702,14.931
KIC 8940961,kepler,eclipse,1.583334941,177074.0,4.4854,14.932
KIC 8231877,kepler,eclipse,1.307761491,13941.0,2.22271,14.932
KIC 7972785,kepler,eclipse,7.300735516,13051.7,5.78725,14.933
KIC 8179747,kepler,eclipse,17.946328114,102994.0,8.15905,14.933
KIC 8460600,kepler,eclipse,6.352090869,75141.7,3.88771,14.933
TIC 161223358,tess,false_positive,0.5153654,37197.8857871,1.0,14.9333
KIC 8235924,kepler,transit,0.588001053,297.4,1.1451,14.934
KIC 7523542,kepler,variable,365.13981,531.0,4.46,14.934
KIC 6103377,kepler,transit,20.0708757,405.7,6.354,14.935
KIC 5307574,kepler,blend,58.64379,182.1,24.44,14.935
KIC 5119619,kepler,blend,1.11205787,118.7,1.459,14.935
KIC 11874577,kepler,transit,34.4585495,431.0,7.434,14.936
KIC 1995712,kepler,variable,462.12069,633.7,10.42,14.936
KIC 8230809,kepler,eclipse,4.078355243,36133.0,6.4649,14.936
KIC 7289577,kepler,transit,109.4450597,1269.6,3.792,14.937
KIC 8022244,kepler,transit,11.90352088,633.0,4.297,14.939
KIC 3757588,kepler,eclipse,24.09002065,6782.2,11.0494,14.94
KIC 8260902,kepler,transit,38.6715843,599.3,5.532,14.94
KIC 10022908,kepler,transit,6.99130452,555.4,2.1568,14.94
KIC 3542117,kepler,blend,12.5748872,731.0,3.549,14.94
KIC 6468904,kepler,eclipse,49.5387264,740.6,2.238,14.94
KIC 10203349,kepler,transit,17.14648756,440.3,4.2354,14.941
KIC 8197343,kepler,transit,11.79161234,415.4,3.036,14.941
KIC 6635813,kepler,variable,141.00582791,,3.0,14.941
KIC 3756264,kepler,transit,7.36272124,429.3,1.3287,14.941
KIC 6720773,kepler,blend,1.318347743,113.2,0.871,14.942
KIC 4860678,kepler,transit,9.97716876,252.9,5.908,14.943
KIC 8832512,kepler,transit,9.97682072,966.8,3.4873,14.943
KIC 5009688,kepler,variable,1.381257093,92.3,1.125,14.943
KIC 4270253,kepler,transit,11.6370303,604.3,3.3372,14.943
KIC 5024429,kepler,blend,1.52593737,159.1,1.958,14.943
KIC 7815931,kepler,blend,1.868564038,176.7,1.192,14.944
KIC 7690521,kepler,variable,380.294204,730.5,12.351,14.945
KIC 8395860,kepler,blend,20.8822079,1107.0,4.556,14.945
KIC 5860968,kepler,transit,122.358116,352.8,10.768,14.945
KIC 9913798,kepler,eclipse,2.14344093,133317.0,3.9741,14.945
KIC 4043443,kepler,eclipse,119.8401019,5448.7,3.6796,14.945
KIC 4650674,kepler,transit,4.51436096,230.7,3.0083,14.946
KIC 5397106,kepler,variable,440.65087204,,4.07,14.95
KIC 4473613,kepler,transit,4.36125889,189.2,2.174,14.951
KIC 4075064,kepler,eclipse,61.42252657,337545.0,3.76585,14.951
KIC 8479107,kepler,eclipse,0.76757669,157612.0,2.04757,14.952
KIC 12019440,kepler,transit,3.24325988,16450.9,3.03318,14.952
KIC 10010440,kepler,transit,53.5991459,523.1,6.811,14.953
KIC 9020114,kepler,transit,3.48412874,161.6,1.422,14.953
KIC 10709622,kepler,transit,51.3283527,692.3,9.357,14.955
KIC 6447372,kepler,variable,405.32064,561.7,7.77,14.955
KIC 3955817,kepler,transit,4.24263096,187.6,2.582,14.955
KIC 5003670,kepler,transit,7.99144696,145.0,3.639,14.955
TIC 138359318,tess,transit,1.0186989,91558.6353269,1.4947875,14.956
KIC 10292465,kepler,eclipse,1.35337091,104562.0,2.2396,14.956
KIC 9958962,kepler,transit,51.0674355,597.5,4.374,14.957
KIC 10599206,kepler,transit,18.42794957,706.6,2.9264,14.958
KIC 9640946,kepler,blend,1.08906057,76.2,2.743,14.959
KIC 10353968,kepler,transit,9.07098164,1026.2,2.6903,14.959
KIC 10341831,kepler,blend,0.933749941,415.3,6.606,14.96
KIC 11337141,kepler,transit,4.04355245,416.2,1.965,14.963
KIC 5565486,kepler,eclipse,1.412524016,175776.0,5.74859,14.964
KIC 9098590,kepler,eclipse,2.243569483,66328.2,4.14769,14.965
KIC 6784887,kepler,eclipse,44.714450094,90229.6,5.7615,14.965
TIC 298049015,tess,false_positive,3.9131371,37860.0,1.846,14.9652
KIC 7837733,kepler,blend,3.08723626,101.9,2.615,14.966
KIC 9490653,kepler,blend,1.227986164,150.5,1.551,14.966
KIC 9771576,kepler,variable,398.71694,893.9,21.6,14.966
KIC 8892157,kepler,transit,3.73090026,191.2,2.9095,14.966
KIC 11021252,kepler,eclipse,3.269176601,59095.0,2.7233,14.966
KIC 6285094,kepler,blend,5.2439783,93.5,10.1,14.967
KIC 10798605,kepler,eclipse,56.048096688,53725.8,4.04427,14.967
KIC 10468940,kepler,transit,8.01500821,363.0,3.0137,14.968
KIC 5612111,kepler,variable,36.1904638,263.3,1.919,14.969
KIC 5774349,kepler,transit,15.65563866,955.9,3.9305,14.97
KIC 8565900,kepler,variable,1.64125844,,4.51,14.97
KIC 2720828,kepler,blend,1.71659304,138.0,1.154,14.971
KIC 9366886,kepler,blend,0.633514386,179.1,1.2792,14.971
KIC 10879038,kepler,transit,4.8538404,196.4,3.198,14.971
KIC 11410904,kepler,transit,3.53232429,224.2,2.765,14.972
KIC 7456521,kepler,variable,552.8295063,266298.0,16.0851,14.973
KIC 9475552,kepler,transit,6.56606941,402.4,1.8455,14.975
KIC 4138008,kepler,transit,112.303136,502.1,5.869,14.976
KIC 11403389,kepler,transit,45.0909201,436.3,4.605,14.976
TIC 159725995,tess,transit,3.7705865,12789.7368577,3.9149764,14.9767
KIC 10068030,kepler,eclipse,2.023123903,1288.9,1.1829,14.977
KIC 10799291,kepler,variable,270.98477,13883.0,6.718,14.977
KIC 10425070,kepler,variable,395.23753,1298.0,18.494,14.977
KIC 8378922,kepler,eclipse,43.263305017,359086.0,10.0915,14.977
KIC 10619142,kepler,blend,2.04516705,154.8,3.625,14.978
KIC 5371777,kepler,transit,0.991659646,77.3,2.215,14.978
KIC 9415108,kepler,transit,4.51005082,294.8,2.1533,14.979
KIC 7613246,kepler,blend,0.769127296,114.6,0.998,14.98
KIC 6696462,kepler,eclipse,3.403743926,815.9,1.5017,14.98
KIC 8300828,kepler,variable,48.9200563,333.9,2.295,14.981
KIC 2308411,kepler,blend,0.983304511,79.9,1.78,14.981
KIC 3749134,kepler,transit,11.30123036,277.1,4.022,14.981
KIC 4367528,kepler,variable,350.81029,538.3,11.29,14.982
KIC 8026752,kepler,transit,4.286866229,1321.9,4.4726,14.982
KIC 5520547,kepler,transit,11.20058855,219.9,4.562,14.982
KIC 12254792,kepler,transit,40.4286676,916.1,7.102,14.982
TIC 137899948,tess,transit,2.4552388,44130.1605859,1.7323271,14.9826
KIC 7123580,kepler,variable,326.36595188,,3.75,14.983
TIC 119585136,tess,transit,2.2054776,28280.0,1.633,14.9839
KIC 4940201,kepler,eclipse,4.408295716,37964.0,3.62479,14.984
KIC 11241814,kepler,eclipse,227.6625222,13894.8,5.5072,14.984
KIC 8548403,kepler,variable,643.4528,585.1,9.346,14.984
KIC 5351250,kepler,transit,12.56096618,923.1,3.7647,14.985
KIC 3973002,kepler,eclipse,1.992098705,69414.0,4.03833,14.985
KIC 6607610,kepler,eclipse,63.52017525,32548.4,17.1759,14.985
KIC 9635606,kepler,transit,48.8882668,462.8,6.468,14.985
KIC 7382313,kepler,transit,7.42697378,205.2,3.206,14.985
KIC 10407271,kepler,blend,0.93376738,55.4,4.036,14.985
KIC 5270698,kepler,eclipse,3.964333304,25886.2,4.7136,14.985
KIC 9520838,kepler,transit,105.3035093,1362.2,6.214,14.986
TIC 417679385,tess,transit,0.6535255,5602.2704545,1.1193935,14.987
KIC 12505654,kepler,transit,5.186737262,712.7,0.8023,14.988
TIC 51024887,tess,false_positive,8.2491871,117724.0282614,4.9807847,14.9885
KIC 4753988,kepler,eclipse,7.304451735,143628.0,4.09326,14.989
KIC 7542813,kepler,transit,16.8600805,273.4,5.557,14.989
KIC 9911112,kepler,eclipse,1.166835206,15527.2,2.17596,14.99
KIC 4540632,kepler,eclipse,31.005392846,560314.0,3.073,14.991
KIC 3324986,kepler,blend,1.540411479,107.1,1.703,14.991
KIC 5972334,kepler,transit,15.358767771,14638.1,4.1223,14.991
KIC 8544992,kepler,transit,13.2970695,219.7,3.283,14.993
KIC 9115800,kepler,transit,4.454194254,16041.5,2.3061,14.995
KIC 6960913,kepler,transit,59.8780258,1419.1,4.8027,14.995
KIC 4736208,kepler,eclipse,63.68192888,341717.0,12.6047,14.995
KIC 5387843,kepler,blend,0.870693883,438.5,1.2137,14.996
KIC 3762468,kepler,transit,3.003879547,8538.0,3.2848,14.996
KIC 10292238,kepler,eclipse,143.1188694,255714.0,16.8109,14.996
KIC 9714358,kepler,eclipse,6.474202359,203491.0,3.35989,14.998
KIC 6774880,kepler,transit,34.3511339,599.4,4.4408,14.998
KIC 3120355,kepler,transit,78.0998908,656.9,8.422,14.999
KIC 5956354,kepler,blend,8.0386699,142.0,3.549,14.999
KIC 10123064,kepler,transit,4.243748097,1409.7,3.3603,15.0
KIC 5340644,kepler,transit,8.22241355,1468.6,2.71,15.0
KIC 8806123,kepler,transit,36.8567758,714.1,7.495,15.0
KIC 9529148,kepler,variable,25.3428696,230.5,1.51,15.0
KIC 8505920,kepler,transit,42.4269647,632.4,5.907,15.001
KIC 3351888,kepler,transit,1.625522174,7969.0,2.38963,15.001
KIC 6685526,kepler,transit,2.237489571,315.8,1.8119,15.001
KIC 10385682,kepler,eclipse,3.103730697,369228.0,6.93402,15.001
KIC 6044064,kepler,eclipse,5.06318803,662677.0,13.8913,15.001
KIC 7374746,kepler,eclipse,1.366946478,158643.0,3.37701,15.002
KIC 2708445,kepler,blend,1.89117723,176.2,6.986,15.003
KIC 10874926,kepler,eclipse,11.703109303,4201.0,2.0467,15.003
KIC 11073223,kepler,eclipse,11.578946873,299739.0,4.6373,15.003
KIC 4858610,kepler,blend,2.72288246,152.6,2.408,15.003
KIC 7504778,kepler,transit,17.1369408,362.1,6.416,15.004
KIC 9828127,kepler,transit,18.0541469,283.1,4.587,15.004
KIC 10019065,kepler,transit,52.6298542,675.8,6.118,15.004
KIC 6470917,kepler,blend,1.506019633,136.9,2.408,15.005
KIC 10925113,kepler,blend,11.7761073,281.3,2.829,15.005
KIC 4851338,kepler,blend,1.23516416,64.6,4.713,15.005
KIC 11236244,kepler,transit,11.32269749,311.0,3.517,15.006
KIC 8174625,kepler,transit,17.44486016,826.9,4.445,15.007
KIC 3632330,kepler,variable,63.12379762,,1.87,15.008
KIC 11709244,kepler,transit,38.7149617,694.8,3.441,15.009
KIC 12216706,kepler,eclipse,1.471060209,148439.0,4.3708,15.009
KIC 9343862,kepler,eclipse,1.123258617,377575.0,4.27355,15.01
KIC 8672910,kepler,transit,39.6431552,15663.8,6.5292,15.011
KIC 11824786,kepler,transit,12.94123564,328.8,4.636,15.012
KIC 5026326,kepler,blend,1.39772545,181.3,4.129,15.012
KIC 7009828,kepler,eclipse,5.321224925,98872.1,7.48973,15.013
KIC 7832356,kepler,transit,7.886632468,6331.2,5.2147,15.014
KIC 8047428,kepler,transit,92.263742,296.9,8.605,15.015
KIC 4556468,kepler,transit,114.336052,239.8,14.077,15.015
KIC 5370302,kepler,eclipse,3.9043425,16228.4,3.831,15.016
KIC 7598326,kepler,variable,403.5637828,,3.64,15.016
KIC 8552500,kepler,blend,0.530972263,48.6,3.653,15.016
KIC 11014932,kepler,transit,2.92721119,170.2,2.545,15.017
KIC 10677186,kepler,eclipse,100.40132734,53781.9,9.7436,15.017
KIC 9244756,kepler,transit,16.34355902,829.4,5.474,15.017
KIC 10098534,kepler,variable,41.81145,302.0,2.208,15.017
KIC 4831728,kepler,transit,10.10773789,294.9,3.828,15.017
KIC 9479273,kepler,transit,6.104849417,2090.3,4.6912,15.017
KIC 8167996,kepler,transit,2.549562652,495.1,1.6999,15.018
KIC 10491554,kepler,eclipse,22.77196484,325446.0,8.3476,15.018
KIC 6276477,kepler,transit,10.35533116,750.6,3.1775,15.018
KIC 4356621,kepler,blend,1.7317958,60.6,2.924,15.019
KIC 7287995,kepler,transit,5.95489993,1410.7,2.3892,15.019
KIC 3343281,kepler,blend,21.8660922,301.6,2.03,15.019
KIC 5649215,kepler,blend,2.446737317,1177.9,4.7211,15.021
KIC 4346178,kepler,transit,16.1289679,389.0,6.271,15.022
KIC 10964747,kepler,variable,344.961485,427.9,3.023,15.023
TIC 399794420,tess,transit,1.5947535,15065.2565497,1.94145,15.0236
KIC 8847111,kepler,blend,0.575884418,272.2,2.0734,15.024
KIC 7118364,kepler,transit,4.347288783,451.6,2.1024,15.024
KIC 7134976,kepler,transit,11.18719905,353.6,3.252,15.024
KIC 5965819,kepler,transit,3.54553077,119.2,4.143,15.024
KIC 10471055,kepler,blend,0.9337465,49.9,3.629,15.024
KIC 3557493,kepler,blend,0.393726813,564.6,2.95,15.025
KIC 9573685,kepler,transit,5.94565516,401.2,2.1604,15.026
KIC 2713049,kepler,transit,2.539183147,382.1,2.4282,15.026
KIC 6359820,kepler,variable,331.81534,370.3,10.56,15.027
TIC 159054620,tess,transit,8.0276821,11271.5765812,2.9574257,15.0277
KIC 8210018,kepler,transit,132.9955503,1275.4,7.436,15.028
KIC 8176653,kepler,blend,2.866680334,712.4,1.1264,15.028
KIC 4848321,kepler,blend,1.50178705,86.7,2.936,15.028
KIC 5651104,kepler,transit,3.04033046,10858.8,1.8411,15.028
KIC 10220950,kepler,blend,158.348345,899.0,10.55,15.028
KIC 4072526,kepler,transit,33.1996355,1112.5,5.022,15.03
KIC 5980208,kepler,transit,0.789160884,215.1,0.9268,15.031
KIC 7458762,kepler,transit,7.41113177,620.5,2.5242,15.031
KIC 4566999,kepler,variable,527.68601,602.0,4.817,15.031
KIC 10360722,kepler,transit,163.692336,1138.0,6.853,15.031
KIC 10666230,kepler,eclipse,1.577800747,697.7,2.1626,15.031
KIC 8155584,kepler,eclipse,26.0164225,41109.0,4.1768,15.032
KIC 8738775,kepler,transit,48.0506878,274.5,7.999,15.033
KIC 9880190,kepler,transit,4.5513988,188.7,2.457,15.035
KIC 3348082,kepler,transit,11.63486009,292.3,5.466,15.035
KIC 6949607,kepler,transit,8.98581901,881.3,2.8606,15.036
KIC 7281356,kepler,variable,2.83401711,84.2,5.938,15.036
KIC 6263593,kepler,transit,22.4765952,481.4,3.437,15.037
KIC 11568224,kepler,variable,0.882131829,3620.9,6.8106,15.039
KIC 5083252,kepler,variable,2.500560859,20.4,7.5902,15.039
KIC 10005020,kepler,blend,6.97106919,452.8,3.9125,15.04
KIC 5773121,kepler,transit,0.524175803,236.8,0.7648,15.04
TIC 53593457,tess,false_positive,0.530893,33453.597195,1.910177,15.0404
KIC 9072190,kepler,transit,49.1011093,845.6,6.341,15.041
KIC 8211521,kepler,blend,1.69421771,91.1,4.161,15.041
KIC 7970194,kepler,variable,190.65896,552.8,35.472,15.043
KIC 6350522,kepler,variable,491.52571,457.3,12.43,15.043
KIC 5980800,kepler,eclipse,0.828326025,10718.0,1.42721,15.044
KIC 11553598,kepler,variable,370.62071,344.3,12.58,15.045
KIC 5108946,kepler,blend,0.591280187,135.0,1.1656,15.046
KIC 8162790,kepler,blend,10.16104834,908.9,3.0448,15.047
KIC 10481045,kepler,blend,2.03743942,112.5,3.103,15.047
KIC 5023948,kepler,eclipse,1.824653341,176739.0,4.25512,15.048
KIC 6195669,kepler,eclipse,370.94353,1071.3,16.64,15.048
KIC 6149910,kepler,transit,131.187921,915.9,6.905,15.048
KIC 5983348,kepler,eclipse,25.150788449,37582.6,7.72717,15.048
KIC 11566256,kepler,transit,5.78387049,413.3,1.3966,15.049
KIC 8610483,kepler,eclipse,48.79936881,324547.0,8.80873,15.05
KIC 6263468,kepler,variable,10.1955065,221.4,2.447,15.05
KIC 12056139,kepler,transit,13.2274753,229.8,6.356,15.05
KIC 5302006,kepler,blend,6.14631207,891.1,3.803,15.05
KIC 10068659,kepler,transit,11.47685263,240.6,2.756,15.051
KIC 11414511,kepler,transit,2.816504904,16813.7,2.50587,15.052
TIC 137402055,tess,transit,1.9737719,32350.4373939,2.1771701,15.0523
KIC 9777251,kepler,blend,1.33255087,123.3,3.565,15.053
KIC 9166870,kepler,blend,3.855599139,1030.9,3.183,15.054
KIC 6934291,kepler,transit,0.567856484,334.8,1.0258,15.055
KIC 10407482,kepler,transit,6.30558387,193.1,2.619,15.056
KIC 8973129,kepler,transit,24.1738244,532.6,3.056,15.056
KIC 5471688,kepler,blend,0.96283264,96.3,2.947,15.056
KIC 8505670,kepler,transit,6.66833241,362.3,1.915,15.058
KIC 9641481,kepler,transit,42.1918331,488.7,7.083,15.06
KIC 8381204,kepler,transit,8.32651854,267.9,5.483,15.06
KIC 4736644,kepler,transit,16.2951259,197.9,3.678,15.061
KIC 7761545,kepler,transit,85.3514875,4674.7,6.7504,15.061
KIC 7955580,kepler,transit,55.673582,765.1,3.778,15.061
KIC 4282872,kepler,transit,10.035381809,2829.7,3.4062,15.062
KIC 10002866,kepler,transit,28.08185982,1840.3,4.5288,15.063
KIC 7663691,kepler,transit,10.00653012,936.1,5.344,15.063
KIC 5024450,kepler,eclipse,1.525924389,24627.2,3.15998,15.063
KIC 11819135,kepler,eclipse,1.901655058,87321.0,4.6545,15.064
KIC 9466668,kepler,transit,10.6816951,307.8,3.605,15.065
KIC 8109107,kepler,blend,6.67410577,160.9,3.645,15.066
KIC 9825625,kepler,transit,7.03902016,529.8,3.8633,15.067
KIC 7434875,kepler,transit,20.47748843,1382.4,2.8364,15.067
KIC 8689031,kepler,transit,21.80451611,1144.9,3.4097,15.067
KIC 9650989,kepler,transit,3.42390809,153.1,1.773,15.067
KIC 11046870,kepler,blend,8.34410791,255.2,1.606,15.067
KIC 9411412,kepler,transit,2.892216772,360.5,1.3596,15.068
KIC 12602568,kepler,transit,8.04727721,486.0,5.159,15.068
KIC 6929285,kepler,blend,4.60690612,137.5,4.176,15.069
KIC 3234598,kepler,transit,31.2012202,360.1,4.077,15.07
KIC 8222813,kepler,transit,8.70420525,1074.9,2.9385,15.07
KIC 9388479,kepler,transit,0.893040969,741.7,1.0981,15.073
KIC 8153568,kepler,eclipse,3.60727417,841897.0,14.0841,15.076
KIC 5546691,kepler,transit,12.9462567,168.7,9.568,15.079
KIC 9898017,kepler,transit,2.29794819,83.2,2.84,15.079
KIC 7948784,kepler,transit,10.08744556,568.1,2.9884,15.079
KIC 5080652,kepler,eclipse,2.072177815,293717.0,4.54864,15.08
KIC 12020329,kepler,transit,7.275040844,3001.0,7.5377,15.08
KIC 6290467,kepler,variable,100.629443,355.7,1.708,15.08
TIC 260298958,tess,false_positive,0.8891483,44722.5890994,1.1970992,15.0804
KIC 11018648,kepler,transit,32.62876672,1804.8,4.7971,15.082
KIC 9605514,kepler,transit,25.8474958,537.4,5.985,15.083
KIC 7703910,kepler,blend,1.275511306,69.3,1.889,15.083
KIC 4391348,kepler,blend,1.96433113,139.1,2.381,15.083
KIC 5436502,kepler,transit,50.4467417,370.3,7.159,15.084
KIC 6521526,kepler,variable,103.039788,1370.0,14.197,15.084
KIC 6681546,kepler,variable,186.72243,326.4,13.35,15.085
KIC 6587280,kepler,transit,20.0261412,421.2,1.611,15.086
KIC 3650049,kepler,variable,397.73699,1131.5,11.76,15.086
KIC 7265298,kepler,transit,25.7626846,619.5,6.908,15.087
KIC 8678691,kepler,variable,369.819993,1599.0,20.232,15.089
KIC 5272878,kepler,transit,6.365839713,780.7,2.9721,15.09
KIC 2693736,kepler,transit,12.12401737,788.4,3.3091,15.09
KIC 2836076,kepler,variable,528.07962334,,3.49,15.09
KIC 9117123,kepler,eclipse,2.16402661,,2.78,15.09
KIC 9179531,kepler,eclipse,3.255385289,158913.0,5.9498,15.091
KIC 7809049,kepler,variable,114.32859485,,2.64,15.094
KIC 11754553,kepler,transit,16.38489988,1127.1,3.0249,15.095
KIC 10592163,kepler,eclipse,14.762889172,79329.6,6.52705,15.095
KIC 4670267,kepler,eclipse,1.003049079,219273.0,7.9657,15.097
KIC 7288444,kepler,transit,15.3317719,179.2,5.467,15.098
KIC 8309169,kepler,variable,293.76887,462.0,4.68,15.099
KIC 9664215,kepler,eclipse,3.319523463,38832.0,3.3465,15.101
KIC 5008775,kepler,variable,52.6727624,248.0,3.039,15.101
KIC 11962284,kepler,transit,8.83929462,316.2,1.719,15.102
KIC 3439126,kepler,blend,2.9761504,259.5,6.079,15.104
KIC 4173026,kepler,transit,10.44087398,821.5,3.743,15.104
KIC 5697628,kepler,variable,1.95119541,59.7,1.907,15.105
KIC 6548429,kepler,variable,210.971635,519.0,3.578,15.106
KIC 7901948,kepler,transit,2.578852119,334.3,2.3581,15.106
KIC 7108433,kepler,eclipse,1.51918335,499989.0,5.45573,15.106
KIC 2163226,kepler,variable,452.10093,464.0,12.69,15.107
KIC 7021681,kepler,transit,27.52194772,2312.8,4.047,15.108
KIC 7847927,kepler,eclipse,70.37626987,116050.0,6.4205,15.108
KIC 4917357,kepler,variable,147.863607,560.0,1.948,15.109
KIC 4650733,kepler,transit,29.5390897,403.3,4.139,15.111
KIC 12117215,kepler,variable,272.54288087,807.2,3.0246,15.111
KIC 9225395,kepler,transit,81.3153052,715.5,5.807,15.111
KIC 9911882,kepler,blend,1.595630597,259.6,1.793,15.112
KIC 8873674,kepler,variable,172.280975,313.8,12.24,15.112
KIC 8255887,kepler,transit,4.708326451,7912.7,3.16114,15.113
KIC 8410415,kepler,transit,44.2993483,797.9,4.298,15.115
KIC 5113146,kepler,eclipse,18.78970984,40789.1,4.13997,15.115
KIC 11076276,kepler,blend,1.4725859,84.4,2.953,15.117
KIC 3940418,kepler,transit,4.783002698,1008.7,2.335,15.119
KIC 8678594,kepler,transit,133.460999,5032.9,11.4997,15.12
KIC 8155368,kepler,eclipse,0.718643659,124930.0,2.51246,15.121
KIC 3953173,kepler,blend,2.41795911,100.5,2.727,15.121
KIC 2440757,kepler,eclipse,1.433769925,1976.3,1.8868,15.122
KIC 9641076,kepler,blend,2.17818699,115.8,2.686,15.123
KIC 10992733,kepler,eclipse,18.525917446,455661.0,5.9056,15.124
KIC 8613218,kepler,variable,368.11581,476.2,13.52,15.125
KIC 6119923,kepler,variable,134.4665,1032.0,5.27,15.126
KIC 10002266,kepler,blend,12.71368909,192.2,1.875,15.127
KIC 11611600,kepler,transit,1.219568047,494.9,1.5681,15.127
KIC 9595827,kepler,transit,3.905081685,21340.5,2.8213,15.127
KIC 10790387,kepler,transit,117.93110803,8506.6,5.8796,15.128
KIC 12302391,kepler,eclipse,25.321698729,119590.0,4.45367,15.128
KIC 6309264,kepler,blend,14.2821417,224.9,2.068,15.13
KIC 7033233,kepler,transit,2.032318856,287.5,1.1596,15.13
KIC 3230095,kepler,blend,7.04716175,150.8,2.693,15.13
KIC 9480535,kepler,transit,160.130899,1183.0,13.775,15.13
KIC 11912941,kepler,blend,3.74784374,116.5,3.658,15.13
KIC 10014702,kepler,blend,1.34062901,69.5,3.076,15.13
KIC 10676923,kepler,blend,1.031096352,265.4,2.781,15.131
KIC 10157573,kepler,blend,5.115750935,1055.8,2.5378,15.132
KIC 9395024,kepler,transit,4.37033233,177.8,2.845,15.133
KIC 6629993,kepler,blend,118.609553,380.9,22.74,15.133
KIC 6106282,kepler,transit,101.1107014,878.1,8.029,15.134
KIC 9895709,kepler,blend,1.818939148,331.2,1.644,15.134
KIC 10019763,kepler,eclipse,32.50456309,7589.6,2.4657,15.134
KIC 11853255,kepler,transit,2.243380573,821.7,1.1196,15.135
KIC 11356260,kepler,transit,8.50698069,295.5,2.938,15.135
KIC 9944421,kepler,eclipse,7.09520543,232683.0,3.69044,15.137
KIC 6863840,kepler,variable,1.926366998,399528.0,3.98088,15.138
KIC 10748621,kepler,eclipse,286.1755875,328544.0,16.1025,15.138
KIC 7429240,kepler,transit,196.436796,631.9,8.556,15.139
KIC 8168581,kepler,eclipse,2.881338104,2533.7,3.5943,15.139
KIC 4068391,kepler,variable,289.490952,773.0,3.91,15.14
KIC 4949027,kepler,blend,1.06100327,95.9,1.675,15.14
KIC 12644822,kepler,transit,12.611904345,6105.6,5.1497,15.14
TIC 209752908,tess,transit,1.752217,77630.4124578,2.1714375,15.1403
KIC 10854546,kepler,transit,2.168451063,466.9,1.458,15.141
KIC 5184911,kepler,transit,4.11585514,425.8,1.4858,15.141
KIC 8676038,kepler,variable,186.65435483,,10.51,15.141
KIC 11284772,kepler,transit,207.24785,809.2,6.159,15.142
KIC 8628973,kepler,transit,3.314947362,1398.2,1.8007,15.142
KIC 6960487,kepler,eclipse,34.525990182,67161.4,4.47294,15.142
KIC 6200235,kepler,transit,1.078389713,300.5,1.3394,15.143
KIC 6949550,kepler,eclipse,7.841066931,342094.0,5.47901,15.144
KIC 6866228,kepler,eclipse,7.702374154,18377.0,3.8459,15.144
KIC 4737267,kepler,eclipse,9.524076544,198399.0,10.4891,15.145
KIC 4951249,kepler,blend,4.52342256,219.0,2.531,15.146
KIC 4863369,kepler,blend,4.24748886,121.0,3.053,15.146
KIC 3328026,kepler,blend,2.115498574,444.2,6.738,15.147
KIC 9896018,kepler,transit,2.7296036,145.6,2.721,15.147
KIC 6103049,kepler,eclipse,0.643171495,41160.0,2.31285,15.147
KIC 5986209,kepler,eclipse,23.737952838,95883.6,8.50818,15.147
KIC 5557821,kepler,blend,2.92878704,549.4,4.634,15.148
KIC 5903301,kepler,eclipse,1.160153553,12302.5,2.16452,15.149
KIC 10419797,kepler,variable,87.140633,,18.11,15.149
KIC 8578780,kepler,transit,13.59051547,621.9,3.784,15.15
KIC 4455231,kepler,transit,19.30581662,709.1,4.2902,15.151
KIC 8808064,kepler,variable,447.97028,512.7,10.857,15.152
KIC 4850961,kepler,transit,24.4972683,449.1,5.43,15.152
KIC 9640439,kepler,blend,0.873227249,221.8,0.7948,15.153
KIC 6768616,kepler,variable,8.8249556,121.1,2.976,15.154
KIC 4270565,kepler,blend,18.0116764,417.2,6.006,15.154
KIC 11546211,kepler,eclipse,1.097211085,38946.0,1.6738,15.155
KIC 11501492,kepler,variable,371.90464,519.1,25.36,15.155
KIC 8953281,kepler,eclipse,0.78430061,254.7,2.952,15.156
KIC 2445154,kepler,blend,8.4120069,819.6,3.923,15.156
KIC 7259249,kepler,blend,0.950735805,175.1,1.1434,15.156
KIC 10027323,kepler,transit,105.3582299,1210.2,3.81,15.157
KIC 2708286,kepler,blend,1.89131005,155.6,5.687,15.157
KIC 7366258,kepler,transit,2.382951591,391.6,1.8876,15.158
KIC 9049697,kepler,blend,1.3274511,123.6,3.465,15.158
KIC 6952570,kepler,variable,122.713036,290.7,3.999,15.158
KIC 12017109,kepler,transit,9.75374033,430.8,2.348,15.158
KIC 11611275,kepler,transit,6.94245216,160.8,3.491,15.158
KIC 8094140,kepler,eclipse,0.706428634,372128.0,1.75182,15.159
KIC 9351920,kepler,transit,8.79618433,286.3,3.3781,15.159
KIC 6587105,kepler,transit,33.878639,700.1,6.194,15.16
KIC 2719873,kepler,eclipse,17.279290765,164308.0,5.07591,15.16
KIC 5282656,kepler,blend,1.516372183,93.8,1.239,15.16
KIC 2584163,kepler,transit,14.5598556,290.6,5.624,15.16
KIC 7620844,kepler,eclipse,58.621578824,142951.0,8.52961,15.161
KIC 5881813,kepler,transit,109.6469948,899.7,6.568,15.162
KIC 892772,kepler,blend,5.09246539,254.0,3.659,15.162
KIC 7204981,kepler,transit,5.1233204,286.2,2.7466,15.162
KIC 6364162,kepler,blend,5.24364571,270.4,16.984,15.163
KIC 10026136,kepler,variable,9.080194398,324573.0,8.18777,15.163
KIC 9899233,kepler,blend,1.332547503,130.3,4.521,15.164
KIC 7045496,kepler,transit,13.47472742,729.6,2.5995,15.164
KIC 9838608,kepler,blend,1.33259494,92.7,2.783,15.165
KIC 5871985,kepler,transit,213.258526,1992.3,7.768,15.165
KIC 10163066,kepler,variable,462.12345,699.0,8.46,15.165
KIC 5005121,kepler,transit,76.421501,578.4,7.218,15.165
KIC 8574270,kepler,eclipse,15.120212531,24616.5,3.50007,15.166
KIC 12504353,kepler,variable,498.68845,548.3,17.88,15.166
KIC 3763724,kepler,variable,225.43420422,,13.02,15.166
KIC 8004903,kepler,transit,11.25401871,433.4,4.759,15.166
KIC 9837544,kepler,eclipse,71.661915163,323613.0,6.33708,15.167
KIC 11145831,kepler,blend,1.387838134,136.8,2.252,15.167
KIC 3967326,kepler,transit,4.19577385,874.2,2.1557,15.168
KIC 7362852,kepler,eclipse,3.518356021,316750.0,6.90375,15.168
KIC 5215700,kepler,eclipse,0.656201038,174860.0,4.17901,15.168
KIC 12405333,kepler,transit,0.764863517,150.2,1.16,15.168
KIC 9075882,kepler,variable,367.01607,738.6,15.48,15.168
KIC 10881457,kepler,transit,84.704139,655.7,10.393,15.169
KIC 6370120,kepler,blend,1.35477049,145.3,1.618,15.169
KIC 11972872,kepler,variable,0.531106622,5133.6,3.0293,15.169
KIC 5282049,kepler,eclipse,5.910371418,17219.2,3.88962,15.169
KIC 11599800,kepler,blend,422.255426,1935.0,4.974,15.17
KIC 2708343,kepler,blend,1.8913182,202.3,4.374,15.171
KIC 5794687,kepler,variable,367.72767,926.0,3.104,15.171
KIC 11507101,kepler,transit,38.3775486,724.2,5.588,15.172
KIC 8655354,kepler,eclipse,6.71969089,969.7,3.0231,15.172
KIC 10730034,kepler,transit,2.633852528,259.8,2.0206,15.173
TIC 146846569,tess,false_positive,4.7535388,225793.1060958,1.0905965,15.173
KIC 8429314,kepler,transit,115.6863392,945.9,4.65,15.174
KIC 10874226,kepler,eclipse,11.973605044,3822.9,4.3117,15.175
KIC 4815612,kepler,eclipse,1.928420823,191238.0,3.8253,15.175
KIC 7376500,kepler,eclipse,5.877122485,362900.0,4.71655,15.177
KIC 8296467,kepler,eclipse,10.303356001,520067.0,5.98633,15.177
KIC 10020423,kepler,eclipse,7.448375935,152666.0,4.23892,15.178
KIC 7947631,kepler,eclipse,1.258274109,14159.9,1.92467,15.179
KIC 7176424,kepler,variable,44.48477463,,1.67,15.179
KIC 6767840,kepler,transit,8.679037,301.6,2.864,15.18
KIC 11509504,kepler,transit,2.61576515,120.4,2.777,15.18
KIC 6921944,kepler,transit,4.421566535,684.0,2.1229,15.18
KIC 4947726,kepler,eclipse,4.726086185,181820.0,4.39793,15.181
KIC 5709226,kepler,variable,317.99484,719.0,7.28,15.181
KIC 7951018,kepler,transit,52.75878505,5805.8,6.6517,15.182
KIC 8082001,kepler,transit,6.33855946,721.7,3.4617,15.182
KIC 3854101,kepler,eclipse,293.5056071,6824.0,3.4075,15.184
KIC 5942112,kepler,variable,125.95781975,,8.63,15.184
KIC 11622600,kepler,transit,82.5341188,1895.4,4.8556,15.187
KIC 4042026,kepler,eclipse,34.82008158,18847.8,11.1711,15.187
KIC 8879915,kepler,eclipse,1.721313779,534625.0,3.54768,15.187
KIC 10223616,kepler,variable,29.12436474,6496.0,3.4209,15.187
KIC 3732821,kepler,transit,13.73474071,746.4,2.769,15.187
KIC 11756821,kepler,eclipse,2.745121487,14608.0,2.9845,15.187
KIC 9280239,kepler,transit,364.751562,1481.5,13.057,15.188
KIC 5097868,kepler,blend,6.80243431,249.1,3.817,15.188
KIC 3937814,kepler,transit,214.881456,759.2,9.581,15.188
KIC 4840513,kepler,variable,66.34455122,,3.64,15.189
KIC 9710326,kepler,transit,28.59914031,1585.1,3.6567,15.19
KIC 7119080,kepler,variable,13.59940118,,2.52,15.191
KIC 9602431,kepler,blend,3.5565617,68.0,6.691,15.191
KIC 5791713,kepler,variable,531.33282,669.0,3.702,15.191
KIC 3241662,kepler,blend,1.70332915,98.5,1.663,15.191
KIC 10611420,kepler,blend,11.50528603,260.2,2.098,15.191
KIC 7121885,kepler,eclipse,33.93754213,32990.3,11.1677,15.191
KIC 11508644,kepler,transit,14.2563272,206.1,4.796,15.192
KIC 7115291,kepler,eclipse,52.802767576,52110.3,5.6184,15.193
KIC 7678434,kepler,transit,10.37168928,1254.9,3.035,15.193
KIC 4142847,kepler,transit,210.631486,1657.8,8.419,15.195
KIC 6364064,kepler,blend,5.24331899,106.8,11.137,15.196
KIC 9965957,kepler,transit,5.75321539,733.8,1.7948,15.196
KIC 6522242,kepler,transit,41.408316686,22838.9,5.0264,15.196
KIC 6521174,kepler,blend,8.27923132,164.9,2.355,15.197
KIC 5706595,kepler,transit,4.57948235,207.1,3.106,15.198
KIC 9391208,kepler,transit,16.56062577,700.8,2.611,15.198
KIC 8544996,kepler,transit,4.082274889,17859.2,3.23015,15.198
KIC 7686191,kepler,variable,380.03903,788.8,18.5,15.198
KIC 9836149,kepler,transit,17.8159689,776.8,3.6765,15.2
KIC 9401997,kepler,transit,32.2964275,472.2,4.561,15.2
KIC 9001468,kepler,eclipse,17.329965871,252721.0,8.43812,15.2
KIC 6191521,kepler,transit,80.8723469,3604.6,11.195,15.201
KIC 6692742,kepler,variable,163.104677,576.0,2.129,15.201
KIC 7450747,kepler,transit,2.20829637,87.9,2.841,15.201
KIC 7550875,kepler,variable,466.90824,660.0,2.64,15.202
KIC 12061238,kepler,blend,1.876406096,433.8,1.531,15.202
KIC 3110937,kepler,blend,1.89121656,66.8,5.14,15.203
KIC 4569942,kepler,variable,267.911652,695.0,4.124,15.204
KIC 8609450,kepler,transit,24.8056775,624.4,6.148,15.204
KIC 5115178,kepler,eclipse,12.851722103,42518.6,5.71731,15.205
KIC 7515670,kepler,blend,2.30367952,136.4,3.0898,15.206
KIC 7008211,kepler,transit,187.746606,1583.0,5.885,15.206
KIC 6426592,kepler,eclipse,394.67816267,253376.0,6.05443,15.207
KIC 11564013,kepler,eclipse,0.875267982,11701.0,1.6038,15.207
KIC 2717158,kepler,transit,13.2226149,261.7,4.337,15.208
KIC 5456651,kepler,transit,56.2279271,862.7,3.57,15.208
KIC 5255552,kepler,eclipse,32.45541269,136386.0,7.3736,15.208
KIC 9593528,kepler,eclipse,1.88665445,2098.0,1.343,15.21
KIC 8043882,kepler,blend,0.779609509,88.5,4.013,15.211
KIC 3120276,kepler,blend,10.26547688,399.6,3.733,15.212
KIC 3751231,kepler,blend,0.570953851,76.1,0.998,15.212
KIC 11968463,kepler,transit,56.4148314,480.1,8.075,15.212
KIC 6579806,kepler,eclipse,9.88047978,18541.0,2.78458,15.212
KIC 9634821,kepler,transit,73.7578875,1836.9,2.69,15.213
KIC 7200102,kepler,eclipse,14.665759784,336981.0,3.65814,15.213
KIC 9328641,kepler,variable,33.3239576,2012.1,37.217,15.213
KIC 5036480,kepler,blend,1.061002863,142.4,1.962,15.213
KIC 9518318,kepler,transit,23.85163321,833.7,2.4453,15.214
KIC 1432789,kepler,transit,9.93146307,398.6,5.678,15.214
KIC 7733540,kepler,variable,0.77258608,,2.7,15.214
KIC 7503885,kepler,transit,91.078624,738.6,10.304,15.214
KIC 9824805,kepler,transit,4.4444826,163.0,3.686,15.216
KIC 10338529,kepler,variable,366.74866,419.1,12.446,15.216
KIC 9016295,kepler,eclipse,19.974485239,40293.1,4.23479,15.217
KIC 9665503,kepler,eclipse,11.567974732,416030.0,5.96595,15.217
KIC 4164393,kepler,eclipse,49.612757516,130460.0,7.07603,15.217
KIC 6863998,kepler,transit,16.08518937,1442.4,3.984,15.219
KIC 7549209,kepler,transit,27.5071114,580.7,5.907,15.219
KIC 9823457,kepler,transit,8.11528727,834.9,3.211,15.219
KIC 7826620,kepler,transit,0.849906734,124.3,1.141,15.22
KIC 3543270,kepler,eclipse,4.176929219,70355.0,5.2003,15.22
KIC 6773862,kepler,transit,17.76076524,1287.2,1.6679,15.22
KIC 4919550,kepler,blend,2.45261841,85.5,1.9,15.223
KIC 8880123,kepler,transit,46.7162336,345.5,7.259,15.223
KIC 9775938,kepler,transit,33.6528474,1140.8,3.9616,15.223
KIC 8247638,kepler,transit,4.79090809,251.3,2.603,15.223
KIC 9848420,kepler,blend,7.9320191,125.1,8.18,15.223
KIC 5174677,kepler,eclipse,43.5428781,5447.0,3.6768,15.223
KIC 6356885,kepler,variable,343.42046,482.7,11.11,15.223
KIC 9875711,kepler,transit,8.360870704,2039.7,2.7144,15.223
KIC 9896558,kepler,transit,67.6690554,961.1,9.556,15.224
KIC 8230616,kepler,transit,2.240486703,436.3,1.3988,15.224
KIC 5358624,kepler,transit,3.525632539,22335.0,2.59959,15.224
KIC 10158715,kepler,variable,61.0011095,408.0,1.049,15.227
KIC 9645188,kepler,variable,48.55059299,,1.79,15.227
KIC 9008737,kepler,variable,11.83271013,176.3,6.152,15.228
KIC 9279354,kepler,transit,2.800111267,706.7,1.0237,15.229
KIC 6946199,kepler,transit,37.1011418,1357.5,5.5556,15.229
KIC 8243283,kepler,blend,1.7592691,140.4,2.381,15.229
KIC 5979863,kepler,eclipse,16.621853404,55296.7,3.91517,15.229
KIC 11969092,kepler,variable,0.638437699,286.8,0.3028,15.23
KIC 6690836,kepler,transit,0.568874717,378.4,1.2177,15.23
KIC 4248120,kepler,transit,23.34036251,615.1,2.054,15.23
KIC 9489947,kepler,eclipse,54.061328105,79684.0,4.48223,15.231
KIC 6285906,kepler,variable,116.170346,435.2,2.656,15.232
KIC 10091110,kepler,eclipse,4.218512654,23416.8,3.62939,15.232
KIC 6115516,kepler,blend,0.865759153,191.6,0.8408,15.232
KIC 10118816,kepler,transit,7.71790675,306.8,1.84,15.233
KIC 6139220,kepler,eclipse,273.6857427,15350.5,8.3881,15.233
KIC 7907423,kepler,transit,15.36845737,756.1,2.4714,15.234
KIC 12404086,kepler,transit,26.39432897,1510.9,3.573,15.234
KIC 8104207,kepler,variable,177.8135,417.7,9.76,15.234
KIC 8279765,kepler,eclipse,2.757794163,39043.0,2.7644,15.235
KIC 9347899,kepler,transit,87.6476068,1009.6,8.871,15.237
KIC 8308260,kepler,blend,0.973160836,138.3,0.864,15.238
KIC 4845862,kepler,blend,2.44926655,108.2,2.988,15.238
KIC 10321927,kepler,variable,321.02094,592.9,7.51,15.238
KIC 6421503,kepler,blend,2.15839583,352.2,8.09,15.239
KIC 10341905,kepler,blend,0.93374232,351.4,6.552,15.239
KIC 4276445,kepler,variable,405.65377,521.0,11.02,15.24
KIC 8312852,kepler,blend,7.44042933,547.3,2.991,15.24
KIC 3859628,kepler,transit,8.17242644,864.3,3.902,15.24
KIC 12456601,kepler,transit,15.64588656,572.1,3.959,15.241
KIC 1725016,kepler,transit,7.40742502,442.0,3.675,15.242
KIC 12110942,kepler,transit,3.689920099,426.7,2.6557,15.242
KIC 10018233,kepler,transit,16.2959916,369.6,2.116,15.243
KIC 11390109,kepler,variable,398.40957,880.3,11.486,15.244
KIC 6927629,kepler,eclipse,3.867613816,340908.0,5.36467,15.244
KIC 8934103,kepler,transit,175.13892,634.5,10.767,15.245
KIC 7676423,kepler,transit,2.46050095,276.8,1.861,15.245
KIC 8106112,kepler,variable,316.57747,269.1,14.64,15.246
KIC 9349757,kepler,transit,36.4337867,406.8,4.388,15.246
KIC 9307509,kepler,transit,9.76293284,553.2,3.064,15.246
KIC 7661409,kepler,blend,3.14051153,1444.4,8.2806,15.246
KIC 10484409,kepler,blend,10.6784787,201.0,2.307,15.246
KIC 11501774,kepler,eclipse,0.691823991,165.9,5.965,15.247
KIC 5088400,kepler,transit,8.82715783,368.6,2.019,15.247
KIC 2576107,kepler,eclipse,205.5833309,24872.0,6.0353,15.247
TIC 82362447,tess,false_positive,2.819817,183631.033642,6.611278,15.2474
KIC 9021047,kepler,eclipse,31.97280045,2236.4,4.9,15.248
KIC 8573168,kepler,blend,0.89628253,86.4,1.397,15.248
KIC 11493732,kepler,eclipse,61.2563628,5123.3,7.633,15.25
KIC 3241647,kepler,blend,0.851678507,67.9,2.028,15.25
KIC 7212184,kepler,transit,36.292017,374.7,8.198,15.251
KIC 8560285,kepler,eclipse,85.34092607,51746.2,10.6141,15.252
KIC 6033602,kepler,variable,33.2948005,215.7,2.997,15.252
KIC 7751562,kepler,eclipse,17.042155208,55165.0,7.80412,15.252
KIC 3229150,kepler,transit,18.5084526,758.9,6.596,15.253
KIC 11810124,kepler,transit,3.63898953,209.6,2.252,15.254
KIC 11752906,kepler,transit,6.383159135,2313.2,1.7504,15.254
KIC 6504954,kepler,transit,130.3543929,5128.7,6.474,15.254
KIC 9777256,kepler,blend,1.33251589,140.5,4.216,15.255
KIC 10187563,kepler,variable,373.60683,534.8,8.752,15.256
KIC 11391181,kepler,eclipse,8.61733907,185861.0,4.05563,15.257
KIC 6422070,kepler,transit,3.76181843,510.6,3.5176,15.257
KIC 7463685,kepler,transit,8.98826122,160.8,4.96,15.257
KIC 7849854,kepler,transit,2.052349884,14280.6,2.0778,15.257
KIC 5820218,kepler,blend,3.411758679,570.6,3.158,15.258
KIC 7825899,kepler,transit,16.23947096,2590.7,4.0374,15.258
KIC 3970117,kepler,eclipse,110.29512684,176336.0,16.5339,15.258
KIC 6307521,kepler,blend,475.91706,967.3,22.86,15.259
KIC 9455677,kepler,transit,124.827797,647.5,6.479,15.259
KIC 3945802,kepler,blend,24.2157996,322.2,4.359,15.259
KIC 7967210,kepler,variable,362.49906,522.5,12.17,15.259
KIC 12020218,kepler,transit,21.3588236,640.1,5.823,15.259
KIC 5529560,kepler,blend,0.759755409,70.0,2.734,15.259
KIC 8676061,kepler,variable,428.1186,443.8,6.56,15.26
KIC 7212066,kepler,eclipse,3.840485025,31353.0,2.8592,15.26
KIC 7585481,kepler,transit,8.09888906,6911.1,4.20241,15.261
KIC 8680979,kepler,transit,8.25980352,298.4,2.928,15.261
KIC 3659940,kepler,eclipse,0.89627093,66994.0,2.2033,15.261
KIC 7109675,kepler,transit,6.76652928,450.7,2.9004,15.262
KIC 9851226,kepler,blend,8.48031942,1426.7,7.297,15.262
KIC 11138155,kepler,transit,4.959319244,9802.0,2.22739,15.263
KIC 5942093,kepler,eclipse,14.38724729,1914.1,1.9078,15.264
KIC 5364071,kepler,transit,10.91274065,1387.2,2.1801,15.264
KIC 7900114,kepler,variable,303.91225,479.5,15.37,15.264
KIC 757450,kepler,transit,8.884922995,16053.4,2.07004,15.264
KIC 8233702,kepler,transit,41.6977582,684.8,5.513,15.265
KIC 11499263,kepler,eclipse,46.698200933,54592.5,3.57049,15.267
KIC 3459529,kepler,variable,231.364508,1488.0,4.747,15.267
KIC 2995392,kepler,transit,30.4544418,472.1,6.896,15.268
KIC 5281714,kepler,variable,40.301684,374.8,1.398,15.269
KIC 11254382,kepler,transit,2.05388477,546.7,2.1635,15.269
KIC 5881688,kepler,transit,4.190425659,2877.4,2.8589,15.27
KIC 11656840,kepler,eclipse,7.442652004,24446.2,2.3078,15.27
KIC 9899621,kepler,blend,1.33255492,66.6,3.63,15.27
KIC 3248696,kepler,variable,383.43595,1228.0,11.059,15.27
KIC 10729472,kepler,eclipse,0.83442282,50.9,1.873,15.271
KIC 11303815,kepler,blend,1.705782214,278.0,1.007,15.272
KIC 7515762,kepler,transit,40.9905002,297.3,7.336,15.272
KIC 9166862,kepler,transit,3.855603916,16652.7,3.2179,15.272
KIC 11963206,kepler,transit,3.00912491,191.4,2.228,15.273
KIC 11714231,kepler,transit,5.8660127,183.0,3.985,15.273
KIC 9517393,kepler,transit,56.7769831,884.3,6.864,15.273
KIC 5041569,kepler,eclipse,2.5355023,354.6,7.189,15.273
KIC 4764774,kepler,blend,1.29019586,86.5,3.741,15.274
KIC 9959492,kepler,blend,1.33258772,70.8,5.187,15.276
KIC 9278725,kepler,transit,1.104462494,469.1,1.0458,15.277
KIC 9220612,kepler,blend,0.979161676,160.2,2.942,15.278
KIC 10418797,kepler,eclipse,23.355341391,38524.0,4.60672,15.278
KIC 7094486,kepler,transit,11.35010642,1221.0,2.2792,15.278
KIC 3644174,kepler,blend,1.806631432,217.5,1.102,15.278
KIC 10081899,kepler,variable,522.64613,648.1,17.77,15.279
KIC 11661803,kepler,variable,372.086704,2494.0,3.686,15.279
KIC 3246984,kepler,blend,1.626630225,1620.6,2.1145,15.279
KIC 11701407,kepler,transit,18.8262877,795.8,2.344,15.279
KIC 11599038,kepler,variable,17.4217322,208.4,4.718,15.28
KIC 6041734,kepler,transit,76.5369531,652.2,5.574,15.28
KIC 11337372,kepler,transit,6.53194024,771.9,3.3351,15.28
KIC 8960918,kepler,blend,1.19087362,67.5,1.785,15.28
KIC 11098573,kepler,blend,15.6937855,367.7,5.149,15.281
KIC 11081512,kepler,blend,15.7397651,287.7,3.297,15.281
KIC 6209347,kepler,eclipse,2.136577151,79078.0,2.4682,15.281
KIC 8240861,kepler,eclipse,0.449249224,419437.0,4.7565,15.282
KIC 10358759,kepler,transit,10.3392408,1184.6,3.075,15.282
KIC 8302450,kepler,blend,2.44199803,251.7,2.759,15.282
KIC 5952457,kepler,blend,0.905672916,110.4,1.0,15.283
KIC 10006096,kepler,eclipse,70.516233809,330180.0,4.09296,15.284
KIC 11408935,kepler,eclipse,15.995094054,44315.3,8.45037,15.284
KIC 5022440,kepler,eclipse,3.693951168,28290.0,2.2534,15.286
KIC 5184584,kepler,transit,53.44944498,3437.0,5.3091,15.287
KIC 6392727,kepler,transit,4.583520948,3812.1,2.7055,15.287
KIC 5252423,kepler,transit,8.10363271,887.9,3.161,15.289
KIC 8180063,kepler,blend,5.795063956,1692.9,3.2496,15.289
KIC 6364276,kepler,blend,5.24368302,225.4,10.873,15.29
KIC 11414465,kepler,transit,2.94194296,278.0,2.056,15.29
KIC 10514770,kepler,eclipse,1.872421727,3018.9,1.5261,15.29
KIC 8868907,kepler,eclipse,157.32263943,153932.0,21.9232,15.291
KIC 3438507,kepler,transit,8.39842977,340.1,6.344,15.291
KIC 3341934,kepler,eclipse,18.839487435,182722.0,5.62797,15.291
KIC 8636333,kepler,transit,82.175197,546.4,8.664,15.292
KIC 10023469,kepler,blend,44.637111,282.5,5.868,15.292
KIC 7011044,kepler,variable,25.50236699,,1.8,15.292
KIC 7287391,kepler,eclipse,4.286103033,173359.0,2.6422,15.295
KIC 9726659,kepler,transit,3.148661555,550.5,2.1978,15.297
KIC 12254378,kepler,transit,2.032319072,315.5,1.6762,15.298
KIC 8604993,kepler,eclipse,6.570421193,60118.0,4.4698,15.299
KIC 4826110,kepler,blend,1.333395306,114.5,1.188,15.299
KIC 12470530,kepler,eclipse,8.207257515,391305.0,4.23835,15.3
KIC 8411947,kepler,eclipse,0.898837525,399778.0,3.5342,15.3
KIC 9391506,kepler,transit,15.74958583,659.5,4.6672,15.3
KIC 6941084,kepler,transit,85.7357202,747.7,7.625,15.301
KIC 12004680,kepler,blend,2.52122764,127.3,2.249,15.301
KIC 10157458,kepler,transit,7.33685101,325.8,3.548,15.302
KIC 5125347,kepler,transit,7.16520428,433.8,1.705,15.302
KIC 11037128,kepler,blend,3.7948721,305.1,1.713,15.302
KIC 10526549,kepler,transit,9.27358173,1288.3,3.2875,15.302
KIC 10028535,kepler,transit,0.663085361,322.7,1.1522,15.304
KIC 9959368,kepler,blend,1.33255801,48.7,4.74,15.305
KIC 11760959,kepler,blend,3.47021401,1105.2,2.289,15.305
KIC 6291653,kepler,transit,10.526294577,9768.0,2.5211,15.305
KIC 7900727,kepler,variable,348.61891,689.0,3.567,15.306
KIC 10132832,kepler,transit,16.07673148,488.0,2.205,15.306
KIC 8282846,kepler,transit,133.303247,1017.5,7.342,15.307
KIC 2852560,kepler,variable,11.961308501,310679.0,4.6414,15.308
KIC 4078311,kepler,transit,9.84262076,626.4,1.6018,15.308
KIC 6343170,kepler,transit,9.95667035,586.8,3.534,15.309
KIC 8951205,kepler,transit,4.95060632,309.5,1.719,15.309
KIC 4070376,kepler,eclipse,1.634614356,19761.5,3.4422,15.31
KIC 6948480,kepler,eclipse,175.329014,1059.1,6.269,15.31
KIC 12418662,kepler,eclipse,2.751566365,72609.0,5.2403,15.311
KIC 5534814,kepler,eclipse,4.859386384,6044.3,2.2757,15.311
KIC 11125613,kepler,transit,5.72716067,310.9,2.23,15.311
KIC 9468296,kepler,eclipse,5.748815953,11657.0,1.9216,15.311
KIC 11960862,kepler,transit,6.575315881,2793.3,4.3084,15.312
KIC 4055092,kepler,eclipse,76.45315813,9662.2,5.1822,15.312
KIC 9851360,kepler,blend,8.4805019,164.9,8.345,15.313
KIC 10329835,kepler,transit,1.52373073,364.7,1.4796,15.313
KIC 12069414,kepler,blend,0.589458602,158.4,0.8278,15.314
KIC 8145789,kepler,eclipse,0.835315046,16876.4,2.45449,15.314
KIC 8547140,kepler,transit,11.41926141,915.6,3.9908,15.314
KIC 8104030,kepler,eclipse,46.84008579,6287.9,3.8198,15.314
KIC 10964265,kepler,blend,0.637487312,211.3,1.9626,15.315
KIC 9963265,kepler,transit,16.48686712,987.9,1.431,15.315
KIC 7129465,kepler,eclipse,2.745910734,286812.0,4.02594,15.316
KIC 5817533,kepler,blend,4.206109,120.0,5.16,15.316
KIC 10527135,kepler,eclipse,0.328686504,171.9,0.8592,15.316
KIC 7303253,kepler,transit,23.58917143,1200.7,5.073,15.316
KIC 9964670,kepler,blend,1.541350116,378.0,3.29,15.316
KIC 11391957,kepler,transit,8.35389523,1041.6,2.2514,15.317
KIC 10471113,kepler,blend,0.933728196,67.7,3.441,15.317
KIC 3447722,kepler,transit,35.6757453,471.2,7.381,15.319
KIC 11124703,kepler,variable,244.60373,769.8,10.87,15.319
KIC 4149060,kepler,variable,65.5327181,373.4,2.256,15.319
KIC 6198999,kepler,transit,3.93246069,455.5,2.1763,15.32
KIC 7703955,kepler,transit,96.109323,982.3,9.877,15.321
KIC 7597703,kepler,eclipse,4.608901433,378548.0,8.73393,15.322
KIC 9008103,kepler,variable,195.7093855,,10.78,15.322
KIC 5688910,kepler,transit,25.8730914,694.4,5.085,15.323
KIC 6365321,kepler,eclipse,0.848483947,1907.4,1.4451,15.323
KIC 6621116,kepler,eclipse,137.75960504,83298.0,9.1713,15.324
KIC 7668648,kepler,eclipse,27.81892382,238224.0,8.3777,15.325
KIC 8008913,kepler,variable,34.9989085,427.1,1.764,15.326
KIC 12419303,kepler,blend,0.608074963,117.5,0.879,15.326
KIC 4058881,kepler,blend,7.77241144,286.9,5.272,15.327
KIC 5353137,kepler,blend,31.5073649,330.5,7.362,15.327
KIC 7132542,kepler,eclipse,66.36099916,416737.0,20.0614,15.327
KIC 5644412,kepler,transit,1.538185321,277.2,1.683,15.329
KIC 5211922,kepler,blend,27.6853358,1660.7,4.661,15.329
KIC 4661634,kepler,eclipse,73.894163515,213900.0,9.48995,15.329
KIC 6586746,kepler,transit,6.26404774,378.7,2.39,15.329
KIC 8430964,kepler,transit,2.98618134,122.9,2.969,15.33
KIC 6756669,kepler,eclipse,5.851520671,33003.6,3.11058,15.33
KIC 9328852,kepler,variable,0.64585177,308504.0,1.97644,15.33
KIC 9842937,kepler,blend,4.98845099,193.9,7.453,15.331
KIC 9956082,kepler,transit,3.74031708,165.6,2.394,15.331
KIC 12012439,kepler,blend,2.97607935,130.4,4.606,15.331
KIC 2854181,kepler,transit,101.1323475,1502.9,4.366,15.331
KIC 10354039,kepler,transit,64.617518,2486.6,5.796,15.332
KIC 7046035,kepler,transit,2.27164952,82.4,4.054,15.332
KIC 5280587,kepler,transit,35.6225528,651.1,4.845,15.332
KIC 6774537,kepler,transit,2.949029106,358.3,2.0311,15.333
KIC 7835312,kepler,variable,209.00055019,,2.52,15.334
KIC 11918099,kepler,transit,2.337437946,971.2,1.9982,15.334
KIC 9085563,kepler,transit,54.6493679,432.5,7.962,15.335
KIC 6153672,kepler,eclipse,3.364425589,4843.0,1.3261,15.337
KIC 9474493,kepler,blend,0.512581697,259.1,1.5789,15.338
KIC 11074178,kepler,transit,14.30517579,863.4,4.535,15.338
KIC 12470844,kepler,transit,8.47237911,1123.5,2.7245,15.339
KIC 5783938,kepler,variable,383.10017,579.4,8.8,15.339
KIC 10491062,kepler,blend,2.199076661,777.4,6.11,15.339
KIC 5440651,kepler,eclipse,0.502807253,4658.7,1.01493,15.341
KIC 10556891,kepler,variable,70.61977122,,2.09,15.341
KIC 10480982,kepler,blend,2.03746414,138.8,2.895,15.341
KIC 6387542,kepler,transit,2.53475568,463.0,4.5716,15.341
KIC 7538434,kepler,variable,371.1495,597.3,15.855,15.342
KIC 9946525,kepler,transit,51.84688984,9636.3,4.7769,15.342
KIC 10265898,kepler,transit,1.260258822,1130.7,1.8594,15.342
KIC 3437739,kepler,blend,1.89134156,68.4,5.891,15.343
KIC 10227020,kepler,transit,19.7243672,577.9,7.202,15.344
KIC 10272442,kepler,transit,24.5434566,1151.3,7.2518,15.344
KIC 5446961,kepler,variable,149.526152,753.0,3.033,15.345
KIC 10797460,kepler,transit,54.4183827,874.8,4.507,15.347
KIC 9635510,kepler,blend,2.35197616,268.0,5.304,15.347
KIC 9405595,kepler,transit,23.3593589,570.1,5.389,15.347
KIC 6047498,kepler,eclipse,0.51872711,714.1,1.252,15.348
KIC 6948815,kepler,eclipse,1.541530919,213262.0,4.8691,15.348
KIC 7211879,kepler,blend,0.594310785,112.5,0.9994,15.349
KIC 12010534,kepler,eclipse,2.581595167,171132.0,4.9153,15.35
KIC 12469800,kepler,transit,1.302017467,290.5,1.3692,15.351
KIC 9996632,kepler,blend,8.44326557,359.5,3.353,15.351
KIC 5392702,kepler,blend,12.2141545,535.8,10.262,15.352
KIC 6187888,kepler,blend,0.789171236,73.4,1.734,15.352
KIC 6385302,kepler,variable,411.54039644,,17.33,15.352
KIC 10909127,kepler,transit,3.17059731,325.4,1.6686,15.353
KIC 9272070,kepler,transit,8.10503551,209.9,4.459,15.353
KIC 6591789,kepler,eclipse,5.08840787,386682.0,4.77204,15.353
KIC 10857589,kepler,eclipse,32.532521502,83468.4,13.3991,15.354
KIC 9411166,kepler,transit,105.6552651,1366.9,9.39,15.356
KIC 11460018,kepler,transit,4.280963604,750.8,2.875,15.356
KIC 8042453,kepler,transit,11.17392077,324.8,3.307,15.356
KIC 11560382,kepler,blend,0.527679032,84.1,1.395,15.356
KIC 8488878,kepler,eclipse,5.801880653,41924.0,4.2608,15.359
KIC 9268456,kepler,variable,84.644104,512.0,48.182,15.359
KIC 6681687,kepler,variable,370.47678,656.2,15.69,15.359
KIC 12453855,kepler,eclipse,0.559643825,1812.6,0.677,15.36
KIC 5210475,kepler,blend,1.008917105,338.5,1.4577,15.36
KIC 5114623,kepler,eclipse,337.377514,6110.0,12.136,15.36
KIC 5817986,kepler,blend,0.584310213,809.4,2.1801,15.361
KIC 8073806,kepler,transit,11.96407399,784.2,4.526,15.361
KIC 4633434,kepler,eclipse,22.271198511,179042.0,4.58598,15.362
KIC 5784777,kepler,transit,5.33905606,755.5,1.6415,15.362
KIC 2710101,kepler,variable,28.88008607,,1.35,15.363
KIC 9230021,kepler,variable,26.936878,246.9,4.969,15.364
KIC 8126558,kepler,transit,12.19140405,665.8,1.8832,15.364
KIC 7386391,kepler,blend,48.507991,288.9,8.984,15.365
KIC 5372966,kepler,eclipse,9.286358079,44791.4,3.49949,15.365
KIC 8826878,kepler,transit,5.15448142,697.5,3.228,15.365
KIC 11456405,kepler,blend,0.814278961,72.0,2.087,15.367
KIC 10556180,kepler,variable,1.02104719,246.1,6.39,15.367
KIC 12366084,kepler,transit,4.431238488,1010.9,3.15,15.367
KIC 6932987,kepler,transit,54.1558384,1109.8,4.432,15.368
KIC 3962243,kepler,transit,14.12847677,628.7,3.685,15.368
KIC 3646515,kepler,variable,249.61377295,,3.2,15.368
KIC 3830820,kepler,eclipse,15.582794732,52760.0,3.76683,15.368
KIC 9834040,kepler,transit,6.77408984,520.3,2.6215,15.368
KIC 4384793,kepler,variable,374.318792,1541400.0,5.96,15.369
KIC 7663405,kepler,transit,5.1443645,310.7,2.703,15.369
KIC 10526887,kepler,transit,1.450889836,135.7,1.753,15.369
KIC 4750406,kepler,variable,379.63135,1036.2,16.78,15.37
KIC 11444514,kepler,transit,66.373298,415.0,8.559,15.37
KIC 5512580,kepler,variable,383.00806,632.1,9.71,15.371
KIC 3427776,kepler,eclipse,4.01668015,38007.0,2.2828,15.371
KIC 8681833,kepler,transit,1.311558909,141.3,1.919,15.371
KIC 10028140,kepler,transit,19.65639342,843.2,3.226,15.372
KIC 9101208,kepler,blend,1.81139053,77.5,8.64,15.372
KIC 12406807,kepler,transit,17.067644,262.4,6.026,15.372
KIC 11548140,kepler,eclipse,1.378649746,22462.0,1.2232,15.373
KIC 8380709,kepler,transit,24.3344939,323.1,6.557,15.373
KIC 7762886,kepler,variable,315.81065,541.6,23.66,15.374
KIC 10864531,kepler,transit,83.4887405,955.4,6.21,15.375
KIC 7662209,kepler,variable,14.6494599,221.0,2.883,15.376
KIC 11720424,kepler,transit,23.9107056,294.0,4.996,15.376
KIC 5956656,kepler,transit,1.224866441,196.0,1.7086,15.376
KIC 6428700,kepler,transit,14.49645186,647.5,4.016,15.376
KIC 3967760,kepler,transit,8.77514782,351.9,3.176,15.377
KIC 9899315,kepler,blend,1.33256979,104.2,3.293,15.377
KIC 10662202,kepler,variable,36.5521313,282.9,2.481,15.377
KIC 10730703,kepler,transit,5.60013327,329.2,2.6508,15.378
KIC 9650808,kepler,transit,21.96401646,693.4,2.7509,15.378
KIC 8703884,kepler,blend,14.17098745,3070.8,3.4804,15.379
KIC 12106875,kepler,blend,5.9371708,157.1,4.954,15.379
KIC 5479802,kepler,blend,13.26255423,916.4,4.65,15.38
KIC 3245000,kepler,blend,20.413812,496.4,5.806,15.38
KIC 8127639,kepler,blend,1.023471798,861.4,2.3499,15.381
KIC 5956342,kepler,transit,43.1312147,447.8,3.198,15.381
KIC 3860441,kepler,blend,2.988085455,802.8,3.68,15.381
KIC 8953414,kepler,blend,2.66588544,167.0,5.004,15.382
KIC 4483138,kepler,transit,15.3626052,468.3,3.736,15.384
KIC 6880531,kepler,variable,69.62754202,,11.07,15.384
KIC 12066335,kepler,transit,10.06524317,1053.3,1.369,15.385
KIC 6522124,kepler,variable,43.60012467,,1.48,15.385
KIC 5955321,kepler,variable,11.637858887,427948.0,11.8851,15.385
KIC 10147276,kepler,blend,0.681401611,103.6,0.865,15.385
KIC 10454401,kepler,eclipse,12.180721266,414950.0,4.15602,15.386
KIC 8743244,kepler,variable,346.31688,1435.0,21.92,15.386
KIC 9512687,kepler,transit,11.51517167,1357.4,2.006,15.386
KIC 5358241,kepler,transit,18.64932728,893.6,4.4056,15.386
KIC 9995771,kepler,transit,25.4337864,302.0,6.514,15.386
KIC 3641726,kepler,transit,9.02930689,1019.8,3.1449,15.387
KIC 3248019,kepler,eclipse,1.334104585,61690.8,3.14624,15.387
KIC 10005788,kepler,transit,10.99470891,884.7,1.5929,15.389
KIC 5794379,kepler,transit,36.06588163,1563.8,4.3246,15.389
KIC 10987985,kepler,transit,16.01308419,1121.9,3.2554,15.39
KIC 10026457,kepler,eclipse,9.93442075,55965.0,7.8219,15.39
KIC 2165002,kepler,transit,47.3329299,931.5,2.708,15.391
KIC 8263545,kepler,transit,4.44589508,441.4,2.3816,15.391
KIC 6131236,kepler,transit,6.79685353,393.1,3.1702,15.391
KIC 7769819,kepler,transit,2.21571296,285.1,1.8211,15.392
KIC 10341781,kepler,blend,0.93371211,126.2,4.76,15.393
KIC 5871116,kepler,variable,54.432903,307.6,3.554,15.393
KIC 7106438,kepler,variable,269.331027,515.7,4.891,15.394
KIC 9893318,kepler,transit,18.0161227,499.5,4.016,15.394
KIC 9640921,kepler,blend,2.17814513,136.0,2.321,15.395
KIC 11153539,kepler,transit,4.49876511,460.0,3.7362,15.395
KIC 7174911,kepler,variable,150.70039392,,2.82,15.396
KIC 3834322,kepler,eclipse,0.498434645,239.2,0.955,15.397
KIC 9710792,kepler,variable,365.5435,753.1,14.78,15.397
KIC 8285254,kepler,eclipse,7.535894184,172126.0,8.3059,15.398
KIC 4049131,kepler,transit,20.50588921,2105.5,4.0595,15.398
KIC 5642620,kepler,eclipse,0.493393859,264.7,1.1319,15.398
KIC 11043136,kepler,eclipse,2.621706694,4572.0,1.941,15.399
KIC 2574338,kepler,transit,9.22961384,492.1,2.235,15.399
KIC 8490993,kepler,transit,105.145959,685.4,8.593,15.399
KIC 10748393,kepler,blend,4.887806806,4676.0,2.4078,15.399
KIC 11618601,kepler,transit,5.05368985,171.5,2.514,15.4
KIC 11304958,kepler,transit,41.43958662,2793.1,10.5989,15.4
KIC 6933567,kepler,transit,9.08233411,296.9,2.008,15.4
KIC 6287313,kepler,transit,10.62788695,326.7,4.576,15.401
KIC 11558882,kepler,eclipse,73.91858615,184074.0,6.9735,15.401
KIC 5470739,kepler,transit,19.17893976,752.8,5.144,15.401
KIC 11449696,kepler,variable,371.21205,719.9,19.95,15.402
KIC 4949524,kepler,blend,1.233076007,1392.4,12.506,15.402
KIC 3832474,kepler,transit,29.1598615,488.0,4.803,15.403
KIC 10352945,kepler,blend,6.47179275,402.5,6.788,15.403
KIC 7767559,kepler,eclipse,4.409409243,12861.0,3.8636,15.403
KIC 7604328,kepler,transit,4.35407371,277.1,2.427,15.404
KIC 3235282,kepler,variable,494.165759,1440.0,2.239,15.404
KIC 9893278,kepler,variable,182.281992,509.3,8.828,15.405
KIC 3654719,kepler,blend,25.9200092,331.4,5.609,15.406
KIC 10813841,kepler,blend,6.17039154,502.9,2.116,15.406
KIC 4769824,kepler,blend,21.926779,198.6,10.05,15.407
KIC 8081239,kepler,transit,10.35857039,273.7,2.577,15.408
KIC 11975363,kepler,eclipse,1.759208679,362327.0,4.60837,15.409
KIC 2832589,kepler,transit,10.84969477,1122.1,3.474,15.409
KIC 6636320,kepler,transit,6.33125228,306.6,2.688,15.411
KIC 9406990,kepler,transit,20.83426731,988.4,4.0454,15.412
KIC 6437226,kepler,variable,372.62637,542.0,18.52,15.412
KIC 6226908,kepler,transit,19.597317,1014.1,4.508,15.412
KIC 6373680,kepler,blend,2.87066026,450.8,1.541,15.413
KIC 8743082,kepler,variable,365.25921,529.0,13.74,15.413
KIC 10679583,kepler,blend,3.54789928,185.3,2.861,15.413
KIC 4948863,kepler,eclipse,8.643550046,67298.6,3.1273,15.414
KIC 4725681,kepler,transit,8.29561738,824.3,1.3421,15.414
KIC 11455795,kepler,eclipse,1.057335679,47337.0,1.5795,15.414
KIC 8895758,kepler,transit,0.968980781,118.5,1.517,15.415
KIC 6695889,kepler,eclipse,1.106560721,253683.0,2.64151,15.415
KIC 12216278,kepler,blend,2.01948607,275.4,5.248,15.415
KIC 11176127,kepler,transit,22.92886314,908.9,2.0831,15.415
KIC 10601284,kepler,transit,5.349553819,831.0,3.0278,15.416
KIC 3629330,kepler,transit,85.272459,767.8,13.31,15.417
KIC 3764411,kepler,variable,4.4158933,191.1,1.155,15.417
KIC 10753922,kepler,blend,18.2260472,361.1,3.664,15.418
KIC 9705459,kepler,eclipse,2.48658617,42122.0,2.7189,15.418
KIC 7552344,kepler,eclipse,1.000747038,1823.5,0.9967,15.419
KIC 6599949,kepler,variable,409.2452,531.2,13.06,15.42
KIC 9785921,kepler,transit,26.7575866,455.3,5.858,15.42
KIC 6525106,kepler,blend,1.71028117,111.6,2.61,15.422
KIC 5716244,kepler,eclipse,1.330333096,61867.0,5.045,15.423
KIC 10139620,kepler,variable,372.37369,666.1,12.33,15.423
KIC 3757778,kepler,eclipse,36.514374043,111620.0,6.48255,15.423
KIC 6603756,kepler,eclipse,5.204286663,35221.0,6.2598,15.424
KIC 9285568,kepler,transit,2.55315031,185.3,1.849,15.424
KIC 7938496,kepler,transit,13.81020318,1309.7,3.048,15.425
KIC 4634135,kepler,eclipse,63.9005941,17097.0,8.2789,15.426
KIC 5018787,kepler,eclipse,0.607191908,17368.7,1.30166,15.428
KIC 8094221,kepler,eclipse,10.8632531,188.2,37.68,15.429
KIC 7035812,kepler,variable,87.775799,450.0,1.862,15.429
KIC 5271608,kepler,blend,2.49047468,222.2,2.2003,15.429
KIC 5977470,kepler,transit,140.251943,567.7,6.576,15.429
KIC 5174858,kepler,transit,7.9709719,488.4,1.2893,15.43
KIC 7629518,kepler,transit,15.59466045,867.7,5.0478,15.43
KIC 7691527,kepler,variable,4.800232532,277001.0,3.57105,15.431
KIC 5037742,kepler,eclipse,250.4858,674.6,12.72,15.433
KIC 8978528,kepler,transit,18.6848377,1251.5,3.7965,15.434
KIC 2853093,kepler,transit,161.5278347,4653.6,3.6734,15.435
KIC 8345358,kepler,eclipse,9.380632783,65832.8,4.295,15.435
KIC 9394768,kepler,variable,360.15417,790.6,12.806,15.435
KIC 6153201,kepler,blend,0.530300102,3040.0,2.8502,15.435
KIC 10166274,kepler,transit,3.353732008,1264.7,1.4598,15.438
KIC 6867555,kepler,transit,5.19103699,290.1,4.222,15.438
KIC 4174507,kepler,eclipse,1.945914237,9880.5,2.8712,15.439
KIC 10004519,kepler,transit,9.80321143,813.4,4.4617,15.439
KIC 10272640,kepler,transit,3.770551475,12440.0,3.8077,15.439
KIC 10351231,kepler,transit,7.6746614,503.0,1.9374,15.44
KIC 6368230,kepler,transit,26.0841212,259.7,6.141,15.44
KIC 10267121,kepler,variable,36.136968,152.0,15.42,15.44
KIC 8167978,kepler,eclipse,22.05274533,13857.7,5.5924,15.44
KIC 7522911,kepler,transit,20.4998763,437.8,6.501,15.442
KIC 7457296,kepler,transit,3.97076603,349.2,1.814,15.443
KIC 5513857,kepler,blend,0.755101928,119.8,3.044,15.443
KIC 9346253,kepler,eclipse,34.064566412,28450.4,9.6114,15.443
KIC 11198723,kepler,eclipse,6.840305932,124933.0,4.32742,15.445
KIC 7662744,kepler,variable,135.428746,381.1,7.394,15.445
KIC 10535886,kepler,blend,0.93376021,56.5,3.182,15.446
KIC 11560037,kepler,eclipse,1.466535757,1346.4,0.8222,15.446
KIC 5376067,kepler,eclipse,3.951405455,2453.9,2.1862,15.446
KIC 6032497,kepler,transit,16.3297527,1187.5,6.271,15.447
KIC 9520668,kepler,blend,1.399326503,206.4,1.8305,15.447
KIC 9842906,kepler,blend,4.9883873,507.6,9.059,15.447
KIC 7427764,kepler,transit,4.56383697,201.8,2.271,15.448
KIC 8037926,kepler,variable,183.854867,520.6,14.996,15.448
KIC 7131760,kepler,transit,92.436978,955.2,6.432,15.449
KIC 4356766,kepler,eclipse,1.731803197,44612.0,5.6803,15.449
KIC 8364969,kepler,eclipse,22.571972634,79325.7,4.00349,15.45
KIC 11032227,kepler,transit,7.19304935,255.3,3.407,15.451
KIC 8046689,kepler,blend,5.78542702,256.2,2.271,15.451
KIC 6292162,kepler,eclipse,7.814839231,2010.3,3.0122,15.452
KIC 9143254,kepler,eclipse,1.137525054,18006.1,2.68228,15.452
KIC 8804358,kepler,variable,62.519211,277.6,2.523,15.453
KIC 9357375,kepler,blend,1.58826263,78.9,2.655,15.455
KIC 9597806,kepler,transit,5.101375725,894.6,2.595,15.455
KIC 7117485,kepler,blend,0.566789505,54.6,5.835,15.456
KIC 6272413,kepler,transit,4.89721006,274.4,1.812,15.456
KIC 5286786,kepler,eclipse,9.948701373,2749.5,3.2922,15.456
KIC 11918793,kepler,variable,38.35312,3090.0,2.9,15.457
KIC 9656547,kepler,blend,1.27228771,82.9,2.099,15.457
KIC 9579789,kepler,blend,2.17814186,127.7,1.988,15.458
KIC 6118840,kepler,variable,350.98474,600.0,14.49,15.458
KIC 6390824,kepler,blend,0.973547911,435.7,2.2858,15.46
KIC 8226994,kepler,transit,17.64830851,763.3,2.0873,15.46
KIC 8611344,kepler,variable,410.99389,550.0,12.01,15.46
KIC 5857540,kepler,transit,13.62801048,912.8,3.5374,15.462
KIC 8016691,kepler,transit,18.1373788,310.8,3.844,15.464
KIC 9992325,kepler,transit,24.08632177,1041.7,2.236,15.464
KIC 8435247,kepler,eclipse,0.696125302,14966.0,2.0054,15.464
KIC 7838655,kepler,blend,2.113202658,2104.8,3.5234,15.465
KIC 9848760,kepler,variable,444.46522,4084.0,0.767,15.466
KIC 9210387,kepler,transit,5.90608902,340.7,2.409,15.466
KIC 11044779,kepler,eclipse,15.60862948,34356.0,6.6957,15.466
KIC 6276791,kepler,transit,9.32867952,354.4,1.572,15.466
KIC 8832676,kepler,variable,323.66542,1178.0,20.37,15.466
KIC 5471566,kepler,blend,0.9628348,92.8,2.259,15.466
KIC 9390655,kepler,blend,9.5497037,706.7,1.881,15.467
KIC 4480676,kepler,eclipse,0.711966971,6227.5,2.0221,15.469
KIC 7815744,kepler,transit,14.20442616,800.6,3.898,15.469
KIC 4547480,kepler,eclipse,4.426942241,2896.6,1.6116,15.469
KIC 11283615,kepler,transit,1.289590179,286.0,1.3541,15.471
KIC 9480189,kepler,transit,6.581477136,2318.9,3.0896,15.471
KIC 10419211,kepler,eclipse,11.521446064,17984.3,3.6399,15.472
KIC 4932348,kepler,eclipse,38.036729482,82871.6,4.34617,15.472
KIC 9640962,kepler,blend,1.089077224,152.7,2.705,15.472
KIC 6697605,kepler,transit,3.42064689,356.8,1.767,15.472
KIC 8242681,kepler,eclipse,4.020628573,20901.0,4.4085,15.472
KIC 9214942,kepler,transit,18.75470238,995.3,3.0331,15.473
KIC 9757613,kepler,transit,46.82767725,1537.7,1.9033,15.473
KIC 5181455,kepler,eclipse,5.579631021,118321.0,3.38646,15.473
KIC 10027247,kepler,transit,86.829519,751.0,7.464,15.474
KIC 7830321,kepler,eclipse,2.027383251,3856.2,1.5528,15.476
KIC 7340624,kepler,variable,369.28177,1017.7,26.96,15.478
KIC 6364294,kepler,blend,5.2436612,88.3,11.39,15.479
KIC 4844004,kepler,eclipse,0.784031658,352.2,0.7773,15.479
KIC 9071593,kepler,transit,59.284064,424.4,5.42,15.48
KIC 4385148,kepler,transit,24.2758992,702.2,4.59,15.48
KIC 8953059,kepler,eclipse,5.499941387,40110.4,5.1339,15.48
KIC 7939330,kepler,transit,144.551628,1035.2,16.599,15.481
KIC 10965588,kepler,transit,62.8917493,791.0,6.831,15.481
KIC 6061119,kepler,transit,27.807566216,25391.1,4.21587,15.482
KIC 10257903,kepler,variable,0.85574731,,2.01,15.482
KIC 6023859,kepler,eclipse,27.009807384,67898.0,1.96698,15.483
KIC 12156347,kepler,transit,5.77957133,396.6,2.5213,15.484
KIC 4078157,kepler,eclipse,16.025018977,29090.0,3.8828,15.484
KIC 6356207,kepler,transit,3.76417012,558.4,2.0111,15.484
KIC 10189557,kepler,blend,2.93101771,199.1,2.231,15.484
KIC 8548069,kepler,variable,368.52466,680.3,11.9,15.484
KIC 9702006,kepler,transit,6.24564633,212.0,2.459,15.485
KIC 9766437,kepler,transit,12.53248222,1145.9,4.0168,15.485
KIC 8971432,kepler,variable,0.6243875,36854.7,1.92102,15.487
KIC 10464078,kepler,eclipse,19.40393776,8918.7,12.2155,15.487
KIC 8824737,kepler,transit,12.90235874,354.4,2.446,15.487
KIC 10743597,kepler,blend,4.08029328,1128.4,2.8343,15.488
KIC 10386984,kepler,transit,1.287076693,729.4,1.4942,15.488
KIC 8111622,kepler,eclipse,15.44605962,330907.0,4.5963,15.488
KIC 11137180,kepler,transit,6.07032548,311.6,1.341,15.489
KIC 9468551,kepler,transit,1.638652525,166.9,1.952,15.49
KIC 9209808,kepler,variable,244.547128,587.0,3.59,15.492
KIC 6287131,kepler,variable,452.30053,809.0,5.918,15.494
KIC 9024857,kepler,eclipse,35.026564845,120249.0,2.90121,15.496
KIC 8313697,kepler,variable,224.02589924,,2.93,15.496
KIC 9594992,kepler,variable,274.10859251,,6.59,15.496
KIC 12935144,kepler,blend,1.099291188,282.6,1.765,15.496
KIC 9957659,kepler,blend,30.69537638,19941.0,5.6634,15.496
KIC 3247503,kepler,blend,0.447861451,265.4,0.8541,15.497
KIC 9349482,kepler,transit,110.9643706,1283.2,12.831,15.498
KIC 11030475,kepler,transit,2.81814715,278.6,1.763,15.498
KIC 8826007,kepler,transit,54.5091549,622.2,5.125,15.498
KIC 9027841,kepler,eclipse,0.503999678,975.6,0.5421,15.498
KIC 6359175,kepler,variable,349.03703,777.0,4.76,15.499
KIC 8740744,kepler,variable,417.829033,500.8,15.05,15.499
KIC 9030537,kepler,transit,62.5613879,1372.6,5.907,15.5
KIC 6619815,kepler,transit,65.9407869,580.4,7.776,15.502
KIC 8234889,kepler,variable,116.301793,649.0,2.253,15.503
KIC 4843751,kepler,variable,310.61299,920.0,2.562,15.503
KIC 12885212,kepler,blend,2.057499811,325.6,2.569,15.504
KIC 8192911,kepler,blend,7.53887442,342.1,3.147,15.504
KIC 7376983,kepler,transit,2.345863002,316.7,1.6795,15.505
KIC 7898352,kepler,transit,127.2824442,8088.6,7.1545,15.505
KIC 12070811,kepler,transit,12.3935651,916.6,3.8896,15.505
KIC 8605074,kepler,eclipse,37.601661282,59130.1,8.30604,15.505
KIC 6058614,kepler,eclipse,1.731079436,11974.0,1.8419,15.505
KIC 9597854,kepler,blend,1.287097944,106.1,1.94,15.506
KIC 10341876,kepler,variable,351.204993,1257.9,22.414,15.506
KIC 11403044,kepler,transit,4.125543472,1487.3,3.1744,15.506
KIC 9934208,kepler,eclipse,9.058487716,127971.0,4.14334,15.507
KIC 7125636,kepler,eclipse,6.49066214,195090.0,3.47128,15.507
KIC 10711551,kepler,variable,10.692230094,376651.0,5.46939,15.507
KIC 7882360,kepler,blend,364.14397,513.5,15.37,15.508
KIC 10854555,kepler,transit,2.525591777,603.3,1.6545,15.509
KIC 4928119,kepler,eclipse,44.638983058,36830.1,3.04001,15.51
KIC 9025662,kepler,variable,293.70696,1575.0,11.03,15.51
KIC 11298815,kepler,blend,5.73865933,688.6,4.051,15.51
KIC 7021177,kepler,eclipse,18.64532882,433815.0,3.63893,15.511
KIC 4386607,kepler,blend,5.99321872,203.2,3.92,15.512
KIC 9839062,kepler,variable,424.623345,5132.1,9.666,15.513
KIC 8176650,kepler,eclipse,15.801100028,37545.0,6.37505,15.513
KIC 8397947,kepler,transit,9.0194714,191.6,5.92,15.514
KIC 7047824,kepler,transit,24.7543849,593.3,3.39,15.514
KIC 7257363,kepler,blend,5.23340265,242.1,3.242,15.516
KIC 11858748,kepler,blend,1.780984316,590.9,2.173,15.516
KIC 7670617,kepler,eclipse,24.70361995,217538.0,6.9719,15.517
KIC 9715939,kepler,eclipse,12.893018017,16032.8,3.30029,15.517
KIC 10213902,kepler,transit,59.6222627,993.4,6.888,15.517
KIC 9967398,kepler,variable,49.873958,562.0,1.351,15.518
KIC 4375101,kepler,eclipse,61.25964956,233258.0,12.1777,15.518
KIC 9214712,kepler,eclipse,265.2996227,100158.0,8.8452,15.518
KIC 5113053,kepler,eclipse,3.185090259,423276.0,4.80188,15.519
KIC 12351927,kepler,eclipse,10.116144515,58143.5,2.70314,15.52
KIC 7024530,kepler,eclipse,66.1539783,6951.0,5.896,15.52
KIC 7581535,kepler,variable,218.56734012,,2.38,15.52
KIC 9762514,kepler,blend,7.51509713,187.1,2.62,15.52
KIC 7174351,kepler,blend,1.487084251,295.7,1.3233,15.52
KIC 10711913,kepler,eclipse,19.407958161,142059.0,6.09676,15.521
KIC 4848115,kepler,blend,0.969602551,111.0,1.728,15.522
KIC 2989706,kepler,eclipse,1.257689465,945.6,0.8399,15.522
KIC 8892720,kepler,eclipse,61.4911479,58702.9,9.745,15.523
KIC 11812062,kepler,transit,3.728732147,5226.5,2.683,15.523
KIC 8037038,kepler,transit,4.09513876,181.7,2.462,15.524
KIC 8302302,kepler,eclipse,1.135930136,27247.4,4.5036,15.524
KIC 11463211,kepler,blend,1.50635409,2211.7,1.5155,15.525
KIC 12164564,kepler,transit,3.35184041,345.3,1.9855,15.526
KIC 11912911,kepler,blend,3.74788208,153.4,4.183,15.527
KIC 5980783,kepler,transit,37.3033197,551.7,7.793,15.527
KIC 6183511,kepler,transit,0.727331746,357.4,0.8323,15.527
KIC 7038988,kepler,variable,65.67350728,,2.73,15.528
KIC 12356914,kepler,eclipse,27.308150159,388005.0,4.43906,15.529
KIC 6442602,kepler,variable,0.56678228,146.8,4.725,15.53
KIC 5962509,kepler,blend,0.790049989,70.8,2.794,15.53
KIC 3935914,kepler,transit,1.594745374,15044.5,1.9604,15.53
KIC 11030711,kepler,transit,205.912735,2378.8,9.992,15.531
KIC 8689373,kepler,transit,3.78402867,426.1,1.9012,15.532
KIC 6784235,kepler,transit,3.167893418,781.2,2.1814,15.533
KIC 7377033,kepler,eclipse,1.956811408,24905.0,2.1958,15.533
KIC 11285136,kepler,eclipse,2.368173896,10143.0,2.346,15.533
KIC 11252617,kepler,blend,1.27620899,186.2,2.169,15.534
KIC 10080248,kepler,transit,14.8783945,322.8,7.491,15.534
KIC 11348997,kepler,transit,5.132486123,908.4,1.4575,15.535
KIC 9902856,kepler,eclipse,135.9121619,10188.0,5.628,15.535
KIC 11129258,kepler,transit,25.384175,594.0,3.576,15.535
KIC 7362696,kepler,eclipse,4.93129874,676.1,1.8626,15.535
KIC 8106139,kepler,variable,551.49832,1874.4,40.92,15.536
KIC 11242721,kepler,eclipse,19.651209505,11766.3,5.2514,15.536
KIC 11403216,kepler,eclipse,4.05325447,110916.0,4.0116,15.537
KIC 3547091,kepler,eclipse,3.305577989,17971.0,2.5903,15.537
KIC 9291748,kepler,eclipse,15.926990634,394232.0,11.5142,15.538
KIC 10651945,kepler,eclipse,25.366990665,150581.0,5.9556,15.538
KIC 2438517,kepler,blend,3.31587688,185.6,3.152,15.539
KIC 3657758,kepler,transit,2.3702932,224.8,1.666,15.54
KIC 11615481,kepler,eclipse,65.4317194,153407.0,12.2384,15.54
KIC 5021899,kepler,transit,21.81295996,1175.4,4.3791,15.54
KIC 3342970,kepler,transit,2.711504086,837.5,3.0099,15.541
KIC 11967872,kepler,variable,134.370692,432.6,8.73,15.541
KIC 3328052,kepler,blend,2.11547854,222.9,3.665,15.542
KIC 8883593,kepler,transit,5.743469797,1240.2,3.4412,15.543
KIC 1293046,kepler,blend,36.2671673,627.1,2.065,15.544
KIC 8758136,kepler,blend,0.998212785,118.8,2.489,15.544
KIC 9907505,kepler,eclipse,39.206808648,186978.0,6.24701,15.545
KIC 9827149,kepler,transit,2.131945045,269.4,1.8061,15.545
KIC 7136958,kepler,eclipse,29.015852933,71432.1,7.19844,15.546
KIC 11614528,kepler,blend,1.870990236,642.6,1.8432,15.546
KIC 5283542,kepler,blend,5.97581754,962.4,3.065,15.546
KIC 10554967,kepler,blend,0.53633519,444.1,1.0547,15.546
KIC 4659255,kepler,eclipse,198.01379181,142501.0,9.72673,15.546
KIC 7900100,kepler,variable,397.73781,460.8,13.08,15.548
KIC 9031209,kepler,transit,47.0568476,1531.2,5.2232,15.549
KIC 5103998,kepler,eclipse,174.7697122,68139.0,2.3569,15.549
KIC 6026438,kepler,transit,16.9348104,346.3,3.408,15.549
KIC 4940438,kepler,eclipse,9.08590495,2121.3,2.0718,15.549
KIC 6606438,kepler,transit,103.4269873,950.1,5.03,15.549
KIC 6211812,kepler,transit,2.524017517,303.0,1.1968,15.55
KIC 9229657,kepler,transit,2.66831274,266.2,2.4141,15.553
KIC 10863608,kepler,transit,8.07127043,318.2,2.393,15.553
KIC 6531485,kepler,eclipse,0.676990194,20505.9,1.69459,15.553
KIC 9551430,kepler,variable,7.7553808,839.6,22.321,15.553
KIC 11752908,kepler,blend,6.38315744,1112.6,1.7075,15.554
KIC 9823487,kepler,transit,16.00460392,831.9,3.9475,15.554
KIC 10141271,kepler,blend,15.4032765,253.0,3.246,15.555
KIC 2861126,kepler,variable,105.52127462,,2.52,15.555
KIC 10395381,kepler,transit,17.6717714,918.6,3.4202,15.556
KIC 7257966,kepler,transit,3.035206175,696.9,0.6182,15.556
KIC 4079530,kepler,eclipse,17.72722648,147144.0,4.1376,15.556
KIC 6953281,kepler,blend,0.566799395,231.2,1.5368,15.557
KIC 5015459,kepler,eclipse,158.3226379,4863.0,2.1881,15.557
KIC 4932689,kepler,blend,18.1118457,328.7,6.309,15.558
KIC 5649956,kepler,eclipse,1.207852845,49720.0,3.5802,15.559
KIC 12009347,kepler,eclipse,2.723858181,5497.0,1.4313,15.561
KIC 5978170,kepler,transit,5.68879083,241.5,2.55,15.561
KIC 9351316,kepler,transit,161.515617,2215.3,6.548,15.561
KIC 11909839,kepler,eclipse,10.405998015,14488.8,6.5036,15.562
KIC 9269042,kepler,transit,12.00089667,420.7,3.266,15.563
KIC 6364067,kepler,blend,5.2438982,162.2,7.881,15.563
KIC 7451315,kepler,variable,368.5224,1330.2,36.29,15.564
KIC 5438099,kepler,transit,17.32670445,800.0,4.269,15.565
KIC 8164257,kepler,transit,49.5004725,965.2,5.772,15.565
KIC 9005854,kepler,eclipse,1.890227354,112262.0,3.855,15.569
KIC 9643874,kepler,transit,8.027681123,8725.4,3.0942,15.57
KIC 10653179,kepler,transit,47.1607932,723.2,4.003,15.57
KIC 6062929,kepler,transit,22.1334224,654.6,2.049,15.571
KIC 10591855,kepler,transit,1.574090323,224.9,1.5796,15.571
KIC 6283224,kepler,variable,0.76647343,199901.0,2.46345,15.572
KIC 6528141,kepler,blend,2.022658,135.7,3.343,15.572
KIC 4076098,kepler,transit,3.990105908,6154.9,2.4108,15.572
KIC 7816680,kepler,eclipse,4.292599454,140032.0,4.73293,15.573
KIC 4055774,kepler,blend,6.58738839,258.5,4.758,15.575
KIC 8750503,kepler,variable,11.9283194,182.5,6.69,15.577
KIC 10812504,kepler,blend,79.9201319,1326.8,4.482,15.577
KIC 4470888,kepler,variable,523.36921,9918.0,1.007,15.577
KIC 6469946,kepler,blend,0.715802309,2208.6,1.5586,15.579
KIC 6891513,kepler,blend,9.9398272,478.6,4.1198,15.579
KIC 4275739,kepler,eclipse,2.171827838,42086.0,3.2205,15.58
KIC 4917658,kepler,variable,586.91711807,,5.32,15.58
KIC 6022556,kepler,transit,3.709870784,2020.3,3.0694,15.581
KIC 6672229,kepler,eclipse,23.832382513,278997.0,7.06068,15.581
KIC 4455763,kepler,eclipse,0.766298172,19400.9,1.78462,15.581
KIC 3230206,kepler,blend,7.04715073,282.5,1.434,15.583
KIC 11718389,kepler,transit,5.94373492,301.0,1.847,15.583
KIC 4476123,kepler,transit,22.36646466,986.8,5.228,15.583
KIC 4346875,kepler,eclipse,4.694218481,175471.0,4.53365,15.584
KIC 10858691,kepler,transit,1.796320953,210.9,1.9139,15.587
KIC 8009350,kepler,transit,13.75207851,1215.6,2.8831,15.587
KIC 11854061,kepler,variable,504.88419,5058.0,20.18,15.588
KIC 11873171,kepler,blend,0.734426409,94.1,1.569,15.588
KIC 9897364,kepler,transit,64.2729088,1213.9,12.136,15.589
KIC 9285265,kepler,transit,16.5860329,231.3,7.043,15.589
KIC 8240904,kepler,transit,107.7214092,1396.2,8.042,15.59
KIC 10664150,kepler,variable,370.2402,1272.6,31.46,15.59
KIC 5308663,kepler,blend,0.784512952,586.0,2.4623,15.59
KIC 2442084,kepler,eclipse,49.788613011,219219.0,7.41807,15.591
KIC 3114167,kepler,transit,6.770300385,1304.0,2.0844,15.591
KIC 11455181,kepler,transit,10.9294815,196.9,5.893,15.591
KIC 10686814,kepler,blend,2.61846258,275.3,3.505,15.593
KIC 8802693,kepler,transit,26.41044199,991.1,3.0715,15.593
KIC 10556578,kepler,eclipse,0.626431697,37224.0,2.0171,15.594
KIC 8379021,kepler,eclipse,11.52482874,577.6,1.724,15.595
KIC 6042663,kepler,eclipse,30.971766472,228680.0,8.31171,15.596
KIC 4284980,kepler,blend,2.2430415,101.1,3.63,15.596
KIC 8678664,kepler,eclipse,15.420409367,14759.2,2.3707,15.596
KIC 3001885,kepler,blend,2.67596808,420.6,2.021,15.596
KIC 9415172,kepler,transit,5.71462396,297.8,2.336,15.596
KIC 4456622,kepler,eclipse,0.751408792,17481.0,2.2974,15.596
KIC 7102227,kepler,transit,36.7704935,1346.6,4.42,15.596
KIC 6685403,kepler,variable,429.60143,1001.4,18.11,15.596
KIC 9579753,kepler,blend,1.08908149,130.7,2.262,15.597
KIC 10848459,kepler,eclipse,1.736952453,8079.2,2.40641,15.597
KIC 4061149,kepler,transit,2.757584622,563.1,0.9267,15.597
KIC 3958301,kepler,blend,35.2340413,465.5,11.874,15.598
KIC 9761882,kepler,transit,24.58716355,907.5,3.984,15.598
KIC 7130418,kepler,blend,15.52861675,500.0,2.131,15.598
KIC 3848275,kepler,transit,5.19492747,272.9,3.167,15.598
KIC 8381592,kepler,eclipse,2.892087553,71631.0,3.16757,15.599
KIC 5955427,kepler,variable,213.201978,696.9,15.396,15.599
KIC 6948054,kepler,transit,36.2761238,1572.6,4.7865,15.599
KIC 7122259,kepler,eclipse,20.882125422,233450.0,8.03365,15.6
KIC 9472074,kepler,transit,0.558841234,280.9,0.7918,15.6
KIC 4828341,kepler,eclipse,36.12895451,3758.6,2.2348,15.6
KIC 10214162,kepler,transit,17.42393582,770.9,4.929,15.601
KIC 6201203,kepler,variable,176.17377,349.9,14.58,15.601
KIC 6707908,kepler,eclipse,2.466070972,704.5,1.9559,15.601
KIC 6190535,kepler,variable,3.652810043,119.4,1.5132,15.602
KIC 10059645,kepler,transit,6.49441464,357.3,2.344,15.602
KIC 8349405,kepler,variable,7.1688266,,1.29,15.602
KIC 9077124,kepler,transit,3.166353562,1473.4,3.3129,15.603
KIC 8760135,kepler,eclipse,184.6467208,410274.0,18.9869,15.603
KIC 6849310,kepler,transit,20.0504494,840.9,4.556,15.604
KIC 6925263,kepler,variable,2.51989935,147.2,1.55,15.604
KIC 11179076,kepler,transit,48.4313003,886.4,4.03,15.605
KIC 3559860,kepler,transit,33.0257179,507.1,6.032,15.606
KIC 7747197,kepler,variable,22.52907,327.1,1.373,15.607
KIC 10535708,kepler,blend,0.93373761,58.7,3.303,15.609
KIC 11667548,kepler,blend,0.831741499,1231.1,2.297,15.61
TIC 398733009,tess,false_positive,0.8185672,44712.1811611,0.9809687,15.61
KIC 9643210,kepler,variable,3.850304552,158.0,1.5337,15.61
KIC 12061096,kepler,blend,15.05028313,615.2,1.848,15.612
KIC 9156585,kepler,blend,22.32423657,1299.3,3.669,15.612
KIC 10130057,kepler,blend,2.17812826,100.8,2.601,15.613
KIC 6964043,kepler,eclipse,10.72396374,13518.0,3.8439,15.613
KIC 11187837,kepler,transit,17.60461401,2292.1,3.716,15.613
KIC 5524881,kepler,blend,7.19552624,214.6,4.095,15.614
KIC 5544903,kepler,blend,7.57571414,418.5,2.357,15.614
KIC 2856960,kepler,eclipse,204.280255,10579.0,37.2,15.615
KIC 9079587,kepler,variable,364.33929,1944.0,13.486,15.616
KIC 8302473,kepler,blend,2.44200193,128.6,3.146,15.617
KIC 9582496,kepler,variable,224.447413,651.0,4.986,15.618
KIC 9395719,kepler,transit,2.607545159,351.5,1.3916,15.618
KIC 6937402,kepler,transit,10.3108232,204.0,5.617,15.619
KIC 11761199,kepler,eclipse,213.6103207,110990.0,10.7643,15.619
KIC 10407430,kepler,blend,0.933759404,114.9,3.491,15.619
KIC 8757213,kepler,variable,328.0485,398.0,13.75,15.619
TIC 120916706,tess,transit,0.5568212,42426.1114659,0.9135251,15.6198
KIC 7449541,kepler,transit,3.00725068,285.8,4.4302,15.62
KIC 2446623,kepler,eclipse,175.06586091,45134.0,4.5181,15.62
KIC 8682751,kepler,variable,44.36123319,,2.49,15.621
KIC 5942808,kepler,transit,2.935362067,1052.6,1.5043,15.622
KIC 4067336,kepler,eclipse,10.12742274,933.5,1.2762,15.623
KIC 10225800,kepler,blend,1.423799421,2008.4,1.4866,15.623
KIC 9589323,kepler,transit,3.949627144,807.2,1.5485,15.623
KIC 10329469,kepler,transit,55.8224775,879.6,5.457,15.624
KIC 4247023,kepler,eclipse,47.189437,370871.0,11.555,15.624
KIC 6226290,kepler,transit,14.08826442,889.4,4.1847,15.624
KIC 11187436,kepler,transit,5.90741476,5569.0,1.016,15.625
KIC 1575690,kepler,eclipse,2.252417903,32296.0,1.9767,15.625
KIC 12023089,kepler,eclipse,0.623441636,19340.5,1.46001,15.626
KIC 8312222,kepler,eclipse,12.823275455,121991.0,5.32062,15.626
KIC 3328027,kepler,blend,2.11548883,169.5,4.008,15.627
KIC 6590307,kepler,blend,1.33253834,62.4,3.737,15.627
KIC 11080405,kepler,transit,25.1933989,481.2,4.62,15.629
KIC 4736569,kepler,transit,10.13200555,911.6,3.1683,15.629
KIC 5736461,kepler,variable,7.346159047,121807.0,6.5974,15.63
KIC 8686150,kepler,eclipse,51.42598578,66067.7,16.9422,15.631
KIC 8738115,kepler,eclipse,37.59406667,28617.7,8.9943,15.632
KIC 4651399,kepler,variable,508.807642,2127.0,4.495,15.635
KIC 6021655,kepler,variable,63.571688,591.0,6.01,15.635
KIC 4851145,kepler,blend,1.23521458,89.5,0.918,15.637
KIC 3550434,kepler,eclipse,1.1910489,1391.1,1.3738,15.637
KIC 4140813,kepler,transit,13.36019864,699.9,2.788,15.637
KIC 8668810,kepler,variable,313.09275066,445612.0,14.3447,15.638
KIC 8575061,kepler,variable,216.453511,1137.0,3.321,15.638
KIC 9832208,kepler,transit,88.0712769,885.4,6.758,15.639
KIC 6185331,kepler,transit,49.7700907,3529.2,10.065,15.64
KIC 11144439,kepler,blend,0.609125246,139.2,0.655,15.64
KIC 10924853,kepler,blend,2.102416517,1502.5,1.7684,15.642
KIC 7345136,kepler,variable,28.7369766,525.0,1.586,15.642
KIC 9711297,kepler,variable,373.74856,797.8,28.18,15.642
KIC 5816165,kepler,eclipse,0.591914504,1057.7,1.0225,15.643
KIC 6182019,kepler,eclipse,3.664964374,90827.0,3.9058,15.643
KIC 10083623,kepler,eclipse,1.278555003,1478.0,1.4247,15.643
KIC 8940918,kepler,blend,1.405887031,216.0,1.184,15.643
KIC 6862332,kepler,blend,119.0192648,1977.0,8.1,15.644
KIC 10271806,kepler,transit,5.924993927,1608.1,2.8874,15.644
KIC 6508734,kepler,variable,480.03759,717.4,16.25,15.644
KIC 10468885,kepler,transit,0.664074145,212.6,1.0925,15.645
KIC 3117115,kepler,variable,485.91276,1368.0,2.42,15.645
KIC 3728432,kepler,transit,3.90863457,867.2,1.7704,15.646
KIC 5957181,kepler,variable,393.34331,1750.0,9.481,15.646
KIC 3734868,kepler,eclipse,10.328035714,16917.7,7.7915,15.646
KIC 9205907,kepler,transit,12.02295362,778.6,1.2667,15.646
KIC 10407221,kepler,blend,0.933746783,417.5,4.255,15.647
KIC 5124254,kepler,blend,14.0498182,472.0,2.907,15.648
KIC 5014903,kepler,blend,7.72768833,404.8,2.06,15.648
KIC 9141746,kepler,transit,6.491682808,7163.3,4.301,15.649
KIC 8351704,kepler,transit,7.09712124,369.5,2.1059,15.649
KIC 7877824,kepler,variable,9.44942685,488997.0,6.40303,15.65
KIC 8308682,kepler,variable,338.20075,678.2,15.23,15.65
KIC 11288505,kepler,transit,19.80787763,616.3,3.453,15.65
KIC 8414716,kepler,transit,5.392026903,1151.4,2.9804,15.651
KIC 5562090,kepler,transit,28.8431751,756.7,3.171,15.652
KIC 6118370,kepler,transit,14.0328775,210.9,6.684,15.652
KIC 9446824,kepler,eclipse,4.20233673,45982.0,3.6973,15.653
KIC 8231667,kepler,transit,42.8774169,1068.8,1.991,15.654
KIC 8766268,kepler,blend,5.29731736,167.5,3.341,15.654
KIC 11860395,kepler,transit,82.303914,737.0,15.404,15.654
KIC 8256049,kepler,blend,16.37198661,4147.6,3.8449,15.654
KIC 11192235,kepler,transit,1.615357809,499.6,1.1435,15.655
KIC 9771920,kepler,variable,378.70643955,,14.66,15.658
KIC 8282651,kepler,transit,2.361724472,587.0,1.2167,15.658
KIC 8561231,kepler,transit,28.6853212,689.1,6.307,15.658
KIC 5621586,kepler,transit,5.25419589,461.8,2.9878,15.659
KIC 5531576,kepler,transit,4.14451656,391.8,2.3421,15.66
KIC 10164018,kepler,blend,8.5412411,298.8,3.654,15.661
KIC 2161536,kepler,transit,16.85592593,871.5,2.309,15.661
KIC 1432214,kepler,eclipse,161.78832712,87750.0,5.31,15.661
TIC 369480087,tess,false_positive,0.3643225,38216.7895418,0.2120684,15.6615
KIC 7685981,kepler,transit,4.40841331,549.4,5.012,15.662
KIC 10273903,kepler,variable,372.54353,1106.0,21.83,15.662
KIC 10415227,kepler,blend,2.9322509,181.2,2.931,15.662
KIC 8128067,kepler,eclipse,12.4285576,620.1,13.98,15.663
KIC 4072333,kepler,blend,2.007750531,352.0,2.0715,15.664
KIC 10924562,kepler,transit,18.6052046,242.5,6.829,15.665
KIC 6609270,kepler,blend,15.0367776,503.5,3.042,15.665
KIC 8030339,kepler,transit,5.71668787,431.7,1.97,15.665
KIC 11076176,kepler,eclipse,0.699985822,389433.0,3.02633,15.667
KIC 8516349,kepler,variable,559.28332,1360.0,4.245,15.669
KIC 1873513,kepler,transit,3.290304098,13552.6,1.7215,15.669
KIC 4664847,kepler,transit,7.748094239,2472.1,3.5957,15.67
KIC 5728283,kepler,eclipse,6.198273591,47302.6,7.53837,15.67
KIC 2019076,kepler,eclipse,3.564614021,94342.0,3.44204,15.671
KIC 8703506,kepler,eclipse,352.710091,1658.0,2.901,15.672
KIC 5084171,kepler,transit,153.979362,792.5,9.028,15.672
KIC 10670119,kepler,transit,14.87149773,944.9,2.4076,15.673
KIC 1995732,kepler,eclipse,77.36241476,96585.8,12.1317,15.673
KIC 3120397,kepler,blend,20.5311708,284.6,5.67,15.673
KIC 7819520,kepler,variable,230.80401566,,3.57,15.673
KIC 8261920,kepler,transit,7.72513619,382.2,2.042,15.673
KIC 4939346,kepler,transit,34.9168399,500.0,7.343,15.674
KIC 4147171,kepler,variable,538.36855,545.5,19.26,15.674
KIC 5542466,kepler,transit,2.35574505,266.9,1.796,15.674
KIC 8075618,kepler,eclipse,8.780603773,90027.8,3.16989,15.674
KIC 3954211,kepler,blend,0.594274521,4691.5,2.162,15.676
KIC 10014875,kepler,variable,453.64875,523.4,18.34,15.677
KIC 9649222,kepler,eclipse,5.918619554,94124.0,3.94804,15.678
KIC 2721030,kepler,transit,6.10027621,766.6,4.7476,15.678
KIC 7448023,kepler,blend,0.566816802,94.0,1.981,15.678
KIC 9642292,kepler,transit,15.1408916,476.8,4.359,15.679
KIC 11966557,kepler,eclipse,60.2976774,315892.0,14.2561,15.68
KIC 10751515,kepler,eclipse,56.40651043,102294.0,18.4332,15.681
KIC 3218844,kepler,variable,85.112898,513.8,2.503,15.681
KIC 3245969,kepler,transit,11.39102358,448.6,2.303,15.681
KIC 9016592,kepler,variable,46.50446209,,1.37,15.682
KIC 5780194,kepler,variable,149.237142,772.0,2.503,15.683
KIC 4545570,kepler,transit,5.60473115,210.0,2.885,15.683
KIC 8482513,kepler,variable,356.99135,747.8,17.03,15.684
KIC 8007644,kepler,transit,25.2034128,697.1,4.515,15.684
KIC 5435816,kepler,eclipse,181.8521773,27559.0,5.7725,15.684
KIC 10345478,kepler,eclipse,14.49839316,3271.1,3.7343,15.684
KIC 6522353,kepler,blend,0.845097627,86.5,1.873,15.685
KIC 7283710,kepler,variable,353.40191,948.0,6.681,15.687
KIC 10031526,kepler,blend,8.5893644,179.3,6.975,15.687
KIC 9153554,kepler,blend,0.373684977,456.8,0.9621,15.688
KIC 12021625,kepler,transit,15.9314412,556.7,2.435,15.688
KIC 1717722,kepler,transit,4.53702121,504.4,1.813,15.689
KIC 7690844,kepler,transit,22.0459163,804.8,5.22,15.689
KIC 7510820,kepler,transit,29.3493852,659.2,4.313,15.689
KIC 10459805,kepler,variable,461.13781,408.2,12.91,15.69
KIC 3973504,kepler,eclipse,4.318726936,59429.0,2.67349,15.69
KIC 5616628,kepler,variable,419.75224,754.0,4.154,15.691
KIC 4276114,kepler,eclipse,3.722404453,55368.0,2.5214,15.691
KIC 10141900,kepler,transit,1.196548464,224.6,1.2592,15.692
KIC 9761199,kepler,eclipse,0.692015479,4518.1,1.1315,15.692
KIC 6185496,kepler,blend,0.47462889,331.3,1.0194,15.692
KIC 7135852,kepler,transit,4.220965778,2260.0,3.0854,15.692
KIC 6515335,kepler,variable,185.53285,877.0,31.46,15.692
KIC 12557548,kepler,transit,0.65355361,4595.9,1.63,15.692
KIC 9640907,kepler,blend,1.089088292,141.7,1.8599,15.693
KIC 11966668,kepler,variable,313.19875,721.0,8.603,15.693
KIC 5450814,kepler,eclipse,6.487525901,20209.0,2.4536,15.693
KIC 2708614,kepler,eclipse,52.884577,11969.0,7.892,15.694
KIC 9813499,kepler,transit,5.03257009,439.1,4.213,15.695
KIC 6779726,kepler,transit,47.0563327,762.0,4.807,15.695
KIC 9171886,kepler,variable,369.7985,1106.4,12.564,15.696
KIC 9141355,kepler,transit,469.61309,1234.7,13.709,15.696
KIC 5942949,kepler,transit,57.2932309,773.6,4.878,15.699
KIC 10723367,kepler,transit,19.9865916,648.0,4.391,15.699
KIC 10294509,kepler,blend,1.85447373,306.8,2.665,15.699
KIC 5864975,kepler,transit,98.7179332,7320.0,6.593,15.7
KIC 3122913,kepler,transit,11.60653061,771.7,2.194,15.701
KIC 5871918,kepler,eclipse,12.643303542,236718.0,5.48853,15.701
KIC 9288786,kepler,eclipse,1.744101106,9681.4,1.5497,15.702
KIC 8108437,kepler,eclipse,351.2878737,134634.0,11.2066,15.703
KIC 4150539,kepler,blend,94.219289,1025.9,24.312,15.703
KIC 9480310,kepler,transit,15.43400996,1785.9,4.2572,15.703
KIC 5780460,kepler,transit,35.61760233,4634.9,8.4559,15.703
KIC 8043721,kepler,variable,0.77957913,70.4,2.457,15.703
KIC 6766583,kepler,variable,63.024229,294.6,5.77,15.705
KIC 10416390,kepler,blend,215.737826,8476.0,7.257,15.705
KIC 10735988,kepler,eclipse,1.927177921,136135.0,2.7742,15.706
KIC 4473226,kepler,transit,14.83340944,783.0,3.927,15.707
KIC 9282762,kepler,blend,1.33255441,106.7,3.828,15.708
KIC 2718778,kepler,transit,3.92453009,463.5,3.691,15.708
KIC 5428471,kepler,blend,0.75499096,215.8,2.485,15.708
KIC 7916058,kepler,variable,7.1091096,156.7,10.67,15.71
KIC 8025596,kepler,transit,4.69505576,240.0,3.058,15.711
TIC 31858844,tess,false_positive,2.9776152,43218.111683,3.25697,15.7114
KIC 4571536,kepler,eclipse,0.676715927,264.5,0.63,15.713
KIC 9710626,kepler,variable,371.21454,1780.0,19.4,15.713
KIC 10872983,kepler,transit,2.56658897,226.5,2.429,15.714
KIC 3354846,kepler,transit,18.5525162,771.5,4.385,15.714
KIC 12022517,kepler,eclipse,3.442714533,60039.0,3.36034,15.715
KIC 12506342,kepler,blend,1.22775105,327.6,1.602,15.715
KIC 3749365,kepler,transit,1.97376085,30222.4,1.82542,15.715
KIC 7285757,kepler,transit,19.5489666,523.8,1.78,15.717
KIC 6349881,kepler,transit,198.088873,1027.7,7.955,15.717
KIC 9347009,kepler,transit,19.32945602,935.5,3.794,15.719
KIC 6462874,kepler,blend,10.42360821,878.3,5.404,15.719
KIC 6199864,kepler,blend,262.477098,1016.0,5.816,15.72
KIC 8266276,kepler,blend,0.837898153,268.9,2.104,15.72
KIC 11400356,kepler,variable,677.56282,631.0,10.53,15.721
KIC 4370527,kepler,transit,61.6174528,1350.7,3.816,15.722
KIC 7304449,kepler,transit,1.538180949,841.0,1.2635,15.722
KIC 11513486,kepler,transit,6.64754478,289.3,1.961,15.724
KIC 9714123,kepler,eclipse,50.35545898,107138.0,5.51863,15.724
KIC 11350389,kepler,eclipse,1.51264208,23842.0,1.871,15.724
KIC 4757331,kepler,eclipse,1.181046137,52609.0,2.6923,15.725
KIC 4275191,kepler,transit,3.895936525,8544.8,2.3111,15.725
KIC 2707097,kepler,eclipse,0.692807507,25338.3,1.49242,15.726
KIC 7798259,kepler,eclipse,1.734221252,289817.0,2.4577,15.726
KIC 4740688,kepler,blend,3.45423296,149.8,2.965,15.726
KIC 9837578,kepler,eclipse,20.733748565,417340.0,6.28773,15.726
KIC 12459725,kepler,blend,14.1798187,459.9,2.505,15.727
KIC 10874215,kepler,transit,31.0325991,737.4,3.476,15.728
KIC 5092655,kepler,variable,0.783258387,328.5,2.2926,15.729
TIC 77228304,tess,false_positive,0.336826,18251.292089,0.883311,15.7298
KIC 10268907,kepler,blend,1.103971357,317.9,0.926,15.732
KIC 9513865,kepler,transit,3.601465336,777.7,2.2753,15.733
KIC 5389632,kepler,blend,0.474811162,205.2,1.169,15.733
KIC 11100657,kepler,eclipse,8.344104633,9695.0,1.8014,15.734
KIC 2307206,kepler,eclipse,204.0329342,411374.0,17.5623,15.734
KIC 6545051,kepler,blend,1.99566293,197.0,4.514,15.734
KIC 8462258,kepler,blend,3.611541977,2972.3,8.6068,15.736
KIC 6869184,kepler,transit,43.3167427,987.5,4.995,15.737
KIC 12352520,kepler,transit,4.5770016,710.0,0.949,15.737
KIC 9076971,kepler,transit,9.06687613,367.2,3.381,15.737
KIC 7350067,kepler,transit,4.48559215,2265.0,0.8161,15.737
KIC 6945786,kepler,transit,2.39161966,189.2,1.906,15.738
KIC 7769815,kepler,blend,4.43529675,181.9,2.117,15.738
KIC 11177707,kepler,transit,124.4197175,4107.0,3.7197,15.74
KIC 6546508,kepler,eclipse,3.053578643,52879.9,3.22884,15.74
KIC 7703882,kepler,transit,5.88350251,217.7,2.556,15.741
KIC 4284147,kepler,variable,1.1611022,,2.48,15.742
KIC 10015937,kepler,transit,59.6585348,1043.8,5.514,15.742
KIC 11249624,kepler,eclipse,65.583665567,242398.0,5.01216,15.743
KIC 7891264,kepler,variable,25.166806,1350.0,2.111,15.743
TIC 38680052,tess,false_positive,0.6743453,103652.0705638,0.9010413,15.7438
KIC 10585738,kepler,transit,0.636424848,217.9,0.947,15.744
KIC 9114508,kepler,variable,256.45616,17283.0,35.35,15.745
KIC 10487119,kepler,eclipse,3.374684854,80917.0,4.48335,15.746
KIC 5301093,kepler,variable,488.67353,691.0,12.35,15.747
KIC 4950232,kepler,blend,0.979442525,469.3,1.0348,15.747
KIC 5392897,kepler,eclipse,42.39930429,205992.0,18.3609,15.747
TIC 405484221,tess,false_positive,42.8289152,85688.8204519,2.3248526,15.7488
KIC 11704044,kepler,eclipse,6.882686062,373662.0,5.47323,15.749
KIC 9842890,kepler,blend,4.9883872,638.2,9.142,15.752
KIC 3109937,kepler,blend,37.809539,487.4,7.547,15.752
KIC 4851464,kepler,eclipse,5.548250634,42873.4,6.06772,15.752
KIC 12061969,kepler,transit,14.092583189,530.4,4.1536,15.753
KIC 4917596,kepler,transit,3.290114076,645.3,1.5151,15.753
KIC 2708885,kepler,blend,1.146934644,256.2,1.7247,15.754
KIC 5092266,kepler,transit,44.8702042,636.1,4.199,15.755
KIC 9007866,kepler,variable,1.3866358,70.1,4.77,15.755
KIC 4760478,kepler,transit,287.377314,4376.9,18.821,15.756
KIC 3642335,kepler,transit,60.8660974,714.3,4.397,15.757
KIC 7128918,kepler,eclipse,7.11879848,107665.0,4.11282,15.758
KIC 8570333,kepler,transit,84.5733346,891.6,5.762,15.758
KIC 7052511,kepler,blend,0.821472455,127.1,2.433,15.758
KIC 9336200,kepler,transit,1.755843555,386.0,1.9425,15.758
KIC 6615511,kepler,transit,25.1593389,358.1,5.198,15.759
KIC 8125580,kepler,transit,17.31711739,1473.0,3.1518,15.759
KIC 10686864,kepler,transit,2.97041801,530.7,2.2369,15.759
KIC 7605093,kepler,transit,0.634003002,316.9,0.9207,15.76
KIC 8885673,kepler,blend,1.228721184,465.6,1.041,15.76
KIC 2716801,kepler,transit,42.5217006,685.6,5.723,15.761
KIC 4548162,kepler,variable,10.0102876,127.1,5.33,15.761
KIC 6445531,kepler,blend,1.71024931,98.6,2.833,15.761
KIC 4832175,kepler,blend,0.947738312,202.2,1.206,15.761
KIC 2437897,kepler,blend,1.65320144,132.1,1.525,15.762
KIC 8612847,kepler,transit,14.13175309,1033.0,4.0136,15.762
KIC 4574319,kepler,blend,1.30627214,95.4,5.144,15.762
KIC 2716853,kepler,transit,18.82744023,1006.2,4.664,15.762
KIC 9451127,kepler,eclipse,5.117401517,62929.0,4.3056,15.764
TIC 149126400,tess,false_positive,1.2253159,6006.5175069,3.435758,15.764
KIC 8288947,kepler,transit,3.75574267,417.4,2.2911,15.764
KIC 3544640,kepler,transit,30.8278245,641.3,4.214,15.765
KIC 10068383,kepler,eclipse,7.30497811,10930.0,4.5414,15.765
KIC 6543893,kepler,transit,10.29674097,1011.8,2.7292,15.767
KIC 10535991,kepler,blend,0.93374911,57.8,3.504,15.767
KIC 6436029,kepler,transit,59.4969009,1262.1,5.404,15.768
KIC 5016163,kepler,eclipse,2.6228301,409714.0,7.29719,15.768
KIC 7659389,kepler,transit,3.8259005,857.2,1.8057,15.768
KIC 6862721,kepler,transit,4.88753111,679.6,2.034,15.768
KIC 9892471,kepler,eclipse,8.268081087,71479.3,3.47103,15.768
KIC 10473272,kepler,blend,17.6604653,309.2,2.837,15.768
KIC 7116519,kepler,blend,0.56676437,76.5,2.326,15.77
KIC 8753896,kepler,transit,14.5123622,355.8,4.163,15.77
KIC 11303811,kepler,variable,1.705780649,15498.0,1.6271,15.77
KIC 8044600,kepler,blend,4.1083812,352.8,3.279,15.771
KIC 9674608,kepler,eclipse,2.972047661,5945.0,1.198,15.772
KIC 6382217,kepler,transit,8.41100305,755.6,2.4553,15.773
KIC 8630788,kepler,transit,14.64613058,593.5,5.688,15.773
KIC 3341982,kepler,variable,514.14221,1491.0,4.153,15.773
KIC 10979716,kepler,eclipse,10.6840477,81901.0,3.515,15.774
KIC 9636135,kepler,transit,5.83376197,532.9,3.9988,15.776
KIC 7870390,kepler,transit,20.09017037,1432.1,4.154,15.777
KIC 10264202,kepler,eclipse,0.517573708,87205.0,2.23102,15.777
KIC 5264304,kepler,eclipse,120.58167178,192896.0,8.2904,15.777
KIC 6593968,kepler,variable,23.19923256,,2.09,15.778
KIC 3749978,kepler,transit,28.5057217,755.8,6.324,15.778
KIC 10734441,kepler,variable,247.47724314,,7.6,15.78
KIC 7025540,kepler,eclipse,2.148219541,457844.0,2.94091,15.783
KIC 2854948,kepler,eclipse,0.97430309,34976.0,2.1088,15.783
KIC 10583066,kepler,transit,6.02930329,1912.7,1.5821,15.784
KIC 9664142,kepler,transit,13.5631157,336.4,5.438,15.785
KIC 7008149,kepler,blend,0.51554111,,0.87,15.786
KIC 9959589,kepler,blend,1.332557603,225.3,6.043,15.787
KIC 10340228,kepler,blend,0.93371313,66.0,2.971,15.788
KIC 10485250,kepler,eclipse,16.46983774,10478.9,9.4378,15.788
KIC 9875101,kepler,variable,212.771978,1239.0,2.115,15.788
KIC 5705819,kepler,transit,8.77997349,755.7,3.2201,15.789
KIC 8480582,kepler,transit,18.5010898,421.1,3.179,15.789
KIC 6786348,kepler,transit,26.964501,601.7,3.792,15.789
KIC 11037511,kepler,transit,3.11604194,345.2,1.7763,15.79
KIC 3858757,kepler,blend,25.9534494,528.9,6.001,15.79
KIC 9850912,kepler,blend,8.4804737,337.0,6.157,15.79
KIC 8150320,kepler,transit,4.617490562,575.8,2.2618,15.791
KIC 9579499,kepler,eclipse,7.94671044,6084.4,2.8419,15.791
KIC 12406749,kepler,transit,56.3587987,2559.6,6.927,15.792
KIC 4578594,kepler,eclipse,252.1638623,103788.0,23.92,15.793
KIC 8247771,kepler,transit,1.118547814,234.8,1.5534,15.793
KIC 3542542,kepler,blend,3.47148164,122.7,4.679,15.795
KIC 9886255,kepler,transit,105.9566815,2286.4,6.9988,15.795
KIC 6525193,kepler,blend,1.710279417,228.8,2.252,15.795
KIC 7288306,kepler,transit,96.169569,894.5,7.496,15.796
KIC 9007609,kepler,blend,1.316398648,182.5,1.169,15.797
KIC 9040849,kepler,blend,4.118775582,2647.7,3.76,15.797
KIC 10973583,kepler,eclipse,6.256352128,3289.3,2.3512,15.798
KIC 3443582,kepler,eclipse,1.085965104,10578.7,10.716,15.799
KIC 7381695,kepler,blend,0.948683571,150.9,1.676,15.8
KIC 12644020,kepler,variable,234.524445,876.0,3.9,15.8
KIC 8956206,kepler,blend,99.673478,2496.0,0.968,15.801
KIC 9787239,kepler,transit,0.742957911,843.3,0.6688,15.801
KIC 10744335,kepler,transit,4.59726613,313.0,2.909,15.803
KIC 5077629,kepler,eclipse,7.91936937,15148.1,3.3148,15.805
KIC 9715631,kepler,transit,425.483539,996.6,17.856,15.807
KIC 10341917,kepler,blend,0.93375241,518.0,6.352,15.807
KIC 6522824,kepler,blend,17.4453133,327.7,5.14,15.807
KIC 4150390,kepler,eclipse,55.25178622,39873.6,6.094,15.807
KIC 6359320,kepler,transit,8.1280933,224.1,3.727,15.808
KIC 5289854,kepler,transit,9.69501146,515.2,2.75,15.809
KIC 9092504,kepler,transit,0.962864171,303.5,1.6802,15.81
KIC 5269467,kepler,transit,33.8677783,894.8,3.72,15.81
KIC 11601357,kepler,variable,3.55027051,212.7,1.879,15.81
KIC 7033713,kepler,blend,2.19642864,99.5,4.933,15.811
KIC 5219234,kepler,transit,16.73869035,996.8,2.398,15.812
KIC 5020034,kepler,eclipse,2.119107262,124646.0,7.5384,15.812
KIC 5700900,kepler,variable,379.08202,1609.1,33.87,15.813
KIC 8039892,kepler,transit,5.007316661,6932.3,4.2362,15.813
KIC 9112931,kepler,transit,10.71253475,1198.6,2.7186,15.813
KIC 8483366,kepler,variable,392.49728,1062.0,10.53,15.814
KIC 6527229,kepler,eclipse,200.79976002,92642.0,7.6419,15.814
KIC 7671594,kepler,eclipse,0.705174384,375227.0,1.11196,15.815
KIC 11912916,kepler,blend,3.74788322,242.6,3.45,15.817
KIC 9656252,kepler,transit,16.92342126,1125.3,4.1864,15.818
KIC 10922659,kepler,transit,31.2543238,438.0,5.662,15.82
KIC 6200529,kepler,variable,374.92478,610.0,18.05,15.822
KIC 8758204,kepler,transit,159.388788,1033.0,8.432,15.822
KIC 8483258,kepler,variable,372.16478,2074.0,11.288,15.823
KIC 8866137,kepler,transit,33.4178173,1166.8,4.645,15.824
KIC 10471204,kepler,blend,0.93371631,61.3,4.344,15.824
KIC 10538176,kepler,transit,12.69905011,797.4,2.9899,15.824
KIC 10191070,kepler,blend,1.213745575,2012.2,5.5835,15.825
KIC 3645438,kepler,transit,7.298142,370.5,3.024,15.825
KIC 2140389,kepler,blend,0.967427812,9127.8,5.8883,15.826
KIC 8676148,kepler,transit,28.6253502,652.7,4.551,15.826
KIC 9156957,kepler,blend,3.6673005,144.9,3.373,15.826
KIC 6891637,kepler,blend,1.752553762,414.7,3.877,15.828
KIC 5110423,kepler,blend,2.685223546,5494.6,4.0632,15.828
KIC 7778767,kepler,transit,13.0313583,573.3,4.521,15.829
KIC 6364307,kepler,blend,5.2435703,228.5,15.864,15.829
KIC 4245933,kepler,blend,11.2580745,713.3,23.516,15.83
KIC 5796185,kepler,eclipse,42.559265547,207990.0,3.36626,15.831
KIC 7347246,kepler,transit,86.1160885,875.2,6.058,15.831
KIC 12403968,kepler,blend,0.589753355,216.0,0.606,15.832
KIC 5602588,kepler,transit,11.01819178,545.7,4.635,15.832
KIC 3344427,kepler,variable,1.303570451,332340.0,2.28163,15.832
KIC 9705620,kepler,variable,95.254421,465.4,3.379,15.833
KIC 7672097,kepler,transit,7.97033985,490.8,2.6675,15.833
KIC 5467113,kepler,eclipse,2.845746618,557741.0,13.0719,15.833
KIC 7439316,kepler,transit,2.617028373,499.4,2.046,15.835
KIC 6531143,kepler,variable,19.4444573,182.3,5.509,15.835
KIC 5396122,kepler,eclipse,15.44428875,3596.2,2.0791,15.838
KIC 5609593,kepler,transit,136.205112,1209.3,5.568,15.839
KIC 6058875,kepler,eclipse,0.56493412,252639.0,2.57621,15.839
KIC 9278553,kepler,eclipse,18.610092584,50833.5,4.98308,15.84
KIC 9838761,kepler,blend,1.33254428,162.2,3.122,15.84
KIC 11129738,kepler,transit,2.613020421,599.7,1.9588,15.84
KIC 4540508,kepler,variable,362.1273,1098.0,6.719,15.84
KIC 10910878,kepler,transit,6.252962249,1036.9,2.5819,15.841
KIC 3554031,kepler,transit,8.70798309,1419.6,2.4904,15.842
KIC 6962109,kepler,transit,17.13263125,850.2,3.0555,15.842
KIC 3838486,kepler,blend,2.99025443,589.2,5.414,15.842
KIC 8331612,kepler,transit,13.8353959,818.0,4.961,15.842
KIC 9271739,kepler,variable,575.95408,1210.0,8.618,15.843
KIC 9455556,kepler,transit,6.62643441,814.6,3.1752,15.843
KIC 9334289,kepler,transit,18.74649011,796.8,3.895,15.843
KIC 9274431,kepler,variable,117.844963,1043.0,1.951,15.844
KIC 12505076,kepler,transit,11.92979348,709.3,6.152,15.844
KIC 7013923,kepler,blend,2.21396079,119.4,3.452,15.844
KIC 5895588,kepler,blend,0.849277809,690.8,3.137,15.845
KIC 9386171,kepler,variable,381.18654,985.0,9.73,15.845
KIC 6195792,kepler,variable,36.4772788,463.0,2.092,15.846
KIC 7455287,kepler,transit,8.01078456,1333.6,2.312,15.847
KIC 10604335,kepler,transit,11.00817635,1462.5,2.013,15.847
KIC 8078502,kepler,transit,37.8862977,672.2,5.218,15.848
KIC 5775090,kepler,variable,432.96732,866.0,10.85,15.848
KIC 10328458,kepler,transit,2.352273912,318.6,1.7389,15.848
KIC 6435936,kepler,transit,56.0560754,1626.0,4.685,15.849
KIC 9100953,kepler,transit,44.9851885,617.8,4.164,15.85
KIC 3861611,kepler,blend,3.84933401,503.9,2.299,15.851
KIC 11662440,kepler,eclipse,13.639480425,81103.0,3.12422,15.852
KIC 6973796,kepler,eclipse,115.9943364,37571.0,2.4136,15.852
KIC 3444588,kepler,transit,0.928310036,376.2,1.1899,15.854
KIC 7184556,kepler,variable,93.6452481,,2.12,15.854
KIC 8183389,kepler,eclipse,32.440339204,287602.0,4.50984,15.854
KIC 5792202,kepler,transit,31.33046135,5073.8,5.176,15.855
KIC 12066569,kepler,transit,49.2768448,1132.9,3.787,15.855
KIC 5531953,kepler,transit,1.992812339,314.8,2.066,15.855
KIC 3234843,kepler,transit,10.61368712,559.8,3.498,15.855
KIC 12418891,kepler,blend,0.760941405,186.6,1.773,15.855
TIC 4294779,tess,false_positive,0.3438892,24850.3953805,0.9696069,15.8552
KIC 8526387,kepler,blend,0.772803664,290.2,1.368,15.856
KIC 8463346,kepler,transit,16.79716262,1023.8,3.83,15.856
KIC 10189523,kepler,variable,1.013922622,34957.0,1.6393,15.856
KIC 8547525,kepler,variable,485.57785,853.0,6.67,15.857
KIC 6436505,kepler,variable,24.7222403,290.1,4.53,15.857
KIC 6880517,kepler,transit,65.6491001,983.9,7.298,15.858
KIC 9881077,kepler,transit,24.4004378,860.5,2.987,15.858
KIC 3654950,kepler,eclipse,4.067371428,63446.7,5.8962,15.858
KIC 11821363,kepler,transit,8.19596647,792.8,2.824,15.858
KIC 8379705,kepler,transit,11.1296971,371.0,2.942,15.859
KIC 7373451,kepler,transit,21.02250608,1772.5,4.1072,15.859
KIC 7183745,kepler,transit,28.4750006,763.8,4.718,15.86
KIC 10332789,kepler,eclipse,18.74072534,125477.0,5.19791,15.861
KIC 10682541,kepler,transit,4.99677968,934.7,2.1717,15.861
KIC 6525185,kepler,blend,1.71030803,216.0,2.718,15.862
KIC 6364200,kepler,blend,5.2441517,90.1,9.69,15.862
KIC 4263293,kepler,transit,8.45746636,1320.3,2.2906,15.862
KIC 8106973,kepler,eclipse,439.1076969,69792.0,26.2259,15.862
KIC 6128027,kepler,eclipse,5.455766383,104538.0,2.8923,15.863
KIC 5217574,kepler,blend,0.89486317,172.0,2.657,15.863
KIC 8356054,kepler,eclipse,17.081202417,134143.0,7.20617,15.863
KIC 9777724,kepler,blend,1.33258458,127.0,3.222,15.865
KIC 9850966,kepler,blend,8.480305,304.2,6.19,15.866
KIC 6527050,kepler,variable,0.87985197,,1.3,15.867
KIC 4915638,kepler,transit,8.63050092,325.8,3.144,15.868
KIC 11465950,kepler,transit,16.0573291,575.0,3.546,15.869
KIC 7777365,kepler,blend,0.88512187,136.0,3.349,15.871
KIC 7192680,kepler,variable,114.25041494,,2.11,15.872
KIC 9845931,kepler,blend,61.224558,544.2,4.103,15.873
KIC 4175630,kepler,transit,28.227413,1113.4,5.782,15.873
KIC 8545603,kepler,variable,55.884827,497.6,2.283,15.873
KIC 8459663,kepler,transit,174.510276,1530.0,6.689,15.873
KIC 4819158,kepler,variable,328.84846,901.0,5.45,15.876
KIC 8108450,kepler,variable,386.78734,743.7,15.51,15.876
KIC 7385387,kepler,blend,1.65546056,125.1,3.52,15.876
KIC 11519187,kepler,transit,2.440839436,509.5,0.968,15.877
KIC 7270230,kepler,eclipse,6.998099523,20285.0,2.0488,15.877
KIC 6186964,kepler,transit,2.164570593,525.1,1.2862,15.877
KIC 4913852,kepler,transit,8.11437482,1558.0,2.2736,15.877
KIC 8256044,kepler,eclipse,16.371883638,65927.0,3.44467,15.879
KIC 6199716,kepler,blend,0.805267592,146.6,0.887,15.881
KIC 7216284,kepler,transit,6.69958851,253.7,2.831,15.883
KIC 8223655,kepler,blend,280.1604956,12946.0,2.8637,15.884
KIC 8557246,kepler,variable,246.87131,433.6,10.69,15.884
KIC 10862284,kepler,blend,9.1447861,268.8,5.422,15.884
KIC 6525398,kepler,variable,252.04444,1502.0,5.13,15.884
KIC 6696580,kepler,transit,77.086191,942.8,4.77,15.886
KIC 6149553,kepler,variable,56.86716792,,4.23,15.886
KIC 7207061,kepler,transit,15.94248453,1093.7,3.4894,15.886
KIC 7512982,kepler,transit,20.38174802,1597.1,3.7922,15.887
KIC 5599774,kepler,transit,8.49640437,834.0,2.2128,15.888
KIC 7816665,kepler,blend,4.29258258,369.6,3.069,15.888
KIC 2439243,kepler,transit,26.0203329,1164.4,4.965,15.889
KIC 4381429,kepler,transit,16.473474,470.5,4.201,15.889
KIC 9153570,kepler,transit,3.81371423,281.0,1.973,15.89
KIC 6679504,kepler,variable,0.798467681,120.7,0.86,15.89
KIC 11757451,kepler,transit,177.668663,901.4,9.298,15.891
KIC 5817613,kepler,blend,4.2058608,182.0,7.39,15.892
KIC 6294819,kepler,transit,0.675650404,200.7,1.8261,15.892
KIC 10075409,kepler,variable,360.33012,1022.0,15.16,15.892
KIC 8256453,kepler,eclipse,1.347512632,2651.8,1.9817,15.894
KIC 12004689,kepler,blend,2.5212708,163.3,2.706,15.894
KIC 9011874,kepler,variable,361.54561249,,25.28,15.894
KIC 9216231,kepler,variable,616.34132,1287.0,12.724,15.894
KIC 7593110,kepler,eclipse,3.549386251,50664.0,2.4342,15.895
KIC 6612284,kepler,blend,1.245353252,224.2,2.152,15.895
TIC 268914377,tess,false_positive,2.1538959,96363.0926604,2.1776943,15.8953
KIC 6516874,kepler,variable,0.916326699,96384.0,3.1427,15.896
KIC 8244173,kepler,eclipse,1.092066399,401890.0,2.97608,15.896
KIC 6592335,kepler,transit,0.824000125,183.1,0.855,15.896
KIC 8180020,kepler,eclipse,5.803127153,58570.0,4.9041,15.896
KIC 3327993,kepler,blend,2.11552348,359.2,6.712,15.897
KIC 7211141,kepler,transit,51.92920654,3425.8,5.2637,15.897
KIC 9269281,kepler,transit,5.82348911,888.7,2.2441,15.898
KIC 5175986,kepler,transit,0.868386354,488.5,1.066,15.898
KIC 6604328,kepler,transit,31.0033072,645.2,5.253,15.898
KIC 5869272,kepler,variable,186.59466,685.0,16.57,15.899
KIC 11705004,kepler,transit,9.03326435,610.7,2.857,15.901
KIC 6182508,kepler,variable,85.9770426,1064.0,1.919,15.901
KIC 10404545,kepler,variable,350.34114,1363.8,16.97,15.901
KIC 9965206,kepler,eclipse,16.227548674,192688.0,5.08666,15.901
KIC 4245861,kepler,blend,11.2582311,300.4,16.89,15.902
KIC 5436338,kepler,transit,6.30922043,691.2,1.3251,15.906
KIC 9034103,kepler,transit,7.13969705,512.9,3.981,15.906
KIC 3859042,kepler,blend,25.94947,238.3,15.7,15.908
KIC 7960980,kepler,transit,9.98970266,988.4,3.7,15.909
KIC 10728219,kepler,eclipse,3.371796653,366901.0,3.4421,15.909
KIC 10843203,kepler,eclipse,4.429633087,6120.1,3.0257,15.91
KIC 10842192,kepler,transit,9.33648141,885.4,2.5449,15.911
KIC 4067925,kepler,transit,24.2204192,806.3,3.271,15.911
KIC 7697568,kepler,eclipse,22.84156293,2940.7,2.5997,15.911
KIC 5209845,kepler,transit,11.95401876,855.9,2.656,15.911
KIC 7674050,kepler,eclipse,472.2265706,156143.0,4.8732,15.911
KIC 12453581,kepler,transit,11.94019101,631.7,2.866,15.912
KIC 5802292,kepler,blend,1.208528832,180.8,1.336,15.912
KIC 3329985,kepler,variable,146.355097,820.0,5.034,15.913
KIC 6285397,kepler,blend,5.2438269,128.6,8.235,15.914
KIC 3546060,kepler,transit,9.69310837,1130.7,2.734,15.914
KIC 8804937,kepler,variable,181.3537,455.0,16.19,15.914
KIC 5444334,kepler,blend,0.759763198,202.5,3.083,15.916
KIC 9640931,kepler,blend,2.17815196,245.0,2.445,15.916
KIC 7117513,kepler,blend,0.566797474,98.8,2.708,15.916
KIC 8307354,kepler,variable,320.56794551,898.9,15.3614,15.916
KIC 6032318,kepler,variable,235.20613,642.0,6.989,15.917
KIC 9825174,kepler,transit,0.740926358,195.5,1.0163,15.918
KIC 3330684,kepler,blend,1.26132769,109.7,1.244,15.918
KIC 6129524,kepler,transit,0.88184263,249.9,1.3117,15.919
KIC 8561063,kepler,transit,0.453287416,1461.5,0.4445,15.92
KIC 5872139,kepler,variable,375.17737,1230.0,20.52,15.92
KIC 8546464,kepler,variable,253.652263,26456.0,3.85,15.921
KIC 11497958,kepler,transit,10.8644095,748.7,1.853,15.921
KIC 1995519,kepler,transit,19.9401211,758.9,4.283,15.922
KIC 11650401,kepler,transit,3.94660745,309.4,2.705,15.923
KIC 8244295,kepler,blend,1.09206792,105.9,1.646,15.924
KIC 3544694,kepler,eclipse,1.922862476,101272.0,3.4594,15.925
KIC 10341787,kepler,blend,0.93373716,144.9,5.015,15.926
KIC 5650314,kepler,blend,1.070272827,9886.5,4.2844,15.926
KIC 6227560,kepler,eclipse,2.401751509,25044.0,2.0835,15.927
KIC 7692093,kepler,variable,91.172033,368.5,6.676,15.927
KIC 9602775,kepler,blend,3.5564279,131.4,6.998,15.927
KIC 3428468,kepler,eclipse,114.90862419,196112.0,7.66397,15.927
KIC 5876805,kepler,eclipse,18.173045009,69911.3,10.9113,15.927
KIC 5899544,kepler,blend,1.739428983,5897.4,2.4894,15.929
KIC 4902030,kepler,eclipse,0.878803439,410723.0,2.74503,15.929
KIC 12208887,kepler,eclipse,53.501860974,456778.0,5.25334,15.929
KIC 5181804,kepler,eclipse,4.350460215,50424.0,2.5276,15.929
KIC 8110767,kepler,transit,20.49041,661.8,4.369,15.93
KIC 8874090,kepler,transit,13.32389352,781.3,3.2208,15.931
KIC 11768142,kepler,transit,38.0970717,913.3,4.307,15.931
KIC 6615600,kepler,blend,2.19509634,227.7,1.796,15.933
KIC 6936909,kepler,transit,3.546531809,442.7,2.2746,15.934
KIC 7811537,kepler,variable,16.9341628,207.8,3.94,15.934
KIC 8081905,kepler,transit,3.27645723,323.0,2.219,15.934
KIC 9837685,kepler,transit,13.71218522,786.7,2.437,15.935
KIC 5564247,kepler,blend,1.727177258,347.4,2.081,15.935
KIC 3102000,kepler,eclipse,57.0599992,66168.0,7.463,15.936
KIC 8179325,kepler,blend,3.17275711,313.2,5.404,15.936
KIC 4770365,kepler,transit,4.72941177,434.3,2.234,15.937
KIC 11923270,kepler,transit,11.59822233,2804.5,2.5237,15.937
KIC 8175131,kepler,blend,4.27121961,966.7,2.9283,15.938
KIC 8495415,kepler,blend,2.237180102,493.8,1.4734,15.938
KIC 9945370,kepler,transit,37.9456138,1032.9,4.093,15.939
KIC 7767733,kepler,eclipse,25.19830439,73834.2,5.1942,15.94
KIC 4077767,kepler,variable,168.77118,2045.0,2.263,15.941
KIC 10489345,kepler,transit,1.003931703,491.1,1.4361,15.942
KIC 8892721,kepler,blend,61.4913415,3692.4,9.627,15.943
KIC 9597095,kepler,eclipse,2.745640575,45264.7,3.04508,15.945
KIC 8151055,kepler,transit,29.9632816,893.2,2.6,15.947
KIC 8938937,kepler,variable,37.1083458,366.5,4.112,15.948
KIC 8346392,kepler,transit,5.72812616,643.4,2.0295,15.95
KIC 4164994,kepler,transit,10.50682978,13355.5,3.7769,15.95
TIC 426017070,tess,false_positive,0.5992533,24379.9383482,2.3197658,15.951
KIC 5462901,kepler,eclipse,5.270733213,293637.0,2.7822,15.953
KIC 9820483,kepler,transit,3.584101048,2608.1,2.7316,15.954
KIC 4139816,kepler,transit,20.06036336,1494.7,3.3203,15.954
KIC 7047363,kepler,variable,93.6273251,,1.92,15.956
KIC 6962977,kepler,transit,2.58083264,270.2,2.1729,15.956
KIC 4861791,kepler,blend,5.62950902,297.5,6.542,15.957
KIC 10491044,kepler,blend,2.1990638,344.8,3.197,15.957
KIC 10470882,kepler,blend,0.9337491,98.1,3.842,15.958
KIC 2715695,kepler,transit,4.09578199,405.5,1.704,15.958
KIC 6677415,kepler,variable,73.9239955,634.0,1.699,15.959
KIC 2556650,kepler,transit,2.852348262,1402.9,0.7051,15.959
KIC 11342573,kepler,eclipse,91.05641908,57607.6,6.7282,15.959
KIC 6525249,kepler,blend,1.710316235,409.4,3.614,15.961
KIC 9941066,kepler,transit,5.87063416,505.6,2.5736,15.961
KIC 10340423,kepler,transit,18.79418506,1529.0,3.2906,15.962
KIC 7968683,kepler,variable,367.95566,1414.1,21.877,15.964
KIC 9145415,kepler,variable,365.78863,885.0,12.76,15.964
KIC 9264949,kepler,transit,11.41911886,509.2,5.135,15.965
KIC 8507475,kepler,transit,3.58273837,360.5,1.523,15.965
KIC 4271474,kepler,transit,21.8634638,871.0,3.542,15.965
KIC 8367644,kepler,transit,22.08551599,3157.4,2.1727,15.967
KIC 6852354,kepler,variable,101.97435125,,2.34,15.968
KIC 11124353,kepler,variable,423.73074,834.9,19.4,15.969
KIC 8884274,kepler,transit,10.65275054,740.7,2.684,15.97
KIC 5738346,kepler,eclipse,30.6113932,3472.0,3.576,15.97
KIC 7761585,kepler,variable,205.30627,671.0,7.86,15.971
KIC 12407623,kepler,blend,1.181165291,370.4,1.013,15.971
KIC 7281229,kepler,variable,0.566813319,129.1,3.752,15.972
KIC 11232745,kepler,eclipse,4.81712182,35756.4,2.45699,15.973
KIC 6347434,kepler,variable,425.22927,829.0,6.76,15.973
KIC 6119877,kepler,variable,250.23760741,,16.58,15.974
KIC 3836375,kepler,blend,1.540397253,816.1,2.1541,15.974
KIC 11670125,kepler,transit,1.217000383,459.8,1.3285,15.975
KIC 6681618,kepler,variable,364.42189,2498.0,38.14,15.975
KIC 8815031,kepler,variable,472.6038,672.0,12.15,15.975
KIC 11599264,kepler,eclipse,8.428090255,11355.5,1.881,15.977
KIC 8935810,kepler,transit,6.230335,1449.2,1.6493,15.977
KIC 5794240,kepler,transit,2.455240626,36911.9,1.72722,15.979
KIC 9845362,kepler,variable,105.895315,1227.0,2.581,15.979
KIC 8043714,kepler,eclipse,6.814984472,23915.3,3.05409,15.981
KIC 5814013,kepler,blend,1.57017249,158.4,2.257,15.981
KIC 3118797,kepler,transit,66.4159789,2053.2,7.061,15.983
KIC 10471174,kepler,blend,0.93369659,81.4,4.444,15.983
KIC 9838804,kepler,blend,1.33256952,163.5,2.915,15.983
KIC 8625813,kepler,blend,45.3965379,1001.6,3.826,15.984
KIC 3954227,kepler,variable,0.594276199,220745.0,2.0188,15.985
KIC 8543100,kepler,transit,7.56052209,659.8,3.8573,15.986
KIC 5260419,kepler,variable,19.93826636,,1.77,15.986
KIC 6187341,kepler,eclipse,0.492291661,1107.6,0.894,15.986
KIC 8742735,kepler,variable,331.92622,809.0,10.84,15.986
KIC 5480884,kepler,variable,0.708726708,313.6,0.753,15.986
KIC 8890150,kepler,transit,7.05429483,359.3,1.716,15.987
KIC 10330115,kepler,transit,13.21409607,1154.8,3.5641,15.987
KIC 12506770,kepler,transit,2.806243488,599.6,1.6271,15.988
KIC 7102316,kepler,transit,37.0551726,1028.8,5.439,15.99
KIC 9813678,kepler,eclipse,0.505079006,28077.9,1.36737,15.992
KIC 9021075,kepler,transit,7.28116667,333.8,2.716,15.993
KIC 4678171,kepler,eclipse,15.288709179,512474.0,5.00366,15.993
KIC 10129482,kepler,eclipse,0.846291334,190191.0,1.79962,15.994
KIC 6878240,kepler,transit,135.4978256,5038.1,6.769,15.996
KIC 2558363,kepler,blend,0.54624855,639.7,2.0543,15.996
KIC 7948619,kepler,variable,206.76425774,,2.57,15.996
KIC 5547424,kepler,variable,276.54167976,,7.76,15.999
KIC 8617363,kepler,transit,19.94752741,861.3,1.756,15.999
KIC 4751083,kepler,eclipse,4.532416322,34953.0,3.2864,16.028
KIC 9838060,kepler,eclipse,23.81578356,4856.7,3.7591,16.029
KIC 8211824,kepler,eclipse,0.84112187,75070.0,2.0431,16.055
TIC 184892124,tess,transit,1.9828041,132105.0435175,1.1139386,16.0573
TIC 114103136,tess,false_positive,1.1471548,2670.0,1.403,16.0657
KIC 9777556,kepler,blend,1.33254897,591.7,3.083,16.072
KIC 5560831,kepler,variable,0.867721348,97653.0,4.8783,16.09
KIC 12316447,kepler,eclipse,17.907664726,265411.0,5.58652,16.107
KIC 5688790,kepler,transit,8.07394097,1056.0,2.455,16.109
KIC 5730394,kepler,eclipse,5.519188936,217073.0,7.1351,16.117
KIC 6431670,kepler,eclipse,29.911334059,354377.0,7.26916,16.128
KIC 9532052,kepler,transit,15.72585941,1313.1,3.8284,16.144
KIC 3735629,kepler,eclipse,4.664186517,555376.0,4.0639,16.144
KIC 9838975,kepler,eclipse,18.692860599,51256.5,3.88584,16.147
KIC 11455484,kepler,eclipse,6.142812722,96593.0,6.0751,16.152
KIC 2708221,kepler,blend,1.8912501,731.0,7.648,16.159
KIC 10489521,kepler,eclipse,3.224486463,403734.0,4.61686,16.169
KIC 7732791,kepler,eclipse,1.032068851,121993.0,2.1344,16.177
KIC 9837083,kepler,eclipse,0.623393802,30192.2,1.40392,16.18
KIC 8949316,kepler,eclipse,0.604358764,38731.0,1.0423,16.182
KIC 3348093,kepler,eclipse,7.964400574,190903.0,4.4761,16.2
KIC 2438502,kepler,eclipse,8.360616221,28066.3,7.5385,16.209
KIC 9654468,kepler,transit,47.7052566,1161.5,5.959,16.22
KIC 2449090,kepler,eclipse,4.944046127,112503.0,4.50334,16.237
KIC 9716391,kepler,transit,13.1829329,518.0,3.594,16.239
KIC 3340313,kepler,eclipse,30.5528701,63521.0,5.3367,16.245
TIC 686072378,tess,false_positive,1.9426003,504062.379922,1.0206743,16.2463
KIC 8733898,kepler,transit,5.14892346,2355.0,0.9613,16.257
KIC 8561192,kepler,eclipse,2.742590902,680398.0,10.4143,16.267
KIC 10122538,kepler,transit,37.6333868,1661.7,4.49,16.279
KIC 9823519,kepler,transit,1.766789509,1009.8,1.3345,16.283
KIC 5130380,kepler,eclipse,19.979098,38418.0,10.5638,16.299
KIC 8780968,kepler,eclipse,2.617284592,231450.0,9.5545,16.304
KIC 9656543,kepler,eclipse,2.544594443,348777.0,3.21373,16.319
KIC 10727668,kepler,eclipse,2.305903447,23268.7,3.3828,16.321
KIC 10843431,kepler,transit,8.7396758,1431.0,3.866,16.324
KIC 7812175,kepler,eclipse,17.79391159,93395.0,4.3194,16.328
KIC 9886224,kepler,eclipse,2.992662857,113705.0,2.5258,16.328
KIC 9777290,kepler,blend,1.33251948,233.7,3.733,16.334
TIC 267574918,tess,transit,1.4079369,484643.7441389,0.3063531,16.338
KIC 2707916,kepler,blend,1.89124738,410.0,4.697,16.341
KIC 4937143,kepler,eclipse,9.84883968,22012.0,5.7425,16.35
KIC 2437209,kepler,eclipse,281.36926,12435.0,66.892,16.353
KIC 9532123,kepler,variable,8.214204254,74177.0,4.5905,16.356
KIC 8258160,kepler,eclipse,23.6270348,8433.0,11.481,16.375
KIC 5649836,kepler,eclipse,0.597933142,284383.0,3.47133,16.377
KIC 9110346,kepler,eclipse,0.895276162,319082.0,3.0518,16.397
KIC 9592850,kepler,eclipse,1.219324537,379055.0,4.7501,16.4
KIC 8892303,kepler,transit,5.424749327,7680.0,1.139,16.406
KIC 9468384,kepler,eclipse,11.082622625,268725.0,6.62584,16.411
KIC 5164255,kepler,transit,15.37562369,15337.0,3.3169,16.422
KIC 5636642,kepler,eclipse,0.933489066,14259.0,1.41864,16.428
KIC 12109845,kepler,eclipse,0.865959015,291274.0,1.9058,16.44
KIC 12643582,kepler,eclipse,44.14579777,224228.0,4.088,16.442
KIC 10747445,kepler,eclipse,4.593595496,45034.0,2.7468,16.444
KIC 6470516,kepler,eclipse,2.080431782,894203.0,7.4997,16.448
KIC 6233903,kepler,eclipse,2.995357359,172404.0,6.57901,16.455
KIC 10357831,kepler,eclipse,1.72153588,39929.0,1.9227,16.459
KIC 2452440,kepler,eclipse,8.097050622,65620.0,5.6736,16.474
KIC 9716302,kepler,blend,1.332566763,384.9,4.001,16.49
KIC 5303557,kepler,blend,2.399081606,6071.6,4.384,16.494
KIC 6675060,kepler,eclipse,10.443341795,145294.0,3.94077,16.51
KIC 9715925,kepler,eclipse,6.30828538,113526.0,2.48633,16.515
KIC 9594184,kepler,blend,42.093314,886.0,4.649,16.523
KIC 2438406,kepler,variable,262.71162,1449.0,7.72,16.546
KIC 9596089,kepler,eclipse,20.8392148,177508.0,2.3321,16.583
KIC 7731281,kepler,transit,76.377855,11004.0,4.809,16.595
KIC 3231120,kepler,eclipse,3.900109346,126194.0,3.9037,16.597
KIC 10555365,kepler,eclipse,5.80184753,22143.0,3.9551,16.605
KIC 5080565,kepler,variable,49.312677,1713.0,4.057,16.609
KIC 9896435,kepler,eclipse,18.076610347,65280.0,3.1396,16.636
KIC 3547315,kepler,eclipse,0.64234865,39597.0,2.1184,16.639
KIC 2441161,kepler,eclipse,2.192004364,99583.0,3.075,16.654
KIC 9773869,kepler,eclipse,15.65129028,398641.0,6.7631,16.666
KIC 7185487,kepler,variable,0.53482911,704.0,0.996,16.67
KIC 4037163,kepler,variable,0.635441862,147609.0,1.9827,16.675
KIC 9409493,kepler,variable,60.049737,16650.0,20.17,16.675
KIC 9661869,kepler,eclipse,20.427232317,121813.0,3.46429,16.677
KIC 8197560,kepler,blend,1.02425556,1631.7,2.6439,16.695
KIC 9775253,kepler,eclipse,4.39451798,223616.0,2.9527,16.705
KIC 6286161,kepler,variable,14.541781166,143645.0,9.1151,16.709
KIC 6200709,kepler,eclipse,3.723552982,40143.0,3.5632,16.72
KIC 10518735,kepler,eclipse,19.515013291,256442.0,4.59379,16.739
KIC 5956776,kepler,variable,0.569115097,585597.0,3.5028,16.747
KIC 8263746,kepler,eclipse,10.9938268,419208.0,5.0746,16.751
KIC 9025914,kepler,eclipse,11.320287875,243413.0,4.82219,16.756
KIC 9532421,kepler,eclipse,4.309067482,23647.0,2.21,16.77
KIC 8620561,kepler,eclipse,0.782046543,340464.0,1.9874,16.784
KIC 6960446,kepler,eclipse,10.14873521,116125.0,5.603,16.798
KIC 11200405,kepler,eclipse,4.639602084,25079.0,3.4636,16.803
KIC 4474637,kepler,eclipse,3.886730304,372425.0,16.1723,16.81
KIC 9837661,kepler,transit,5.72084599,1316.0,2.744,16.835
KIC 2570773,kepler,blend,1.8912851,1223.4,6.182,16.851
KIC 7840035,kepler,eclipse,13.54208867,28869.0,4.9406,16.9
KIC 9595956,kepler,eclipse,316.950146,,5.33,16.923
KIC 3097352,kepler,eclipse,4.029803201,191073.0,4.4301,16.936
KIC 4386047,kepler,eclipse,2.900613144,165475.0,3.7357,16.943
KIC 7938883,kepler,variable,0.489682339,431674.0,1.7495,16.946
KIC 10383696,kepler,eclipse,8.487871809,118814.0,4.19829,16.947
KIC 9957351,kepler,variable,0.991105114,286389.0,2.2137,16.948
KIC 10462462,kepler,eclipse,0.85581563,,10.27,16.951
KIC 7707742,kepler,eclipse,0.758354475,581782.0,4.56811,16.975
KIC 2437452,kepler,eclipse,7.234965722,164848.0,7.0245,16.981
KIC 8265520,kepler,blend,6.2089181,1664.0,2.292,16.984
KIC 2437060,kepler,eclipse,3.187087241,129093.0,7.2897,16.988
KIC 10676927,kepler,eclipse,1.031100362,129157.0,2.9759,17.022
KIC 9636559,kepler,eclipse,10.636305846,216063.0,5.17212,17.035
KIC 6387887,kepler,variable,0.650701055,371061.0,0.89164,17.037
KIC 5816806,kepler,eclipse,4.45543346,245681.0,5.116,17.046
KIC 5868793,kepler,transit,4.83809469,1544.0,1.096,17.058
KIC 9777087,kepler,blend,19.226055,3266.0,2.949,17.065
KIC 5866104,kepler,eclipse,36.97709537,217145.0,5.2063,17.066
KIC 10259029,kepler,eclipse,7.061149921,131257.0,3.33515,17.115
KIC 6444896,kepler,transit,19.5352551,1732.0,1.013,17.131
KIC 2570432,kepler,blend,1.89140138,557.6,9.52,17.159
KIC 5876360,kepler,eclipse,1.050852976,41694.0,1.6788,17.172
KIC 10743600,kepler,eclipse,0.8170226,167696.0,2.974,17.206
KIC 9719636,kepler,eclipse,3.351573993,54546.0,2.8758,17.279
KIC 5652260,kepler,eclipse,4.464565251,74112.0,4.0221,17.296
KIC 9531850,kepler,variable,0.66234265,2359.0,1.049,17.332
KIC 9776186,kepler,blend,1.48922187,613.6,1.882,17.352
KIC 6312521,kepler,eclipse,3.01551943,159584.0,3.1713,17.357
KIC 3114667,kepler,eclipse,0.888584158,412710.0,2.25012,17.375
KIC 2569494,kepler,eclipse,1.523298835,195071.0,5.9083,17.38
KIC 12062660,kepler,eclipse,2.929299629,83918.0,7.102,17.382
KIC 4579321,kepler,eclipse,2.112395777,262602.0,2.7714,17.388
KIC 9411317,kepler,eclipse,8.2904597,173007.0,2.6002,17.409
KIC 12459731,kepler,eclipse,14.180228311,172737.0,4.5344,17.427
KIC 4454219,kepler,eclipse,1.22578134,99376.0,2.235,17.431
KIC 9532637,kepler,variable,0.61496383,358049.0,1.93053,17.453
KIC 9593759,kepler,eclipse,1.247156944,134761.0,2.6779,17.474
KIC 9730163,kepler,transit,4.871223664,6462.0,1.5916,17.475
KIC 9655858,kepler,eclipse,31.43284649,178874.0,5.3541,17.481
KIC 9692336,kepler,variable,0.687898282,293505.0,3.96401,17.49
KIC 8127648,kepler,eclipse,1.023470248,129526.0,2.3804,17.506
KIC 9838414,kepler,blend,1.33261458,1335.3,5.161,17.511
KIC 5478083,kepler,blend,15.85231085,437862.0,4.8707,17.518
KIC 9784230,kepler,variable,0.7981968,257616.0,2.22035,17.579
KIC 2437149,kepler,eclipse,18.79862195,380204.0,7.4782,17.628
KIC 2166200,kepler,eclipse,8.096939227,142891.0,2.8833,17.637
KIC 3556229,kepler,eclipse,0.7967202,167719.0,4.25304,17.656
KIC 8264097,kepler,eclipse,2.897436854,289807.0,3.2833,17.687
KIC 5021174,kepler,eclipse,4.04506346,360177.0,3.22222,17.705
KIC 6314173,kepler,eclipse,1.433262401,428557.0,6.2205,17.719
KIC 8299947,kepler,eclipse,2.682767439,394412.0,4.58143,17.743
KIC 2438490,kepler,eclipse,3.31577795,94567.0,4.2349,17.772
KIC 6301030,kepler,variable,11.991000357,375940.0,6.4648,17.777
KIC 9777090,kepler,eclipse,5.50817321,226850.0,3.6845,17.779
KIC 3838496,kepler,eclipse,2.990252395,216437.0,7.8462,17.9
KIC 8414914,kepler,eclipse,100.303613,488038.0,10.578,17.908
KIC 4935914,kepler,eclipse,3.486318703,60135.0,2.7904,17.914
KIC 8937019,kepler,eclipse,5.663604992,163385.0,1.4283,17.93
KIC 8621353,kepler,eclipse,11.344347453,258242.0,5.9738,17.953
KIC 5649206,kepler,eclipse,2.446736567,415859.0,5.0201,17.991
KIC 9777990,kepler,eclipse,14.3400358,1706.0,5.7,18.013
KIC 4372765,kepler,eclipse,15.64064161,273309.0,6.4524,18.231
KIC 3124420,kepler,eclipse,0.948951607,458463.0,4.3809,18.241
TIC 298666530,tess,false_positive,0.5732797,192007.9598,0.5003469,18.3324
KIC 5738506,kepler,variable,9.50158045,443400.0,5.0701,18.347
KIC 2436378,kepler,eclipse,8.53161917,65744.0,2.9596,18.498
KIC 3247404,kepler,blend,8.8109721,24048.0,4.822,18.533
KIC 2558370,kepler,eclipse,0.546248198,114528.0,2.1081,18.55
KIC 10879213,kepler,eclipse,0.668483494,722770.0,2.4129,18.792
TIC 951438622,tess,transit,0.2359467,284760.9684006,0.5,18.8086
KIC 11825057,kepler,variable,0.532087933,510366.0,3.45028,18.852
KIC 5193384,kepler,eclipse,21.3779536,255244.0,24.872,19.065
KIC 11774383,kepler,eclipse,0.520227316,68633.0,1.7939,19.174
KIC 7174349,kepler,eclipse,2.974163938,90282.0,1.7423,19.294
KIC 5481426,kepler,eclipse,2.38404983,312732.0,3.2849,19.319
KIC 7960295,kepler,eclipse,2.10413487,321239.0,4.2269,19.485
KIC 8432034,kepler,eclipse,0.83620025,331275.0,3.7127,20.003
KIC 2438061,kepler,eclipse,2.442941283,37338.0,4.1847,
